record_id,status_type,num_reactions,num_comments,num_shares,num_likes,num_loves,num_wows,num_hahas,num_sads,num_angrys,published_at,publication_year,publication_month,publication_weekday,publication_weekday_number,publication_hour
0,video,529,512,262,432,92,3,1,1,0,2018-04-22 06:00:00,2018,4,Sunday,6,6.0
1,photo,150,0,0,150,0,0,0,0,0,2018-04-21 22:45:00,2018,4,Saturday,5,22.75
2,video,227,236,57,204,21,1,1,0,0,2018-04-21 06:17:00,2018,4,Saturday,5,6.283333333333333
3,photo,111,0,0,111,0,0,0,0,0,2018-04-21 02:29:00,2018,4,Saturday,5,2.4833333333333334
4,photo,213,0,0,204,9,0,0,0,0,2018-04-18 03:22:00,2018,4,Wednesday,2,3.3666666666666667
5,photo,217,6,0,211,5,1,0,0,0,2018-04-18 02:14:00,2018,4,Wednesday,2,2.2333333333333334
6,video,503,614,72,418,70,10,2,0,3,2018-04-18 00:24:00,2018,4,Wednesday,2,0.4
7,video,295,453,53,260,32,1,1,0,1,2018-04-17 07:42:00,2018,4,Tuesday,1,7.7
8,photo,203,1,0,198,5,0,0,0,0,2018-04-17 03:33:00,2018,4,Tuesday,1,3.55
9,photo,170,9,1,167,3,0,0,0,0,2018-04-11 04:53:00,2018,4,Wednesday,2,4.883333333333333
10,photo,210,2,3,202,7,1,0,0,0,2018-04-10 01:01:00,2018,4,Tuesday,1,1.0166666666666666
11,photo,222,4,0,213,5,4,0,0,0,2018-04-09 02:06:00,2018,4,Monday,0,2.1
12,photo,313,4,2,305,6,2,0,0,0,2018-04-08 05:10:00,2018,4,Sunday,6,5.166666666666667
13,photo,209,4,0,200,8,1,0,0,0,2018-04-08 02:23:00,2018,4,Sunday,6,2.3833333333333333
14,photo,346,11,0,335,10,1,0,0,0,2018-04-05 09:23:00,2018,4,Thursday,3,9.383333333333333
15,video,332,100,30,303,23,1,5,0,0,2018-04-01 05:16:00,2018,4,Sunday,6,5.266666666666667
16,video,135,256,79,117,18,0,0,0,0,2018-03-30 08:28:00,2018,3,Friday,4,8.466666666666667
17,video,150,173,47,132,16,1,0,1,0,2018-03-26 08:28:00,2018,3,Monday,0,8.466666666666667
18,video,221,166,36,192,28,0,1,0,0,2018-03-23 07:09:00,2018,3,Friday,4,7.15
19,photo,152,2,0,149,3,0,0,0,0,2018-03-22 01:25:00,2018,3,Thursday,3,1.4166666666666667
20,photo,234,15,1,221,12,1,0,0,0,2018-03-21 08:40:00,2018,3,Wednesday,2,8.666666666666666
21,photo,227,7,1,217,7,2,1,0,0,2018-03-21 07:46:00,2018,3,Wednesday,2,7.766666666666667
22,photo,98,0,0,96,0,2,0,0,0,2018-03-20 01:54:00,2018,3,Tuesday,1,1.9
23,video,18,0,0,18,0,0,0,0,0,2018-03-20 01:28:00,2018,3,Tuesday,1,1.4666666666666668
24,photo,102,0,0,100,0,2,0,0,0,2018-03-20 00:15:00,2018,3,Tuesday,1,0.25
25,video,37,0,1,37,0,0,0,0,0,2018-03-19 22:34:00,2018,3,Monday,0,22.566666666666666
26,video,75,36,14,70,5,0,0,0,0,2018-03-17 08:07:00,2018,3,Saturday,5,8.116666666666667
27,video,90,78,9,85,5,0,0,0,0,2018-03-17 07:47:00,2018,3,Saturday,5,7.783333333333333
28,photo,145,9,0,138,7,0,0,0,0,2018-03-12 05:51:00,2018,3,Monday,0,5.85
29,video,253,300,31,229,22,1,1,0,0,2018-03-09 07:45:00,2018,3,Friday,4,7.75
30,photo,85,0,0,81,2,2,0,0,0,2018-03-09 05:55:00,2018,3,Friday,4,5.916666666666667
31,video,45,14,0,40,5,0,0,0,0,2018-03-07 13:10:00,2018,3,Wednesday,2,13.166666666666666
32,photo,92,0,0,85,4,2,1,0,0,2018-03-07 06:13:00,2018,3,Wednesday,2,6.216666666666667
33,photo,125,1,0,116,8,1,0,0,0,2018-03-07 04:46:00,2018,3,Wednesday,2,4.766666666666667
34,photo,119,4,0,116,3,0,0,0,0,2018-03-05 08:32:00,2018,3,Monday,0,8.533333333333333
35,photo,293,8,0,281,11,1,0,0,0,2018-03-05 02:48:00,2018,3,Monday,0,2.8
36,video,128,137,26,110,16,2,0,0,0,2018-03-02 09:55:00,2018,3,Friday,4,9.916666666666666
37,photo,84,15,13,78,5,1,0,0,0,2018-02-28 08:19:00,2018,2,Wednesday,2,8.316666666666666
38,photo,66,11,6,61,4,1,0,0,0,2018-02-28 01:43:00,2018,2,Wednesday,2,1.7166666666666668
39,video,171,292,28,150,19,1,1,0,0,2018-02-26 08:50:00,2018,2,Monday,0,8.833333333333334
40,video,90,72,23,79,10,1,0,0,0,2018-02-25 10:13:00,2018,2,Sunday,6,10.216666666666667
41,video,139,39,9,121,16,1,1,0,0,2018-02-21 00:19:00,2018,2,Wednesday,2,0.31666666666666665
42,video,236,181,21,201,33,0,1,0,1,2018-02-19 00:11:00,2018,2,Monday,0,0.18333333333333332
43,video,225,210,34,193,30,0,2,0,0,2018-02-18 07:15:00,2018,2,Sunday,6,7.25
44,photo,275,12,0,260,11,4,0,0,0,2018-02-17 22:30:00,2018,2,Saturday,5,22.5
45,video,372,456,37,334,31,1,1,1,4,2018-02-17 04:15:00,2018,2,Saturday,5,4.25
46,photo,445,9,0,419,23,3,0,0,0,2018-02-15 03:47:00,2018,2,Thursday,3,3.783333333333333
47,video,128,60,11,114,13,0,0,0,1,2018-02-14 08:23:00,2018,2,Wednesday,2,8.383333333333333
48,video,186,235,46,163,19,0,3,0,1,2018-02-13 01:16:00,2018,2,Tuesday,1,1.2666666666666666
49,video,309,444,36,254,42,2,8,3,0,2018-02-12 03:28:00,2018,2,Monday,0,3.466666666666667
50,photo,77,11,3,75,2,0,0,0,0,2018-02-11 05:55:00,2018,2,Sunday,6,5.916666666666667
51,video,119,72,28,103,16,0,0,0,0,2018-02-10 07:54:00,2018,2,Saturday,5,7.9
52,photo,100,21,13,95,5,0,0,0,0,2018-02-09 01:48:00,2018,2,Friday,4,1.8
53,video,240,255,111,193,44,1,1,0,1,2018-02-08 09:14:00,2018,2,Thursday,3,9.233333333333333
54,video,164,136,48,146,15,2,0,1,0,2018-02-07 08:35:00,2018,2,Wednesday,2,8.583333333333334
55,video,202,327,42,171,30,1,0,0,0,2018-02-06 08:46:00,2018,2,Tuesday,1,8.766666666666667
56,video,211,284,46,186,25,0,0,0,0,2018-02-05 09:20:00,2018,2,Monday,0,9.333333333333334
57,video,148,114,16,136,10,0,2,0,0,2018-02-04 03:25:00,2018,2,Sunday,6,3.4166666666666665
58,video,97,81,16,84,13,0,0,0,0,2018-02-03 08:34:00,2018,2,Saturday,5,8.566666666666666
59,video,279,292,34,254,20,3,1,1,0,2018-02-02 09:24:00,2018,2,Friday,4,9.4
60,photo,263,8,0,245,14,4,0,0,0,2018-02-02 07:08:00,2018,2,Friday,4,7.133333333333334
61,video,177,193,34,151,25,1,0,0,0,2018-02-02 06:01:00,2018,2,Friday,4,6.016666666666667
62,photo,517,32,1,484,26,7,0,0,0,2018-01-28 07:50:00,2018,1,Sunday,6,7.833333333333333
63,video,289,258,33,256,33,0,0,0,0,2018-01-28 05:25:00,2018,1,Sunday,6,5.416666666666667
64,photo,66,13,0,65,1,0,0,0,0,2018-01-26 13:03:00,2018,1,Friday,4,13.05
65,photo,112,6,0,104,8,0,0,0,0,2018-01-26 13:02:00,2018,1,Friday,4,13.033333333333333
66,video,206,259,48,181,22,1,2,0,0,2018-01-26 08:47:00,2018,1,Friday,4,8.783333333333333
67,video,362,468,86,305,56,0,0,1,0,2018-01-25 08:40:00,2018,1,Thursday,3,8.666666666666666
68,video,184,130,51,161,23,0,0,0,0,2018-01-23 09:04:00,2018,1,Tuesday,1,9.066666666666666
69,video,216,251,34,199,16,0,0,0,1,2018-01-22 09:37:00,2018,1,Monday,0,9.616666666666667
70,video,57,0,0,56,1,0,0,0,0,2018-01-22 09:15:00,2018,1,Monday,0,9.25
71,video,272,258,43,226,44,1,1,0,0,2018-01-21 09:10:00,2018,1,Sunday,6,9.166666666666666
72,video,248,247,34,208,33,3,2,0,2,2018-01-20 23:10:00,2018,1,Saturday,5,23.166666666666668
73,video,132,89,40,110,20,1,0,0,1,2018-01-20 09:08:00,2018,1,Saturday,5,9.133333333333333
74,video,226,341,41,196,30,0,0,0,0,2018-01-19 09:16:00,2018,1,Friday,4,9.266666666666667
75,video,35,1,0,35,0,0,0,0,0,2018-01-19 09:06:00,2018,1,Friday,4,9.1
76,video,219,316,36,170,46,3,0,0,0,2018-01-18 08:54:00,2018,1,Thursday,3,8.9
77,video,94,1,1,94,0,0,0,0,0,2018-01-18 05:08:00,2018,1,Thursday,3,5.133333333333334
78,video,259,368,50,234,25,0,0,0,0,2018-01-17 09:29:00,2018,1,Wednesday,2,9.483333333333333
79,video,62,1,0,62,0,0,0,0,0,2018-01-16 22:36:00,2018,1,Tuesday,1,22.6
80,video,127,76,21,114,13,0,0,0,0,2018-01-16 22:13:00,2018,1,Tuesday,1,22.216666666666665
81,video,149,63,15,134,15,0,0,0,0,2018-01-16 00:53:00,2018,1,Tuesday,1,0.8833333333333333
82,video,134,171,41,116,18,0,0,0,0,2018-01-13 09:18:00,2018,1,Saturday,5,9.3
83,video,392,461,47,360,32,0,0,0,0,2018-01-11 09:05:00,2018,1,Thursday,3,9.083333333333334
84,video,310,540,41,284,26,0,0,0,0,2018-01-10 08:57:00,2018,1,Wednesday,2,8.95
85,photo,14,3,0,12,2,0,0,0,0,2018-01-02 23:05:00,2018,1,Tuesday,1,23.083333333333332
86,photo,293,6,1,275,15,3,0,0,0,2017-12-26 06:23:00,2017,12,Tuesday,1,6.383333333333334
87,photo,236,12,0,226,8,1,1,0,0,2017-12-24 10:28:00,2017,12,Sunday,6,10.466666666666667
88,photo,312,10,0,291,18,3,0,0,0,2017-12-21 08:14:00,2017,12,Thursday,3,8.233333333333333
89,photo,24,12,0,24,0,0,0,0,0,2017-12-10 23:28:00,2017,12,Sunday,6,23.466666666666665
90,link,16,9,0,15,1,0,0,0,0,2017-12-08 02:37:00,2017,12,Friday,4,2.6166666666666667
91,photo,33,12,0,32,1,0,0,0,0,2017-12-07 06:41:00,2017,12,Thursday,3,6.683333333333334
92,photo,675,10,0,645,29,1,0,0,0,2017-12-05 01:25:00,2017,12,Tuesday,1,1.4166666666666667
93,photo,737,18,0,697,31,9,0,0,0,2017-12-04 08:28:00,2017,12,Monday,0,8.466666666666667
94,photo,572,16,0,554,16,2,0,0,0,2017-12-03 01:40:00,2017,12,Sunday,6,1.6666666666666665
95,photo,23,7,0,20,3,0,0,0,0,2017-11-22 22:14:00,2017,11,Wednesday,2,22.233333333333334
96,photo,266,25,0,250,11,5,0,0,0,2017-11-21 01:37:00,2017,11,Tuesday,1,1.6166666666666667
97,video,378,512,30,348,27,2,0,0,1,2017-11-21 00:22:00,2017,11,Tuesday,1,0.36666666666666664
98,video,421,709,30,373,45,2,0,1,0,2017-11-18 22:32:00,2017,11,Saturday,5,22.533333333333335
99,video,1493,1979,753,1333,139,9,3,8,1,2017-11-18 01:23:00,2017,11,Saturday,5,1.3833333333333333
100,photo,76,17,0,76,0,0,0,0,0,2017-11-16 00:01:00,2017,11,Thursday,3,0.016666666666666666
101,photo,36,11,0,34,2,0,0,0,0,2017-11-09 00:32:00,2017,11,Thursday,3,0.5333333333333333
102,photo,19,8,0,18,0,0,1,0,0,2017-11-02 21:22:00,2017,11,Thursday,3,21.366666666666667
103,photo,27,10,0,27,0,0,0,0,0,2017-10-30 23:46:00,2017,10,Monday,0,23.766666666666666
104,photo,117,2,53,108,9,0,0,0,0,2017-10-26 12:02:00,2017,10,Thursday,3,12.033333333333333
105,photo,146,1,0,145,1,0,0,0,0,2017-10-26 11:53:00,2017,10,Thursday,3,11.883333333333333
106,photo,166,0,13,151,7,0,0,8,0,2017-10-25 22:45:00,2017,10,Wednesday,2,22.75
107,photo,190,0,31,171,0,0,0,19,0,2017-10-25 22:29:00,2017,10,Wednesday,2,22.483333333333334
108,photo,217,16,0,213,4,0,0,0,0,2017-10-24 03:55:00,2017,10,Tuesday,1,3.9166666666666665
109,photo,458,14,0,451,3,4,0,0,0,2017-10-24 01:20:00,2017,10,Tuesday,1,1.3333333333333333
110,photo,553,15,0,538,12,3,0,0,0,2017-10-23 03:52:00,2017,10,Monday,0,3.8666666666666667
111,photo,203,18,11,190,7,6,0,0,0,2017-10-23 03:23:00,2017,10,Monday,0,3.3833333333333333
112,photo,1005,25,1,979,16,9,1,0,0,2017-10-22 00:38:00,2017,10,Sunday,6,0.6333333333333333
113,video,202,145,23,182,19,0,0,0,1,2017-10-21 23:43:00,2017,10,Saturday,5,23.716666666666665
114,photo,428,14,0,419,4,5,0,0,0,2017-10-21 03:19:00,2017,10,Saturday,5,3.3166666666666664
115,photo,479,17,0,462,10,7,0,0,0,2017-10-20 06:37:00,2017,10,Friday,4,6.616666666666667
116,video,212,116,11,201,10,1,0,0,0,2017-10-20 03:19:00,2017,10,Friday,4,3.3166666666666664
117,video,225,157,17,211,14,0,0,0,0,2017-10-19 02:44:00,2017,10,Thursday,3,2.7333333333333334
118,video,171,46,5,156,12,2,1,0,0,2017-10-18 09:13:00,2017,10,Wednesday,2,9.216666666666667
119,video,247,120,16,232,14,1,0,0,0,2017-10-18 02:33:00,2017,10,Wednesday,2,2.55
120,video,269,453,39,242,26,1,0,0,0,2017-10-17 05:37:00,2017,10,Tuesday,1,5.616666666666667
121,video,258,486,32,235,23,0,0,0,0,2017-10-17 02:36:00,2017,10,Tuesday,1,2.6
122,photo,109,2,1,104,5,0,0,0,0,2017-10-17 01:47:00,2017,10,Tuesday,1,1.7833333333333332
123,photo,97,5,0,96,0,1,0,0,0,2017-10-16 22:47:00,2017,10,Monday,0,22.783333333333335
124,video,280,199,25,254,24,2,0,0,0,2017-10-16 06:37:00,2017,10,Monday,0,6.616666666666667
125,video,325,77,21,293,30,1,1,0,0,2017-10-16 05:25:00,2017,10,Monday,0,5.416666666666667
126,photo,51,11,0,51,0,0,0,0,0,2017-10-15 22:58:00,2017,10,Sunday,6,22.966666666666665
127,video,280,825,47,243,35,1,1,0,0,2017-10-15 02:27:00,2017,10,Sunday,6,2.45
128,video,688,0,0,632,34,0,0,22,0,2017-10-14 10:37:00,2017,10,Saturday,5,10.616666666666667
129,video,365,805,46,320,39,1,3,0,2,2017-10-14 03:35:00,2017,10,Saturday,5,3.5833333333333335
130,photo,295,5,0,295,0,0,0,0,0,2017-10-12 21:43:00,2017,10,Thursday,3,21.716666666666665
131,photo,27,14,0,26,1,0,0,0,0,2017-10-11 22:21:00,2017,10,Wednesday,2,22.35
132,photo,15,11,0,15,0,0,0,0,0,2017-10-06 08:04:00,2017,10,Friday,4,8.066666666666666
133,photo,16,12,0,16,0,0,0,0,0,2017-10-04 23:19:00,2017,10,Wednesday,2,23.316666666666666
134,photo,29,12,0,29,0,0,0,0,0,2017-10-01 03:31:00,2017,10,Sunday,6,3.5166666666666666
135,video,28,6,0,28,0,0,0,0,0,2017-10-01 01:05:00,2017,10,Sunday,6,1.0833333333333333
136,photo,8,8,0,8,0,0,0,0,0,2017-09-28 23:21:00,2017,9,Thursday,3,23.35
137,photo,10,9,0,10,0,0,0,0,0,2017-09-28 00:12:00,2017,9,Thursday,3,0.2
138,photo,39,8,0,39,0,0,0,0,0,2017-09-26 22:39:00,2017,9,Tuesday,1,22.65
139,photo,49,11,0,47,2,0,0,0,0,2017-09-25 22:52:00,2017,9,Monday,0,22.866666666666667
140,video,226,449,37,189,25,1,1,10,0,2017-09-24 01:58:00,2017,9,Sunday,6,1.9666666666666668
141,video,104,49,13,91,12,0,0,1,0,2017-09-24 01:52:00,2017,9,Sunday,6,1.8666666666666667
142,photo,251,17,0,244,7,0,0,0,0,2017-09-23 03:56:00,2017,9,Saturday,5,3.9333333333333336
143,video,244,589,48,213,29,1,1,0,0,2017-09-23 00:09:00,2017,9,Saturday,5,0.15
144,video,252,558,41,204,45,1,1,0,1,2017-09-22 08:48:00,2017,9,Friday,4,8.8
145,video,121,15,4,114,4,2,1,0,0,2017-09-21 08:22:00,2017,9,Thursday,3,8.366666666666667
146,photo,321,5,0,307,11,2,1,0,0,2017-09-21 01:50:00,2017,9,Thursday,3,1.8333333333333335
147,photo,103,8,3,99,4,0,0,0,0,2017-09-21 00:26:00,2017,9,Thursday,3,0.43333333333333335
148,video,136,31,16,122,14,0,0,0,0,2017-09-20 23:43:00,2017,9,Wednesday,2,23.716666666666665
149,video,337,247,27,300,35,1,1,0,0,2017-09-20 21:25:00,2017,9,Wednesday,2,21.416666666666668
150,photo,648,13,0,627,18,3,0,0,0,2017-09-20 09:47:00,2017,9,Wednesday,2,9.783333333333333
151,video,175,157,14,157,18,0,0,0,0,2017-09-20 00:19:00,2017,9,Wednesday,2,0.31666666666666665
152,video,339,424,36,296,38,1,4,0,0,2017-09-19 07:39:00,2017,9,Tuesday,1,7.65
153,photo,341,3,0,331,8,2,0,0,0,2017-09-19 06:44:00,2017,9,Tuesday,1,6.733333333333333
154,video,177,131,27,150,27,0,0,0,0,2017-09-19 00:40:00,2017,9,Tuesday,1,0.6666666666666666
155,photo,201,0,0,195,4,2,0,0,0,2017-09-13 03:48:00,2017,9,Wednesday,2,3.8
156,photo,43,7,0,41,2,0,0,0,0,2017-09-12 22:34:00,2017,9,Tuesday,1,22.566666666666666
157,photo,40,7,0,39,1,0,0,0,0,2017-09-11 06:14:00,2017,9,Monday,0,6.233333333333333
158,photo,58,14,0,57,1,0,0,0,0,2017-09-07 22:52:00,2017,9,Thursday,3,22.866666666666667
159,video,403,525,42,363,36,1,3,0,0,2017-09-07 04:21:00,2017,9,Thursday,3,4.35
160,photo,148,4,3,144,4,0,0,0,0,2017-09-07 02:02:00,2017,9,Thursday,3,2.033333333333333
161,photo,150,24,2,144,6,0,0,0,0,2017-09-06 23:14:00,2017,9,Wednesday,2,23.233333333333334
162,photo,53,12,0,53,0,0,0,0,0,2017-09-06 07:33:00,2017,9,Wednesday,2,7.55
163,status,144,15,8,140,4,0,0,0,0,2017-09-06 06:22:00,2017,9,Wednesday,2,6.366666666666666
164,video,298,491,46,262,34,2,0,0,0,2017-09-06 03:48:00,2017,9,Wednesday,2,3.8
165,photo,171,4,1,166,5,0,0,0,0,2017-09-06 02:02:00,2017,9,Wednesday,2,2.033333333333333
166,photo,4410,633,257,4315,73,17,5,0,0,2017-09-03 05:39:00,2017,9,Sunday,6,5.65
167,video,374,588,46,327,47,0,0,0,0,2017-08-31 08:50:00,2017,8,Thursday,3,8.833333333333334
168,photo,181,20,0,180,1,0,0,0,0,2017-08-30 08:38:00,2017,8,Wednesday,2,8.633333333333333
169,photo,267,20,1,249,8,10,0,0,0,2017-08-27 09:46:00,2017,8,Sunday,6,9.766666666666667
170,photo,60,7,0,59,1,0,0,0,0,2017-08-27 04:54:00,2017,8,Sunday,6,4.9
171,photo,98,23,5,95,2,1,0,0,0,2017-08-25 07:36:00,2017,8,Friday,4,7.6
172,video,26,7,0,26,0,0,0,0,0,2017-08-25 02:29:00,2017,8,Friday,4,2.4833333333333334
173,photo,255,18,0,244,11,0,0,0,0,2017-08-24 02:18:00,2017,8,Thursday,3,2.3
174,photo,174,6,1,167,5,2,0,0,0,2017-08-23 06:15:00,2017,8,Wednesday,2,6.25
175,photo,64,5,1,59,5,0,0,0,0,2017-08-22 10:59:00,2017,8,Tuesday,1,10.983333333333333
176,photo,62,3,0,58,4,0,0,0,0,2017-08-22 10:32:00,2017,8,Tuesday,1,10.533333333333333
177,video,192,417,40,168,22,1,1,0,0,2017-08-22 01:40:00,2017,8,Tuesday,1,1.6666666666666665
178,photo,110,18,6,110,0,0,0,0,0,2017-08-22 00:09:00,2017,8,Tuesday,1,0.15
179,photo,119,12,7,117,2,0,0,0,0,2017-08-22 00:08:00,2017,8,Tuesday,1,0.13333333333333333
180,photo,42,11,0,41,0,1,0,0,0,2017-08-20 04:41:00,2017,8,Sunday,6,4.683333333333334
181,video,234,355,34,178,52,2,0,1,1,2017-08-19 23:14:00,2017,8,Saturday,5,23.233333333333334
182,photo,54,10,0,53,1,0,0,0,0,2017-08-18 11:35:00,2017,8,Friday,4,11.583333333333334
183,photo,82,8,0,80,1,0,0,1,0,2017-08-18 11:33:00,2017,8,Friday,4,11.55
184,photo,18,8,0,18,0,0,0,0,0,2017-08-18 08:36:00,2017,8,Friday,4,8.6
185,photo,147,17,7,141,5,1,0,0,0,2017-08-15 09:58:00,2017,8,Tuesday,1,9.966666666666667
186,photo,80,8,0,79,1,0,0,0,0,2017-08-15 09:31:00,2017,8,Tuesday,1,9.516666666666667
187,video,299,564,42,262,34,1,1,0,1,2017-08-14 07:41:00,2017,8,Monday,0,7.683333333333334
188,photo,629,11,1,607,18,4,0,0,0,2017-08-12 02:40:00,2017,8,Saturday,5,2.6666666666666665
189,photo,69,2,0,67,2,0,0,0,0,2017-08-11 20:41:00,2017,8,Friday,4,20.683333333333334
190,video,219,110,17,190,26,1,2,0,0,2017-08-11 00:27:00,2017,8,Friday,4,0.45
191,photo,30,2,0,27,3,0,0,0,0,2017-08-10 23:39:00,2017,8,Thursday,3,23.65
192,photo,65,1,0,62,2,1,0,0,0,2017-08-10 09:17:00,2017,8,Thursday,3,9.283333333333333
193,photo,161,7,0,153,8,0,0,0,0,2017-08-10 03:03:00,2017,8,Thursday,3,3.05
194,video,398,605,30,348,44,3,3,0,0,2017-08-10 01:24:00,2017,8,Thursday,3,1.4
195,photo,47,7,0,47,0,0,0,0,0,2017-08-09 05:14:00,2017,8,Wednesday,2,5.233333333333333
196,photo,182,3,4,177,5,0,0,0,0,2017-08-09 01:45:00,2017,8,Wednesday,2,1.75
197,video,317,158,32,269,47,1,0,0,0,2017-08-08 22:24:00,2017,8,Tuesday,1,22.4
198,video,571,888,107,459,107,1,1,1,2,2017-08-08 05:13:00,2017,8,Tuesday,1,5.216666666666667
199,photo,16,10,0,15,1,0,0,0,0,2017-08-07 09:18:00,2017,8,Monday,0,9.3
200,photo,30,9,0,30,0,0,0,0,0,2017-08-06 01:08:00,2017,8,Sunday,6,1.1333333333333333
201,photo,57,7,0,57,0,0,0,0,0,2017-08-06 00:36:00,2017,8,Sunday,6,0.6
202,photo,74,6,3,74,0,0,0,0,0,2017-08-05 01:44:00,2017,8,Saturday,5,1.7333333333333334
203,video,368,911,50,317,50,1,0,0,0,2017-08-03 04:50:00,2017,8,Thursday,3,4.833333333333333
204,photo,19,3,0,19,0,0,0,0,0,2017-08-03 04:31:00,2017,8,Thursday,3,4.516666666666667
205,photo,176,3,0,175,0,1,0,0,0,2017-08-02 22:18:00,2017,8,Wednesday,2,22.3
206,photo,133,7,0,133,0,0,0,0,0,2017-08-02 06:02:00,2017,8,Wednesday,2,6.033333333333333
207,photo,162,6,2,158,3,1,0,0,0,2017-08-02 02:54:00,2017,8,Wednesday,2,2.9
208,video,734,996,73,601,116,11,6,0,0,2017-08-01 23:33:00,2017,8,Tuesday,1,23.55
209,status,42,16,9,41,1,0,0,0,0,2017-08-01 00:57:00,2017,8,Tuesday,1,0.95
210,status,33,6,3,31,2,0,0,0,0,2017-07-31 09:50:00,2017,7,Monday,0,9.833333333333334
211,video,29,6,1,29,0,0,0,0,0,2017-07-28 01:10:00,2017,7,Friday,4,1.1666666666666667
212,photo,43,6,0,42,1,0,0,0,0,2017-07-27 22:48:00,2017,7,Thursday,3,22.8
213,photo,14,6,0,13,1,0,0,0,0,2017-07-27 08:08:00,2017,7,Thursday,3,8.133333333333333
214,video,475,574,48,406,63,4,2,0,0,2017-07-26 09:01:00,2017,7,Wednesday,2,9.016666666666667
215,photo,50,8,2,49,1,0,0,0,0,2017-07-25 23:18:00,2017,7,Tuesday,1,23.3
216,photo,94,23,6,94,0,0,0,0,0,2017-07-25 22:46:00,2017,7,Tuesday,1,22.766666666666666
217,video,303,34,3,291,11,1,0,0,0,2017-07-22 08:50:00,2017,7,Saturday,5,8.833333333333334
218,photo,168,7,1,167,1,0,0,0,0,2017-07-22 07:08:00,2017,7,Saturday,5,7.133333333333334
219,photo,248,14,0,241,7,0,0,0,0,2017-07-21 23:32:00,2017,7,Friday,4,23.533333333333335
220,photo,422,6,0,410,8,3,1,0,0,2017-07-21 08:52:00,2017,7,Friday,4,8.866666666666667
221,photo,189,3,0,184,2,0,3,0,0,2017-07-21 04:20:00,2017,7,Friday,4,4.333333333333333
222,photo,390,17,2,382,5,3,0,0,0,2017-07-21 02:59:00,2017,7,Friday,4,2.9833333333333334
223,photo,618,28,0,597,14,7,0,0,0,2017-07-20 23:30:00,2017,7,Thursday,3,23.5
224,photo,191,2,2,188,2,1,0,0,0,2017-07-20 08:59:00,2017,7,Thursday,3,8.983333333333333
225,video,321,1381,67,275,44,1,1,0,0,2017-07-18 07:53:00,2017,7,Tuesday,1,7.883333333333333
226,photo,364,7,2,347,15,2,0,0,0,2017-07-16 02:18:00,2017,7,Sunday,6,2.3
227,photo,51,10,0,51,0,0,0,0,0,2017-07-13 00:11:00,2017,7,Thursday,3,0.18333333333333332
228,video,282,524,38,247,34,0,1,0,0,2017-07-12 07:59:00,2017,7,Wednesday,2,7.983333333333333
229,photo,369,14,1,362,7,0,0,0,0,2017-07-09 07:26:00,2017,7,Sunday,6,7.433333333333334
230,photo,138,16,6,133,4,1,0,0,0,2017-07-08 08:41:00,2017,7,Saturday,5,8.683333333333334
231,photo,96,9,1,93,1,2,0,0,0,2017-07-05 09:15:00,2017,7,Wednesday,2,9.25
232,photo,186,11,0,184,1,1,0,0,0,2017-07-04 05:55:00,2017,7,Tuesday,1,5.916666666666667
233,photo,487,15,0,461,14,12,0,0,0,2017-07-04 01:30:00,2017,7,Tuesday,1,1.5
234,video,282,19,4,257,20,3,2,0,0,2017-07-03 23:23:00,2017,7,Monday,0,23.383333333333333
235,photo,383,8,1,367,13,3,0,0,0,2017-06-26 04:06:00,2017,6,Monday,0,4.1
236,photo,216,0,1,211,5,0,0,0,0,2017-06-25 11:49:00,2017,6,Sunday,6,11.816666666666666
237,photo,48,0,0,45,2,1,0,0,0,2017-06-25 09:47:00,2017,6,Sunday,6,9.783333333333333
238,video,885,462,26,659,220,0,2,0,0,2017-06-25 07:42:00,2017,6,Sunday,6,7.7
239,photo,185,11,1,175,10,0,0,0,0,2017-06-25 07:02:00,2017,6,Sunday,6,7.033333333333333
240,photo,259,1,1,251,7,0,1,0,0,2017-06-25 04:58:00,2017,6,Sunday,6,4.966666666666667
241,photo,299,9,0,291,8,0,0,0,0,2017-06-25 02:48:00,2017,6,Sunday,6,2.8
242,photo,199,9,1,186,13,0,0,0,0,2017-06-24 23:41:00,2017,6,Saturday,5,23.683333333333334
243,photo,717,40,1,680,30,7,0,0,0,2017-06-24 04:34:00,2017,6,Saturday,5,4.566666666666666
244,photo,155,2,0,150,5,0,0,0,0,2017-06-22 06:34:00,2017,6,Thursday,3,6.566666666666666
245,photo,293,8,0,282,11,0,0,0,0,2017-06-21 04:15:00,2017,6,Wednesday,2,4.25
246,photo,243,6,0,237,5,1,0,0,0,2017-06-18 11:48:00,2017,6,Sunday,6,11.8
247,photo,264,2,0,256,2,5,0,0,0,2017-06-13 23:17:00,2017,6,Tuesday,1,23.283333333333335
248,photo,313,3,0,297,7,6,0,0,0,2017-06-13 01:31:00,2017,6,Tuesday,1,1.5166666666666666
249,photo,208,1,0,201,7,0,0,0,0,2017-06-12 09:38:00,2017,6,Monday,0,9.633333333333333
250,photo,216,0,0,209,6,1,0,0,0,2017-06-12 09:33:00,2017,6,Monday,0,9.55
251,photo,247,6,0,234,9,1,0,0,0,2017-06-12 05:08:00,2017,6,Monday,0,5.133333333333334
252,photo,152,1,0,146,5,1,0,0,0,2017-06-12 01:38:00,2017,6,Monday,0,1.6333333333333333
253,photo,387,3,0,368,16,1,0,0,0,2017-06-11 07:04:00,2017,6,Sunday,6,7.066666666666666
254,photo,178,9,0,170,6,0,0,0,0,2017-06-10 08:19:00,2017,6,Saturday,5,8.316666666666666
255,photo,218,4,0,212,5,1,0,0,0,2017-06-10 06:00:00,2017,6,Saturday,5,6.0
256,photo,270,3,0,256,10,3,0,0,0,2017-06-10 01:08:00,2017,6,Saturday,5,1.1333333333333333
257,photo,351,4,1,344,6,0,0,0,0,2017-06-08 09:26:00,2017,6,Thursday,3,9.433333333333334
258,photo,232,0,2,224,8,0,0,0,0,2017-06-08 05:29:00,2017,6,Thursday,3,5.483333333333333
259,photo,252,3,0,244,4,4,0,0,0,2017-06-08 05:22:00,2017,6,Thursday,3,5.366666666666666
260,photo,122,0,0,114,8,0,0,0,0,2017-06-08 03:27:00,2017,6,Thursday,3,3.45
261,photo,209,4,0,199,9,1,0,0,0,2017-06-07 07:28:00,2017,6,Wednesday,2,7.466666666666667
262,photo,305,5,1,295,10,0,0,0,0,2017-06-07 02:36:00,2017,6,Wednesday,2,2.6
263,photo,71,10,2,70,1,0,0,0,0,2017-06-05 06:43:00,2017,6,Monday,0,6.716666666666667
264,photo,290,12,0,275,13,1,1,0,0,2017-05-30 01:21:00,2017,5,Tuesday,1,1.35
265,photo,67,6,3,66,0,1,0,0,0,2017-05-21 23:05:00,2017,5,Sunday,6,23.083333333333332
266,photo,783,11,0,752,30,1,0,0,0,2017-05-21 05:53:00,2017,5,Sunday,6,5.883333333333333
267,photo,77,2,0,76,1,0,0,0,0,2017-05-14 03:14:00,2017,5,Sunday,6,3.2333333333333334
268,video,22,0,0,22,0,0,0,0,0,2017-05-13 03:21:00,2017,5,Saturday,5,3.35
269,photo,103,0,0,100,2,1,0,0,0,2017-05-12 04:17:00,2017,5,Friday,4,4.283333333333333
270,video,32,0,2,32,0,0,0,0,0,2017-05-11 03:55:00,2017,5,Thursday,3,3.9166666666666665
271,photo,239,5,2,229,8,0,0,2,0,2017-05-10 22:46:00,2017,5,Wednesday,2,22.766666666666666
272,photo,111,6,0,110,1,0,0,0,0,2017-05-10 02:48:00,2017,5,Wednesday,2,2.8
273,video,51,0,1,51,0,0,0,0,0,2017-05-08 09:57:00,2017,5,Monday,0,9.95
274,video,34,4,0,34,0,0,0,0,0,2017-05-08 09:42:00,2017,5,Monday,0,9.7
275,link,15,0,0,15,0,0,0,0,0,2017-05-05 23:27:00,2017,5,Friday,4,23.45
276,video,75,0,5,75,0,0,0,0,0,2017-05-05 05:12:00,2017,5,Friday,4,5.2
277,photo,177,2,0,173,2,2,0,0,0,2017-05-04 08:07:00,2017,5,Thursday,3,8.116666666666667
278,photo,520,8,0,505,13,2,0,0,0,2017-05-04 00:29:00,2017,5,Thursday,3,0.48333333333333334
279,photo,134,2,0,132,2,0,0,0,0,2017-05-02 10:11:00,2017,5,Tuesday,1,10.183333333333334
280,photo,228,1,1,220,7,1,0,0,0,2017-05-02 08:50:00,2017,5,Tuesday,1,8.833333333333334
281,video,498,254,17,408,77,5,6,1,1,2017-05-01 00:35:00,2017,5,Monday,0,0.5833333333333334
282,photo,166,5,2,159,7,0,0,0,0,2017-04-29 00:40:00,2017,4,Saturday,5,0.6666666666666666
283,video,272,265,20,228,44,0,0,0,0,2017-04-27 03:14:00,2017,4,Thursday,3,3.2333333333333334
284,photo,127,7,1,125,2,0,0,0,0,2017-04-27 02:23:00,2017,4,Thursday,3,2.3833333333333333
285,photo,30,0,0,29,0,1,0,0,0,2017-04-26 08:35:00,2017,4,Wednesday,2,8.583333333333334
286,link,33,1,1,33,0,0,0,0,0,2017-04-26 00:11:00,2017,4,Wednesday,2,0.18333333333333332
287,photo,252,5,0,239,9,4,0,0,0,2017-04-22 01:20:00,2017,4,Saturday,5,1.3333333333333333
288,photo,287,0,0,286,0,1,0,0,0,2017-04-21 09:05:00,2017,4,Friday,4,9.083333333333334
289,photo,264,8,3,257,5,2,0,0,0,2017-04-20 07:34:00,2017,4,Thursday,3,7.566666666666666
290,photo,152,5,1,148,3,1,0,0,0,2017-04-20 06:12:00,2017,4,Thursday,3,6.2
291,photo,61,5,0,57,3,1,0,0,0,2017-04-20 06:03:00,2017,4,Thursday,3,6.05
292,video,172,7,7,163,6,2,1,0,0,2017-04-20 05:58:00,2017,4,Thursday,3,5.966666666666667
293,video,616,523,21,459,125,21,8,0,1,2017-04-20 02:36:00,2017,4,Thursday,3,2.6
294,photo,188,0,0,184,4,0,0,0,0,2017-04-19 09:17:00,2017,4,Wednesday,2,9.283333333333333
295,video,593,309,23,484,99,1,4,4,1,2017-04-19 08:02:00,2017,4,Wednesday,2,8.033333333333333
296,photo,189,2,0,182,5,2,0,0,0,2017-04-18 01:33:00,2017,4,Tuesday,1,1.55
297,photo,178,5,0,175,3,0,0,0,0,2017-04-17 01:41:00,2017,4,Monday,0,1.6833333333333333
298,photo,318,7,0,313,4,1,0,0,0,2017-04-14 09:19:00,2017,4,Friday,4,9.316666666666666
299,photo,362,9,0,352,7,3,0,0,0,2017-04-12 22:27:00,2017,4,Wednesday,2,22.45
300,photo,48,6,0,48,0,0,0,0,0,2017-04-12 00:17:00,2017,4,Wednesday,2,0.2833333333333333
301,photo,248,1,0,244,3,1,0,0,0,2017-04-12 00:15:00,2017,4,Wednesday,2,0.25
302,photo,520,2,0,509,11,0,0,0,0,2017-04-11 05:11:00,2017,4,Tuesday,1,5.183333333333334
303,photo,97,8,2,94,3,0,0,0,0,2017-04-11 01:51:00,2017,4,Tuesday,1,1.85
304,photo,400,16,0,392,6,2,0,0,0,2017-04-09 03:51:00,2017,4,Sunday,6,3.85
305,photo,218,0,0,212,6,0,0,0,0,2017-04-08 11:38:00,2017,4,Saturday,5,11.633333333333333
306,photo,77,13,4,77,0,0,0,0,0,2017-04-08 09:51:00,2017,4,Saturday,5,9.85
307,photo,204,4,0,198,3,3,0,0,0,2017-04-08 01:09:00,2017,4,Saturday,5,1.15
308,photo,405,6,0,399,6,0,0,0,0,2017-04-07 00:08:00,2017,4,Friday,4,0.13333333333333333
309,photo,210,0,0,204,6,0,0,0,0,2017-04-06 08:24:00,2017,4,Thursday,3,8.4
310,photo,214,1,0,208,5,1,0,0,0,2017-04-05 22:52:00,2017,4,Wednesday,2,22.866666666666667
311,photo,374,4,0,360,7,7,0,0,0,2017-04-05 06:51:00,2017,4,Wednesday,2,6.85
312,photo,457,3,0,444,10,3,0,0,0,2017-04-05 06:44:00,2017,4,Wednesday,2,6.733333333333333
313,photo,215,0,0,205,8,2,0,0,0,2017-04-05 06:01:00,2017,4,Wednesday,2,6.016666666666667
314,video,7,5,0,7,0,0,0,0,0,2017-04-04 20:19:00,2017,4,Tuesday,1,20.316666666666666
315,photo,38,6,3,38,0,0,0,0,0,2017-04-03 09:06:00,2017,4,Monday,0,9.1
316,photo,168,1,0,168,0,0,0,0,0,2017-04-01 09:13:00,2017,4,Saturday,5,9.216666666666667
317,photo,277,0,0,274,2,1,0,0,0,2017-04-01 08:34:00,2017,4,Saturday,5,8.566666666666666
318,photo,196,1,0,190,6,0,0,0,0,2017-03-31 10:29:00,2017,3,Friday,4,10.483333333333333
319,photo,100,3,0,99,1,0,0,0,0,2017-03-31 04:04:00,2017,3,Friday,4,4.066666666666666
320,photo,85,4,0,79,4,2,0,0,0,2017-03-30 10:11:00,2017,3,Thursday,3,10.183333333333334
321,photo,34,10,6,34,0,0,0,0,0,2017-03-29 09:13:00,2017,3,Wednesday,2,9.216666666666667
322,photo,41,9,0,39,1,1,0,0,0,2017-03-27 07:30:00,2017,3,Monday,0,7.5
323,photo,23,5,1,22,1,0,0,0,0,2017-03-27 07:28:00,2017,3,Monday,0,7.466666666666667
324,video,217,24,5,206,10,1,0,0,0,2017-03-26 00:47:00,2017,3,Sunday,6,0.7833333333333333
325,photo,161,9,2,158,3,0,0,0,0,2017-03-25 01:22:00,2017,3,Saturday,5,1.3666666666666667
326,photo,279,0,0,276,3,0,0,0,0,2017-03-24 23:03:00,2017,3,Friday,4,23.05
327,photo,97,9,3,95,2,0,0,0,0,2017-03-23 08:13:00,2017,3,Thursday,3,8.216666666666667
328,photo,489,3,0,480,6,3,0,0,0,2017-03-22 21:06:00,2017,3,Wednesday,2,21.1
329,photo,245,4,0,242,3,0,0,0,0,2017-03-22 04:00:00,2017,3,Wednesday,2,4.0
330,photo,270,5,0,268,2,0,0,0,0,2017-03-21 08:48:00,2017,3,Tuesday,1,8.8
331,photo,166,11,1,165,1,0,0,0,0,2017-03-21 05:14:00,2017,3,Tuesday,1,5.233333333333333
332,video,121,18,3,110,11,0,0,0,0,2017-03-21 01:20:00,2017,3,Tuesday,1,1.3333333333333333
333,photo,33,9,1,33,0,0,0,0,0,2017-03-21 00:24:00,2017,3,Tuesday,1,0.4
334,photo,72,1,0,72,0,0,0,0,0,2017-03-21 00:23:00,2017,3,Tuesday,1,0.38333333333333336
335,photo,174,0,0,173,1,0,0,0,0,2017-03-21 00:13:00,2017,3,Tuesday,1,0.21666666666666667
336,photo,192,0,0,186,3,3,0,0,0,2017-03-20 23:19:00,2017,3,Monday,0,23.316666666666666
337,video,286,61,5,250,30,5,1,0,0,2017-03-20 22:50:00,2017,3,Monday,0,22.833333333333332
338,photo,231,0,0,230,0,1,0,0,0,2017-03-20 21:46:00,2017,3,Monday,0,21.766666666666666
339,photo,138,1,0,135,2,1,0,0,0,2017-03-20 21:46:00,2017,3,Monday,0,21.766666666666666
340,photo,104,6,1,102,2,0,0,0,0,2017-03-20 04:56:00,2017,3,Monday,0,4.933333333333334
341,photo,91,10,4,90,0,1,0,0,0,2017-03-20 04:43:00,2017,3,Monday,0,4.716666666666667
342,photo,682,22,0,657,12,13,0,0,0,2017-03-19 21:39:00,2017,3,Sunday,6,21.65
343,video,1379,769,69,1131,234,4,4,2,4,2017-03-18 09:09:00,2017,3,Saturday,5,9.15
344,photo,629,16,1,610,16,2,1,0,0,2017-03-18 05:10:00,2017,3,Saturday,5,5.166666666666667
345,video,58,4,3,58,0,0,0,0,0,2017-03-15 05:51:00,2017,3,Wednesday,2,5.85
346,photo,272,9,0,268,2,2,0,0,0,2017-03-14 09:10:00,2017,3,Tuesday,1,9.166666666666666
347,photo,213,2,2,207,6,0,0,0,0,2017-03-14 00:42:00,2017,3,Tuesday,1,0.7
348,photo,225,2,0,220,5,0,0,0,0,2017-03-13 00:46:00,2017,3,Monday,0,0.7666666666666667
349,photo,463,48,2,450,8,4,1,0,0,2017-03-12 23:45:00,2017,3,Sunday,6,23.75
350,photo,285,7,0,276,8,1,0,0,0,2017-03-12 02:52:00,2017,3,Sunday,6,2.8666666666666667
351,photo,526,18,0,512,12,2,0,0,0,2017-03-12 01:41:00,2017,3,Sunday,6,1.6833333333333333
352,photo,418,4,0,406,9,3,0,0,0,2017-03-11 23:26:00,2017,3,Saturday,5,23.433333333333334
353,photo,515,10,0,505,9,0,1,0,0,2017-03-11 08:04:00,2017,3,Saturday,5,8.066666666666666
354,photo,377,5,0,365,10,2,0,0,0,2017-03-11 08:02:00,2017,3,Saturday,5,8.033333333333333
355,photo,1186,37,1,1161,19,6,0,0,0,2017-03-11 03:13:00,2017,3,Saturday,5,3.216666666666667
356,video,591,560,49,498,84,3,4,1,1,2017-03-09 22:56:00,2017,3,Thursday,3,22.933333333333334
357,photo,424,8,1,411,13,0,0,0,0,2017-03-05 10:03:00,2017,3,Sunday,6,10.05
358,photo,119,16,0,105,0,0,0,8,6,2017-03-04 12:13:00,2017,3,Saturday,5,12.216666666666667
359,photo,67,9,0,66,1,0,0,0,0,2017-03-04 09:33:00,2017,3,Saturday,5,9.55
360,photo,439,10,3,424,15,0,0,0,0,2017-03-04 09:22:00,2017,3,Saturday,5,9.366666666666667
361,status,1043,117,24,984,58,1,0,0,0,2017-03-04 09:22:00,2017,3,Saturday,5,9.366666666666667
362,photo,690,10,0,667,21,2,0,0,0,2017-03-04 09:17:00,2017,3,Saturday,5,9.283333333333333
363,status,84,7,1,84,0,0,0,0,0,2017-03-02 00:52:00,2017,3,Thursday,3,0.8666666666666667
364,photo,491,16,0,478,11,2,0,0,0,2017-03-01 01:27:00,2017,3,Wednesday,2,1.45
365,photo,63,1,0,61,0,2,0,0,0,2017-02-28 02:45:00,2017,2,Tuesday,1,2.75
366,link,46,3,1,46,0,0,0,0,0,2017-02-27 10:53:00,2017,2,Monday,0,10.883333333333333
367,photo,320,17,0,309,9,1,1,0,0,2017-02-24 09:12:00,2017,2,Friday,4,9.2
368,video,51,8,6,51,0,0,0,0,0,2017-02-22 02:51:00,2017,2,Wednesday,2,2.85
369,photo,85,9,2,83,2,0,0,0,0,2017-02-20 01:13:00,2017,2,Monday,0,1.2166666666666668
370,photo,99,13,0,98,1,0,0,0,0,2017-02-20 01:02:00,2017,2,Monday,0,1.0333333333333334
371,photo,213,13,1,212,1,0,0,0,0,2017-02-17 22:28:00,2017,2,Friday,4,22.466666666666665
372,photo,156,12,0,154,2,0,0,0,0,2017-02-16 05:37:00,2017,2,Thursday,3,5.616666666666667
373,video,204,128,4,184,17,0,2,1,0,2017-02-15 09:11:00,2017,2,Wednesday,2,9.183333333333334
374,photo,246,8,0,241,3,2,0,0,0,2017-02-15 03:08:00,2017,2,Wednesday,2,3.1333333333333333
375,photo,225,2,0,219,6,0,0,0,0,2017-02-14 07:41:00,2017,2,Tuesday,1,7.683333333333334
376,video,256,427,30,191,62,1,2,0,0,2017-02-14 04:01:00,2017,2,Tuesday,1,4.016666666666667
377,photo,146,1,0,142,2,2,0,0,0,2017-02-14 00:17:00,2017,2,Tuesday,1,0.2833333333333333
378,photo,212,0,1,206,5,0,1,0,0,2017-02-13 01:54:00,2017,2,Monday,0,1.9
379,photo,229,3,0,225,4,0,0,0,0,2017-02-12 01:05:00,2017,2,Sunday,6,1.0833333333333333
380,photo,66,2,0,64,1,1,0,0,0,2017-02-11 04:26:00,2017,2,Saturday,5,4.433333333333334
381,photo,158,0,0,157,1,0,0,0,0,2017-02-11 04:22:00,2017,2,Saturday,5,4.366666666666666
382,photo,301,7,0,288,6,6,0,1,0,2017-02-10 23:58:00,2017,2,Friday,4,23.966666666666665
383,video,88,1,0,87,1,0,0,0,0,2017-02-10 22:58:00,2017,2,Friday,4,22.966666666666665
384,video,148,54,2,126,18,4,0,0,0,2017-02-10 22:43:00,2017,2,Friday,4,22.716666666666665
385,photo,398,11,0,390,4,4,0,0,0,2017-02-09 23:35:00,2017,2,Thursday,3,23.583333333333332
386,photo,89,4,0,86,3,0,0,0,0,2017-02-09 03:00:00,2017,2,Thursday,3,3.0
387,photo,151,0,0,146,3,2,0,0,0,2017-02-09 03:00:00,2017,2,Thursday,3,3.0
388,photo,155,5,0,152,2,0,1,0,0,2017-02-08 21:30:00,2017,2,Wednesday,2,21.5
389,video,109,13,0,104,5,0,0,0,0,2017-02-08 07:20:00,2017,2,Wednesday,2,7.333333333333333
390,video,117,16,0,104,11,2,0,0,0,2017-02-07 23:56:00,2017,2,Tuesday,1,23.933333333333334
391,video,112,7,0,101,11,0,0,0,0,2017-02-07 23:54:00,2017,2,Tuesday,1,23.9
392,photo,132,3,0,123,5,4,0,0,0,2017-02-07 23:26:00,2017,2,Tuesday,1,23.433333333333334
393,photo,149,3,0,142,5,2,0,0,0,2017-02-07 23:25:00,2017,2,Tuesday,1,23.416666666666668
394,photo,274,9,0,260,11,2,1,0,0,2017-02-07 12:37:00,2017,2,Tuesday,1,12.616666666666667
395,video,195,95,5,162,30,0,3,0,0,2017-02-07 11:54:00,2017,2,Tuesday,1,11.9
396,video,138,25,2,125,11,2,0,0,0,2017-02-07 01:35:00,2017,2,Tuesday,1,1.5833333333333335
397,video,627,266,8,519,105,2,0,1,0,2017-02-06 09:52:00,2017,2,Monday,0,9.866666666666667
398,photo,289,23,0,279,7,3,0,0,0,2017-02-02 05:18:00,2017,2,Thursday,3,5.3
399,photo,209,10,0,204,4,1,0,0,0,2017-02-01 06:25:00,2017,2,Wednesday,2,6.416666666666667
400,video,162,75,6,145,16,0,1,0,0,2017-02-01 01:49:00,2017,2,Wednesday,2,1.8166666666666667
401,photo,265,11,0,259,6,0,0,0,0,2017-01-31 05:46:00,2017,1,Tuesday,1,5.766666666666667
402,photo,301,10,0,294,6,1,0,0,0,2017-01-30 08:20:00,2017,1,Monday,0,8.333333333333334
403,photo,213,5,0,209,4,0,0,0,0,2017-01-29 01:43:00,2017,1,Sunday,6,1.7166666666666668
404,photo,210,3,0,206,4,0,0,0,0,2017-01-29 01:41:00,2017,1,Sunday,6,1.6833333333333333
405,photo,408,11,0,393,9,6,0,0,0,2017-01-27 21:41:00,2017,1,Friday,4,21.683333333333334
406,photo,223,6,0,215,7,1,0,0,0,2017-01-20 08:15:00,2017,1,Friday,4,8.25
407,photo,359,4,0,353,5,1,0,0,0,2017-01-20 00:05:00,2017,1,Friday,4,0.08333333333333333
408,photo,535,2,0,485,27,0,0,23,0,2017-01-19 20:31:00,2017,1,Thursday,3,20.516666666666666
409,photo,362,10,0,354,8,0,0,0,0,2017-01-18 05:09:00,2017,1,Wednesday,2,5.15
410,video,266,165,10,215,42,3,4,2,0,2017-01-16 08:09:00,2017,1,Monday,0,8.15
411,photo,156,2,0,151,5,0,0,0,0,2017-01-15 09:45:00,2017,1,Sunday,6,9.75
412,video,110,21,0,102,6,1,1,0,0,2017-01-15 04:01:00,2017,1,Sunday,6,4.016666666666667
413,video,446,6148,120,352,80,7,5,0,2,2017-01-14 22:34:00,2017,1,Saturday,5,22.566666666666666
414,status,102,1,0,102,0,0,0,0,0,2017-01-14 21:23:00,2017,1,Saturday,5,21.383333333333333
415,photo,161,6,0,158,3,0,0,0,0,2017-01-14 06:34:00,2017,1,Saturday,5,6.566666666666666
416,photo,279,8,0,273,6,0,0,0,0,2017-01-14 05:44:00,2017,1,Saturday,5,5.733333333333333
417,photo,288,6,0,281,5,2,0,0,0,2017-01-13 04:16:00,2017,1,Friday,4,4.266666666666667
418,photo,230,8,0,221,8,1,0,0,0,2017-01-11 23:58:00,2017,1,Wednesday,2,23.966666666666665
419,photo,271,12,0,262,6,3,0,0,0,2017-01-11 00:23:00,2017,1,Wednesday,2,0.38333333333333336
420,photo,113,2,1,107,3,2,0,1,0,2017-01-11 00:21:00,2017,1,Wednesday,2,0.35
421,video,256,103,16,205,47,1,2,0,1,2017-01-10 01:40:00,2017,1,Tuesday,1,1.6666666666666665
422,photo,306,4,0,301,3,2,0,0,0,2017-01-08 09:15:00,2017,1,Sunday,6,9.25
423,photo,566,10,0,548,4,14,0,0,0,2017-01-08 09:03:00,2017,1,Sunday,6,9.05
424,photo,186,1,1,184,0,2,0,0,0,2017-01-08 07:44:00,2017,1,Sunday,6,7.733333333333333
425,video,135,9,2,118,10,4,2,1,0,2017-01-08 07:40:00,2017,1,Sunday,6,7.666666666666667
426,video,174,195,3,146,18,5,4,1,0,2017-01-08 06:30:00,2017,1,Sunday,6,6.5
427,video,171,84,4,159,10,2,0,0,0,2017-01-07 23:09:00,2017,1,Saturday,5,23.15
428,photo,373,8,0,365,5,3,0,0,0,2017-01-07 05:04:00,2017,1,Saturday,5,5.066666666666666
429,photo,403,5,0,392,8,3,0,0,0,2017-01-07 01:52:00,2017,1,Saturday,5,1.8666666666666667
430,photo,139,14,0,138,1,0,0,0,0,2017-01-06 05:10:00,2017,1,Friday,4,5.166666666666667
431,photo,148,16,5,146,1,1,0,0,0,2017-01-06 04:29:00,2017,1,Friday,4,4.483333333333333
432,photo,270,8,0,265,4,1,0,0,0,2017-01-03 03:55:00,2017,1,Tuesday,1,3.9166666666666665
433,photo,343,8,0,334,7,1,1,0,0,2017-01-02 21:13:00,2017,1,Monday,0,21.216666666666665
434,photo,254,5,0,252,2,0,0,0,0,2017-01-02 08:25:00,2017,1,Monday,0,8.416666666666666
435,photo,304,9,6,298,5,1,0,0,0,2016-12-31 05:13:00,2016,12,Saturday,5,5.216666666666667
436,photo,437,6,0,433,4,0,0,0,0,2016-12-30 09:37:00,2016,12,Friday,4,9.616666666666667
437,photo,412,4,2,399,13,0,0,0,0,2016-12-29 06:26:00,2016,12,Thursday,3,6.433333333333334
438,photo,183,11,0,175,6,2,0,0,0,2016-12-26 22:07:00,2016,12,Monday,0,22.116666666666667
439,photo,353,8,2,342,9,1,1,0,0,2016-12-26 08:50:00,2016,12,Monday,0,8.833333333333334
440,photo,144,14,1,142,2,0,0,0,0,2016-12-26 05:17:00,2016,12,Monday,0,5.283333333333333
441,photo,905,10,5,876,21,8,0,0,0,2016-12-26 04:28:00,2016,12,Monday,0,4.466666666666667
442,video,151,19,2,129,18,2,1,1,0,2016-12-25 06:17:00,2016,12,Sunday,6,6.283333333333333
443,photo,276,4,0,264,8,3,1,0,0,2016-12-25 00:26:00,2016,12,Sunday,6,0.43333333333333335
444,photo,227,3,4,218,8,1,0,0,0,2016-12-24 07:59:00,2016,12,Saturday,5,7.983333333333333
445,video,340,1201,47,276,55,1,6,1,1,2016-12-24 00:15:00,2016,12,Saturday,5,0.25
446,photo,478,12,0,463,11,4,0,0,0,2016-12-23 23:17:00,2016,12,Friday,4,23.283333333333335
447,photo,189,22,2,185,3,1,0,0,0,2016-12-23 09:10:00,2016,12,Friday,4,9.166666666666666
448,photo,211,7,0,207,4,0,0,0,0,2016-12-22 23:15:00,2016,12,Thursday,3,23.25
449,photo,296,2,0,293,3,0,0,0,0,2016-12-22 02:06:00,2016,12,Thursday,3,2.1
450,video,113,15,1,100,9,1,1,2,0,2016-12-22 01:07:00,2016,12,Thursday,3,1.1166666666666667
451,photo,113,2,0,109,4,0,0,0,0,2016-12-21 23:08:00,2016,12,Wednesday,2,23.133333333333333
452,video,133,19,2,115,13,4,1,0,0,2016-12-21 22:53:00,2016,12,Wednesday,2,22.883333333333333
453,photo,223,3,0,213,5,5,0,0,0,2016-12-21 22:27:00,2016,12,Wednesday,2,22.45
454,photo,322,8,1,311,8,3,0,0,0,2016-12-21 10:13:00,2016,12,Wednesday,2,10.216666666666667
455,photo,235,3,0,230,4,0,1,0,0,2016-12-21 05:59:00,2016,12,Wednesday,2,5.983333333333333
456,photo,163,1,0,160,3,0,0,0,0,2016-12-21 05:45:00,2016,12,Wednesday,2,5.75
457,photo,373,4,3,367,5,1,0,0,0,2016-12-21 05:36:00,2016,12,Wednesday,2,5.6
458,video,249,147,8,193,50,2,4,0,0,2016-12-21 04:24:00,2016,12,Wednesday,2,4.4
459,photo,129,2,0,123,5,1,0,0,0,2016-12-21 03:42:00,2016,12,Wednesday,2,3.7
460,photo,245,7,0,234,6,4,0,1,0,2016-12-21 00:58:00,2016,12,Wednesday,2,0.9666666666666667
461,photo,272,9,0,264,6,2,0,0,0,2016-12-21 00:10:00,2016,12,Wednesday,2,0.16666666666666666
462,video,239,127,7,189,47,0,3,0,0,2016-12-20 23:43:00,2016,12,Tuesday,1,23.716666666666665
463,photo,135,9,1,131,3,1,0,0,0,2016-12-20 08:47:00,2016,12,Tuesday,1,8.783333333333333
464,photo,333,44,0,325,6,2,0,0,0,2016-12-20 08:20:00,2016,12,Tuesday,1,8.333333333333334
465,photo,96,3,0,94,2,0,0,0,0,2016-12-20 03:45:00,2016,12,Tuesday,1,3.75
466,photo,210,7,0,203,7,0,0,0,0,2016-12-20 03:25:00,2016,12,Tuesday,1,3.4166666666666665
467,video,154,72,6,124,24,3,2,1,0,2016-12-20 01:42:00,2016,12,Tuesday,1,1.7
468,photo,192,8,0,189,3,0,0,0,0,2016-12-20 00:57:00,2016,12,Tuesday,1,0.95
469,photo,152,2,0,151,1,0,0,0,0,2016-12-19 20:32:00,2016,12,Monday,0,20.533333333333335
470,photo,222,3,0,216,6,0,0,0,0,2016-12-19 08:33:00,2016,12,Monday,0,8.55
471,photo,227,1,0,223,2,2,0,0,0,2016-12-19 07:09:00,2016,12,Monday,0,7.15
472,photo,542,21,1,521,11,9,1,0,0,2016-12-18 21:12:00,2016,12,Sunday,6,21.2
473,video,279,274,15,233,42,4,0,0,0,2016-12-18 01:44:00,2016,12,Sunday,6,1.7333333333333334
474,photo,263,8,0,258,3,0,1,1,0,2016-12-18 01:19:00,2016,12,Sunday,6,1.3166666666666667
475,video,358,5498,94,294,57,1,5,1,0,2016-12-15 02:19:00,2016,12,Thursday,3,2.3166666666666664
476,video,65,4,1,65,0,0,0,0,0,2016-12-15 00:00:00,2016,12,Thursday,3,0.0
477,photo,190,11,1,182,5,3,0,0,0,2016-12-12 10:43:00,2016,12,Monday,0,10.716666666666667
478,photo,320,4,1,309,10,1,0,0,0,2016-12-11 11:14:00,2016,12,Sunday,6,11.233333333333333
479,photo,266,8,0,254,9,3,0,0,0,2016-12-10 02:19:00,2016,12,Saturday,5,2.3166666666666664
480,video,452,19013,161,353,92,2,3,2,0,2016-12-09 21:48:00,2016,12,Friday,4,21.8
481,status,123,23,0,114,0,0,3,6,0,2016-12-09 10:44:00,2016,12,Friday,4,10.733333333333333
482,video,543,4661,178,397,136,2,6,1,1,2016-12-09 09:29:00,2016,12,Friday,4,9.483333333333333
483,photo,278,8,0,267,9,2,0,0,0,2016-12-08 23:57:00,2016,12,Thursday,3,23.95
484,video,445,432,27,315,124,2,3,0,1,2016-12-08 21:11:00,2016,12,Thursday,3,21.183333333333334
485,photo,196,7,8,190,2,4,0,0,0,2016-12-08 06:58:00,2016,12,Thursday,3,6.966666666666667
486,video,607,383,52,446,159,1,0,0,1,2016-12-08 04:21:00,2016,12,Thursday,3,4.35
487,photo,180,4,0,166,12,2,0,0,0,2016-12-08 03:22:00,2016,12,Thursday,3,3.3666666666666667
488,photo,236,8,0,228,8,0,0,0,0,2016-12-08 02:38:00,2016,12,Thursday,3,2.6333333333333333
489,status,93,2,1,90,3,0,0,0,0,2016-12-07 09:30:00,2016,12,Wednesday,2,9.5
490,video,48,6,0,47,1,0,0,0,0,2016-12-07 05:01:00,2016,12,Wednesday,2,5.016666666666667
491,video,245,169,37,205,33,5,2,0,0,2016-12-07 04:39:00,2016,12,Wednesday,2,4.65
492,status,225,12,29,222,2,1,0,0,0,2016-12-05 00:56:00,2016,12,Monday,0,0.9333333333333333
493,photo,133,4,2,128,5,0,0,0,0,2016-12-04 09:58:00,2016,12,Sunday,6,9.966666666666667
494,photo,170,11,2,159,11,0,0,0,0,2016-12-04 09:58:00,2016,12,Sunday,6,9.966666666666667
495,photo,304,13,0,294,9,1,0,0,0,2016-12-02 01:12:00,2016,12,Friday,4,1.2
496,photo,150,5,0,148,1,1,0,0,0,2016-12-02 01:10:00,2016,12,Friday,4,1.1666666666666667
497,photo,387,8,0,375,9,3,0,0,0,2016-12-01 12:35:00,2016,12,Thursday,3,12.583333333333334
498,video,564,20990,154,473,82,3,3,3,0,2016-11-30 08:46:00,2016,11,Wednesday,2,8.766666666666667
499,photo,261,36,1,256,5,0,0,0,0,2016-11-27 06:06:00,2016,11,Sunday,6,6.1
500,photo,477,12,0,468,6,3,0,0,0,2016-11-26 04:51:00,2016,11,Saturday,5,4.85
501,photo,154,19,7,153,1,0,0,0,0,2016-11-22 00:03:00,2016,11,Tuesday,1,0.05
502,photo,130,13,2,124,3,2,1,0,0,2016-11-20 07:05:00,2016,11,Sunday,6,7.083333333333333
503,photo,307,0,0,294,12,0,1,0,0,2016-11-17 20:56:00,2016,11,Thursday,3,20.933333333333334
504,photo,113,12,5,111,2,0,0,0,0,2016-11-15 04:07:00,2016,11,Tuesday,1,4.116666666666666
505,photo,77,4,2,77,0,0,0,0,0,2016-11-13 23:43:00,2016,11,Sunday,6,23.716666666666665
506,video,38,4,0,37,0,0,1,0,0,2016-11-13 01:35:00,2016,11,Sunday,6,1.5833333333333335
507,photo,209,9,0,206,2,0,1,0,0,2016-11-12 01:15:00,2016,11,Saturday,5,1.25
508,photo,99,0,3,98,1,0,0,0,0,2016-11-07 00:51:00,2016,11,Monday,0,0.85
509,video,119,8,2,113,5,1,0,0,0,2016-11-07 00:35:00,2016,11,Monday,0,0.5833333333333334
510,photo,182,2,21,180,2,0,0,0,0,2016-10-29 23:56:00,2016,10,Saturday,5,23.933333333333334
511,photo,155,1,4,148,4,0,0,3,0,2016-10-27 20:26:00,2016,10,Thursday,3,20.433333333333334
512,video,86,0,0,76,4,0,0,6,0,2016-10-27 20:14:00,2016,10,Thursday,3,20.233333333333334
513,video,124,0,0,114,4,0,0,6,0,2016-10-27 20:12:00,2016,10,Thursday,3,20.2
514,video,221,1,0,211,0,8,0,2,0,2016-10-26 10:48:00,2016,10,Wednesday,2,10.8
515,photo,52,0,0,52,0,0,0,0,0,2016-10-26 00:00:00,2016,10,Wednesday,2,0.0
516,video,38,7,1,38,0,0,0,0,0,2016-10-25 23:51:00,2016,10,Tuesday,1,23.85
517,photo,2,0,37,2,0,0,0,0,0,2016-10-25 23:50:00,2016,10,Tuesday,1,23.833333333333332
518,photo,347,0,1,335,12,0,0,0,0,2016-10-25 11:23:00,2016,10,Tuesday,1,11.383333333333333
519,photo,99,0,30,97,2,0,0,0,0,2016-10-25 09:55:00,2016,10,Tuesday,1,9.916666666666666
520,photo,210,0,6,202,4,0,0,4,0,2016-10-25 04:56:00,2016,10,Tuesday,1,4.933333333333334
521,photo,178,0,0,171,7,0,0,0,0,2016-10-25 02:51:00,2016,10,Tuesday,1,2.85
522,photo,149,0,1,143,5,1,0,0,0,2016-10-25 01:23:00,2016,10,Tuesday,1,1.3833333333333333
523,photo,77,0,1,73,0,0,0,4,0,2016-10-23 20:41:00,2016,10,Sunday,6,20.683333333333334
524,link,169,0,57,166,2,0,1,0,0,2016-10-23 20:39:00,2016,10,Sunday,6,20.65
525,link,237,0,0,229,2,6,0,0,0,2016-10-23 09:51:00,2016,10,Sunday,6,9.85
526,photo,86,0,3,85,1,0,0,0,0,2016-10-23 09:36:00,2016,10,Sunday,6,9.6
527,photo,120,0,2,119,1,0,0,0,0,2016-10-23 09:32:00,2016,10,Sunday,6,9.533333333333333
528,photo,234,0,0,224,6,0,0,4,0,2016-10-23 09:30:00,2016,10,Sunday,6,9.5
529,photo,280,0,1,277,3,0,0,0,0,2016-10-23 04:23:00,2016,10,Sunday,6,4.383333333333334
530,photo,319,5,0,308,5,0,0,6,0,2016-10-22 04:29:00,2016,10,Saturday,5,4.483333333333333
531,video,171,0,0,162,3,0,0,6,0,2016-10-22 02:12:00,2016,10,Saturday,5,2.2
532,photo,251,5,0,249,0,0,0,2,0,2016-10-22 01:34:00,2016,10,Saturday,5,1.5666666666666667
533,video,135,0,0,128,4,1,0,2,0,2016-10-21 10:59:00,2016,10,Friday,4,10.983333333333333
534,photo,1,0,37,1,0,0,0,0,0,2016-10-20 10:10:00,2016,10,Thursday,3,10.166666666666666
535,photo,1,0,1,1,0,0,0,0,0,2016-10-20 10:07:00,2016,10,Thursday,3,10.116666666666667
536,photo,264,2,0,261,3,0,0,0,0,2016-10-20 08:26:00,2016,10,Thursday,3,8.433333333333334
537,photo,218,2,5,214,0,0,0,4,0,2016-10-20 05:10:00,2016,10,Thursday,3,5.166666666666667
538,photo,52,0,4,52,0,0,0,0,0,2016-10-20 02:07:00,2016,10,Thursday,3,2.1166666666666667
539,video,41,0,3,39,1,0,0,1,0,2016-10-20 01:15:00,2016,10,Thursday,3,1.25
540,photo,67,0,1,66,1,0,0,0,0,2016-10-20 00:56:00,2016,10,Thursday,3,0.9333333333333333
541,photo,266,9,1,237,1,0,0,28,0,2016-10-19 22:23:00,2016,10,Wednesday,2,22.383333333333333
542,photo,165,0,0,156,5,0,0,4,0,2016-10-19 20:12:00,2016,10,Wednesday,2,20.2
543,video,70,0,0,66,0,0,0,4,0,2016-10-19 12:54:00,2016,10,Wednesday,2,12.9
544,photo,247,1,0,239,8,0,0,0,0,2016-10-19 06:03:00,2016,10,Wednesday,2,6.05
545,photo,379,0,0,373,3,0,0,3,0,2016-10-19 05:48:00,2016,10,Wednesday,2,5.8
546,photo,305,1,0,284,8,0,0,13,0,2016-10-19 00:28:00,2016,10,Wednesday,2,0.4666666666666667
547,photo,26,0,0,23,0,3,0,0,0,2016-10-18 23:49:00,2016,10,Tuesday,1,23.816666666666666
548,photo,28,0,0,27,1,0,0,0,0,2016-10-18 23:48:00,2016,10,Tuesday,1,23.8
549,photo,37,0,0,35,2,0,0,0,0,2016-10-18 22:51:00,2016,10,Tuesday,1,22.85
550,photo,46,0,0,46,0,0,0,0,0,2016-10-18 22:12:00,2016,10,Tuesday,1,22.2
551,photo,164,2,13,150,8,0,1,5,0,2016-10-18 08:42:00,2016,10,Tuesday,1,8.7
552,photo,282,0,0,278,4,0,0,0,0,2016-10-18 05:50:00,2016,10,Tuesday,1,5.833333333333333
553,status,61,5,0,54,0,0,0,7,0,2016-10-18 00:10:00,2016,10,Tuesday,1,0.16666666666666666
554,photo,68,3,0,68,0,0,0,0,0,2016-10-18 00:07:00,2016,10,Tuesday,1,0.11666666666666667
555,photo,73,1,17,66,4,0,0,3,0,2016-10-17 20:12:00,2016,10,Monday,0,20.2
556,photo,641,0,0,628,11,2,0,0,0,2016-10-17 20:08:00,2016,10,Monday,0,20.133333333333333
557,photo,122,0,0,115,7,0,0,0,0,2016-10-17 10:10:00,2016,10,Monday,0,10.166666666666666
558,photo,654,1,50,617,32,0,0,5,0,2016-10-17 02:31:00,2016,10,Monday,0,2.5166666666666666
559,photo,245,2,0,239,3,0,0,3,0,2016-10-16 23:29:00,2016,10,Sunday,6,23.483333333333334
560,photo,173,0,0,173,0,0,0,0,0,2016-10-16 21:45:00,2016,10,Sunday,6,21.75
561,photo,64,0,1,64,0,0,0,0,0,2016-10-16 19:31:00,2016,10,Sunday,6,19.516666666666666
562,photo,495,9,227,443,42,0,0,10,0,2016-10-16 12:17:00,2016,10,Sunday,6,12.283333333333333
563,photo,144,0,0,137,2,0,0,5,0,2016-10-16 05:13:00,2016,10,Sunday,6,5.216666666666667
564,photo,476,3,212,452,16,0,0,8,0,2016-10-16 00:48:00,2016,10,Sunday,6,0.8
565,photo,4,0,41,4,0,0,0,0,0,2016-10-15 21:21:00,2016,10,Saturday,5,21.35
566,photo,48,0,1,43,1,0,0,4,0,2016-10-15 12:21:00,2016,10,Saturday,5,12.35
567,status,77,1,38,76,1,0,0,0,0,2016-10-15 10:03:00,2016,10,Saturday,5,10.05
568,photo,199,0,5,179,1,0,0,19,0,2016-10-14 21:42:00,2016,10,Friday,4,21.7
569,status,43,0,1,42,1,0,0,0,0,2016-10-14 11:26:00,2016,10,Friday,4,11.433333333333334
570,photo,30,0,0,30,0,0,0,0,0,2016-10-14 10:16:00,2016,10,Friday,4,10.266666666666667
571,photo,190,1,0,168,5,0,0,17,0,2016-10-14 04:56:00,2016,10,Friday,4,4.933333333333334
572,photo,96,0,5,90,0,0,0,6,0,2016-10-14 01:39:00,2016,10,Friday,4,1.65
573,photo,295,3,10,243,1,0,0,51,0,2016-10-14 00:27:00,2016,10,Friday,4,0.45
574,photo,102,0,1,87,2,0,0,13,0,2016-10-13 19:49:00,2016,10,Thursday,3,19.816666666666666
575,photo,52,0,2,46,0,0,0,6,0,2016-10-13 13:27:00,2016,10,Thursday,3,13.45
576,photo,71,0,5,61,0,0,0,10,0,2016-10-13 08:14:00,2016,10,Thursday,3,8.233333333333333
577,photo,95,1,2,73,1,0,0,21,0,2016-10-13 07:57:00,2016,10,Thursday,3,7.95
578,photo,132,10,1,124,5,1,0,2,0,2016-10-11 09:40:00,2016,10,Tuesday,1,9.666666666666666
579,video,63,14,0,63,0,0,0,0,0,2016-10-11 05:58:00,2016,10,Tuesday,1,5.966666666666667
580,photo,187,6,0,182,5,0,0,0,0,2016-10-10 23:23:00,2016,10,Monday,0,23.383333333333333
581,photo,124,2,0,119,3,2,0,0,0,2016-10-10 05:08:00,2016,10,Monday,0,5.133333333333334
582,video,296,80,5,242,44,5,3,1,1,2016-10-09 06:07:00,2016,10,Sunday,6,6.116666666666666
583,video,268,46,0,231,32,3,1,0,1,2016-10-09 00:09:00,2016,10,Sunday,6,0.15
584,photo,156,4,0,152,3,0,1,0,0,2016-10-06 23:30:00,2016,10,Thursday,3,23.5
585,photo,148,26,0,144,4,0,0,0,0,2016-10-06 06:34:00,2016,10,Thursday,3,6.566666666666666
586,photo,195,14,0,190,5,0,0,0,0,2016-10-04 00:12:00,2016,10,Tuesday,1,0.2
587,photo,229,7,0,220,5,4,0,0,0,2016-09-30 05:35:00,2016,9,Friday,4,5.583333333333333
588,video,111,4,0,105,6,0,0,0,0,2016-09-30 05:26:00,2016,9,Friday,4,5.433333333333334
589,video,169,34,1,148,17,4,0,0,0,2016-09-30 01:53:00,2016,9,Friday,4,1.8833333333333333
590,photo,127,6,0,124,3,0,0,0,0,2016-09-29 07:53:00,2016,9,Thursday,3,7.883333333333333
591,video,139,27,0,125,12,2,0,0,0,2016-09-28 02:06:00,2016,9,Wednesday,2,2.1
592,status,60,8,4,58,2,0,0,0,0,2016-09-26 02:31:00,2016,9,Monday,0,2.5166666666666666
593,video,109,5,1,104,5,0,0,0,0,2016-09-26 01:03:00,2016,9,Monday,0,1.05
594,photo,148,4,0,144,4,0,0,0,0,2016-09-24 05:17:00,2016,9,Saturday,5,5.283333333333333
595,link,46,3,1,44,2,0,0,0,0,2016-09-24 02:03:00,2016,9,Saturday,5,2.05
596,video,93,14,4,89,4,0,0,0,0,2016-09-23 05:21:00,2016,9,Friday,4,5.35
597,photo,164,17,1,156,7,1,0,0,0,2016-09-22 03:01:00,2016,9,Thursday,3,3.0166666666666666
598,link,33,4,4,31,1,1,0,0,0,2016-09-21 23:18:00,2016,9,Wednesday,2,23.3
599,photo,153,19,1,147,3,2,1,0,0,2016-09-20 00:03:00,2016,9,Tuesday,1,0.05
600,photo,173,1,58,172,0,0,0,1,0,2016-09-19 22:49:00,2016,9,Monday,0,22.816666666666666
601,photo,168,1,1,160,6,2,0,0,0,2016-09-19 05:19:00,2016,9,Monday,0,5.316666666666666
602,video,51,10,1,51,0,0,0,0,0,2016-09-19 03:55:00,2016,9,Monday,0,3.9166666666666665
603,photo,198,4,6,193,4,0,1,0,0,2016-09-18 08:58:00,2016,9,Sunday,6,8.966666666666667
604,video,44,3,7,44,0,0,0,0,0,2016-09-17 23:49:00,2016,9,Saturday,5,23.816666666666666
605,video,43,4,12,41,1,1,0,0,0,2016-09-16 23:28:00,2016,9,Friday,4,23.466666666666665
606,photo,105,3,3,101,3,1,0,0,0,2016-09-14 04:04:00,2016,9,Wednesday,2,4.066666666666666
607,photo,272,5,4,265,4,3,0,0,0,2016-09-13 07:31:00,2016,9,Tuesday,1,7.516666666666667
608,photo,148,9,6,143,2,3,0,0,0,2016-09-13 01:43:00,2016,9,Tuesday,1,1.7166666666666668
609,photo,91,13,14,86,2,3,0,0,0,2016-09-12 09:20:00,2016,9,Monday,0,9.333333333333334
610,video,188,26,3,166,19,1,2,0,0,2016-09-11 21:51:00,2016,9,Sunday,6,21.85
611,photo,60,3,0,56,1,3,0,0,0,2016-09-09 19:03:00,2016,9,Friday,4,19.05
612,photo,110,2,0,107,2,0,1,0,0,2016-09-06 01:33:00,2016,9,Tuesday,1,1.55
613,status,101,6,0,99,1,1,0,0,0,2016-09-04 01:07:00,2016,9,Sunday,6,1.1166666666666667
614,photo,122,18,20,120,1,1,0,0,0,2016-09-01 02:35:00,2016,9,Thursday,3,2.5833333333333335
615,photo,105,4,1,102,2,1,0,0,0,2016-08-31 22:46:00,2016,8,Wednesday,2,22.766666666666666
616,photo,56,1,0,54,1,1,0,0,0,2016-08-31 22:45:00,2016,8,Wednesday,2,22.75
617,photo,219,5,0,213,6,0,0,0,0,2016-08-29 22:49:00,2016,8,Monday,0,22.816666666666666
618,video,87,1,1,83,2,2,0,0,0,2016-08-29 09:23:00,2016,8,Monday,0,9.383333333333333
619,photo,109,3,0,105,2,2,0,0,0,2016-08-28 00:36:00,2016,8,Sunday,6,0.6
620,photo,50,1,1,49,1,0,0,0,0,2016-08-28 00:34:00,2016,8,Sunday,6,0.5666666666666667
621,video,173,16,0,156,17,0,0,0,0,2016-08-27 05:35:00,2016,8,Saturday,5,5.583333333333333
622,photo,101,1,0,100,1,0,0,0,0,2016-08-26 03:10:00,2016,8,Friday,4,3.1666666666666665
623,video,105,8,2,97,7,0,1,0,0,2016-08-25 07:05:00,2016,8,Thursday,3,7.083333333333333
624,video,89,4,1,84,5,0,0,0,0,2016-08-25 05:08:00,2016,8,Thursday,3,5.133333333333334
625,photo,101,1,2,98,2,1,0,0,0,2016-08-25 04:31:00,2016,8,Thursday,3,4.516666666666667
626,photo,90,4,1,88,1,0,0,1,0,2016-08-25 04:31:00,2016,8,Thursday,3,4.516666666666667
627,video,113,27,0,102,11,0,0,0,0,2016-08-25 04:07:00,2016,8,Thursday,3,4.116666666666666
628,photo,126,6,2,120,5,1,0,0,0,2016-08-23 09:17:00,2016,8,Tuesday,1,9.283333333333333
629,photo,441,31,2,423,13,2,3,0,0,2016-08-21 22:30:00,2016,8,Sunday,6,22.5
630,video,302,186,3,244,50,2,4,1,1,2016-08-21 07:42:00,2016,8,Sunday,6,7.7
631,video,185,40,2,171,12,2,0,0,0,2016-08-21 00:46:00,2016,8,Sunday,6,0.7666666666666667
632,video,155,33,0,138,16,0,0,0,1,2016-08-20 00:57:00,2016,8,Saturday,5,0.95
633,photo,177,7,1,173,2,2,0,0,0,2016-08-16 08:29:00,2016,8,Tuesday,1,8.483333333333333
634,video,309,102,1,260,43,5,1,0,0,2016-08-13 09:14:00,2016,8,Saturday,5,9.233333333333333
635,photo,326,2,1,319,7,0,0,0,0,2016-08-12 08:20:00,2016,8,Friday,4,8.333333333333334
636,photo,265,6,0,259,6,0,0,0,0,2016-08-12 02:24:00,2016,8,Friday,4,2.4
637,photo,199,8,1,193,4,1,1,0,0,2016-08-10 23:49:00,2016,8,Wednesday,2,23.816666666666666
638,video,226,93,3,203,20,3,0,0,0,2016-08-10 06:24:00,2016,8,Wednesday,2,6.4
639,photo,129,5,0,127,2,0,0,0,0,2016-08-09 23:59:00,2016,8,Tuesday,1,23.983333333333334
640,link,63,11,1,61,2,0,0,0,0,2016-08-08 22:38:00,2016,8,Monday,0,22.633333333333333
641,photo,185,1,0,180,3,2,0,0,0,2016-08-06 21:51:00,2016,8,Saturday,5,21.85
642,video,54,0,0,53,1,0,0,0,0,2016-08-06 09:28:00,2016,8,Saturday,5,9.466666666666667
643,photo,167,4,0,164,3,0,0,0,0,2016-08-06 02:27:00,2016,8,Saturday,5,2.45
644,photo,53,3,0,51,2,0,0,0,0,2016-08-05 09:15:00,2016,8,Friday,4,9.25
645,photo,352,4,0,348,3,1,0,0,0,2016-08-04 05:51:00,2016,8,Thursday,3,5.85
646,photo,185,3,1,178,6,1,0,0,0,2016-08-02 04:05:00,2016,8,Tuesday,1,4.083333333333333
647,video,198,30,3,152,42,0,3,0,1,2016-08-02 02:43:00,2016,8,Tuesday,1,2.716666666666667
648,status,59,1,0,56,1,1,1,0,0,2016-08-02 00:46:00,2016,8,Tuesday,1,0.7666666666666667
649,status,49,1,0,48,1,0,0,0,0,2016-08-01 03:30:00,2016,8,Monday,0,3.5
650,photo,126,4,1,122,3,1,0,0,0,2016-08-01 02:55:00,2016,8,Monday,0,2.9166666666666665
651,photo,120,1,1,117,3,0,0,0,0,2016-08-01 02:53:00,2016,8,Monday,0,2.8833333333333333
652,video,180,120,0,145,33,0,2,0,0,2016-08-01 00:42:00,2016,8,Monday,0,0.7
653,video,85,0,0,79,5,1,0,0,0,2016-07-31 23:30:00,2016,7,Sunday,6,23.5
654,photo,230,6,0,222,6,2,0,0,0,2016-07-31 03:51:00,2016,7,Sunday,6,3.85
655,video,248,52,1,206,39,2,0,0,1,2016-07-29 22:33:00,2016,7,Friday,4,22.55
656,photo,297,8,0,292,3,2,0,0,0,2016-07-29 00:59:00,2016,7,Friday,4,0.9833333333333333
657,photo,158,6,0,153,4,1,0,0,0,2016-07-28 03:56:00,2016,7,Thursday,3,3.9333333333333336
658,photo,124,3,0,121,3,0,0,0,0,2016-07-28 01:09:00,2016,7,Thursday,3,1.15
659,photo,213,1,0,208,5,0,0,0,0,2016-07-28 00:54:00,2016,7,Thursday,3,0.9
660,photo,114,0,20,113,1,0,0,0,0,2016-07-26 20:43:00,2016,7,Tuesday,1,20.716666666666665
661,photo,182,10,0,179,3,0,0,0,0,2016-07-23 09:59:00,2016,7,Saturday,5,9.983333333333333
662,photo,178,14,1,173,3,2,0,0,0,2016-07-23 06:25:00,2016,7,Saturday,5,6.416666666666667
663,photo,166,0,0,162,3,1,0,0,0,2016-07-22 02:34:00,2016,7,Friday,4,2.5666666666666664
664,photo,143,5,0,139,3,1,0,0,0,2016-07-21 09:12:00,2016,7,Thursday,3,9.2
665,photo,170,3,17,169,1,0,0,0,0,2016-07-20 12:06:00,2016,7,Wednesday,2,12.1
666,photo,196,5,0,192,3,1,0,0,0,2016-07-18 10:43:00,2016,7,Monday,0,10.716666666666667
667,photo,103,0,0,101,2,0,0,0,0,2016-07-16 06:37:00,2016,7,Saturday,5,6.616666666666667
668,video,114,11,0,102,11,0,1,0,0,2016-07-16 06:22:00,2016,7,Saturday,5,6.366666666666666
669,photo,136,6,0,131,2,1,2,0,0,2016-07-16 00:15:00,2016,7,Saturday,5,0.25
670,status,53,3,1,52,1,0,0,0,0,2016-07-15 22:39:00,2016,7,Friday,4,22.65
671,status,63,0,3,62,1,0,0,0,0,2016-07-15 21:55:00,2016,7,Friday,4,21.916666666666668
672,video,150,14,0,141,9,0,0,0,0,2016-07-15 01:50:00,2016,7,Friday,4,1.8333333333333335
673,status,154,8,0,153,1,0,0,0,0,2016-07-14 08:56:00,2016,7,Thursday,3,8.933333333333334
674,photo,114,21,0,111,3,0,0,0,0,2016-07-14 03:44:00,2016,7,Thursday,3,3.7333333333333334
675,photo,139,4,0,135,4,0,0,0,0,2016-07-13 07:41:00,2016,7,Wednesday,2,7.683333333333334
676,photo,96,1,0,94,2,0,0,0,0,2016-07-13 07:39:00,2016,7,Wednesday,2,7.65
677,photo,177,15,0,174,3,0,0,0,0,2016-07-11 08:20:00,2016,7,Monday,0,8.333333333333334
678,photo,320,6,60,318,2,0,0,0,0,2016-07-10 09:56:00,2016,7,Sunday,6,9.933333333333334
679,photo,336,154,111,328,4,3,1,0,0,2016-07-10 06:04:00,2016,7,Sunday,6,6.066666666666666
680,photo,54,2,4,54,0,0,0,0,0,2016-07-08 10:51:00,2016,7,Friday,4,10.85
681,status,74,1,0,74,0,0,0,0,0,2016-07-08 10:29:00,2016,7,Friday,4,10.483333333333333
682,photo,79,2,0,78,0,1,0,0,0,2016-07-08 10:27:00,2016,7,Friday,4,10.45
683,status,50,10,0,50,0,0,0,0,0,2016-07-05 09:28:00,2016,7,Tuesday,1,9.466666666666667
684,photo,183,13,0,180,3,0,0,0,0,2016-07-04 23:31:00,2016,7,Monday,0,23.516666666666666
685,photo,73,12,0,72,1,0,0,0,0,2016-07-03 07:35:00,2016,7,Sunday,6,7.583333333333333
686,photo,103,15,0,101,2,0,0,0,0,2016-07-03 04:27:00,2016,7,Sunday,6,4.45
687,photo,90,2,0,90,0,0,0,0,0,2016-07-02 23:05:00,2016,7,Saturday,5,23.083333333333332
688,photo,124,13,2,122,0,2,0,0,0,2016-07-02 03:02:00,2016,7,Saturday,5,3.033333333333333
689,status,90,14,0,90,0,0,0,0,0,2016-06-29 22:47:00,2016,6,Wednesday,2,22.783333333333335
690,photo,303,11,0,297,4,2,0,0,0,2016-06-29 08:30:00,2016,6,Wednesday,2,8.5
691,photo,309,10,0,300,2,0,7,0,0,2016-06-28 09:14:00,2016,6,Tuesday,1,9.233333333333333
692,video,220,52,1,193,25,0,1,1,0,2016-06-27 10:07:00,2016,6,Monday,0,10.116666666666667
693,photo,126,0,1,125,1,0,0,0,0,2016-06-27 07:42:00,2016,6,Monday,0,7.7
694,photo,928,53,0,906,16,5,0,1,0,2016-06-25 09:55:00,2016,6,Saturday,5,9.916666666666666
695,video,391,136,0,343,43,4,1,0,0,2016-06-25 01:23:00,2016,6,Saturday,5,1.3833333333333333
696,status,150,2,1,146,4,0,0,0,0,2016-06-24 09:28:00,2016,6,Friday,4,9.466666666666667
697,photo,223,1,1,219,4,0,0,0,0,2016-06-24 09:25:00,2016,6,Friday,4,9.416666666666666
698,photo,174,2,0,166,8,0,0,0,0,2016-06-24 06:41:00,2016,6,Friday,4,6.683333333333334
699,photo,0,0,1,0,0,0,0,0,0,2016-06-24 05:02:00,2016,6,Friday,4,5.033333333333333
700,photo,102,1,1,101,1,0,0,0,0,2016-06-19 23:23:00,2016,6,Sunday,6,23.383333333333333
701,photo,344,20,0,341,2,1,0,0,0,2016-06-18 05:20:00,2016,6,Saturday,5,5.333333333333333
702,video,135,26,0,123,9,0,2,1,0,2016-06-16 04:26:00,2016,6,Thursday,3,4.433333333333334
703,photo,334,13,1,332,2,0,0,0,0,2016-06-15 03:37:00,2016,6,Wednesday,2,3.6166666666666667
704,photo,49,3,0,49,0,0,0,0,0,2016-06-13 12:40:00,2016,6,Monday,0,12.666666666666666
705,photo,404,17,0,402,2,0,0,0,0,2016-06-12 05:21:00,2016,6,Sunday,6,5.35
706,photo,185,5,0,181,4,0,0,0,0,2016-06-12 02:51:00,2016,6,Sunday,6,2.85
707,video,354,184,1,306,44,0,3,0,1,2016-06-12 01:52:00,2016,6,Sunday,6,1.8666666666666667
708,status,78,16,0,78,0,0,0,0,0,2016-06-10 05:29:00,2016,6,Friday,4,5.483333333333333
709,photo,139,18,0,139,0,0,0,0,0,2016-05-30 11:33:00,2016,5,Monday,0,11.55
710,photo,367,11,3,346,0,21,0,0,0,2016-05-29 08:32:00,2016,5,Sunday,6,8.533333333333333
711,photo,177,1,0,177,0,0,0,0,0,2016-05-27 22:13:00,2016,5,Friday,4,22.216666666666665
712,photo,378,5,0,377,1,0,0,0,0,2016-05-27 07:40:00,2016,5,Friday,4,7.666666666666667
713,status,57,19,0,57,0,0,0,0,0,2016-05-27 00:51:00,2016,5,Friday,4,0.85
714,photo,921,35,0,891,14,15,1,0,0,2016-05-26 03:07:00,2016,5,Thursday,3,3.1166666666666667
715,photo,0,0,1,0,0,0,0,0,0,2016-05-24 02:03:00,2016,5,Tuesday,1,2.05
716,photo,348,9,0,346,2,0,0,0,0,2016-05-23 05:09:00,2016,5,Monday,0,5.15
717,photo,370,10,0,365,5,0,0,0,0,2016-05-20 01:43:00,2016,5,Friday,4,1.7166666666666668
718,photo,72,3,27,72,0,0,0,0,0,2016-05-17 21:41:00,2016,5,Tuesday,1,21.683333333333334
719,link,27,9,0,27,0,0,0,0,0,2016-05-17 08:10:00,2016,5,Tuesday,1,8.166666666666666
720,status,59,16,1,59,0,0,0,0,0,2016-05-17 02:01:00,2016,5,Tuesday,1,2.0166666666666666
721,status,113,1,32,113,0,0,0,0,0,2016-05-13 08:35:00,2016,5,Friday,4,8.583333333333334
722,photo,116,24,0,116,0,0,0,0,0,2016-05-12 07:44:00,2016,5,Thursday,3,7.733333333333333
723,photo,21,10,0,21,0,0,0,0,0,2016-05-11 23:57:00,2016,5,Wednesday,2,23.95
724,photo,19,8,0,19,0,0,0,0,0,2016-05-11 23:55:00,2016,5,Wednesday,2,23.916666666666668
725,video,230,62,8,207,19,3,1,0,0,2016-05-11 21:29:00,2016,5,Wednesday,2,21.483333333333334
726,photo,1542,18,1260,1520,12,6,0,4,0,2016-05-11 02:47:00,2016,5,Wednesday,2,2.783333333333333
727,photo,48,14,0,48,0,0,0,0,0,2016-05-10 23:30:00,2016,5,Tuesday,1,23.5
728,photo,69,15,2,68,1,0,0,0,0,2016-05-10 23:09:00,2016,5,Tuesday,1,23.15
729,photo,96,18,1,96,0,0,0,0,0,2016-05-09 12:52:00,2016,5,Monday,0,12.866666666666667
730,photo,235,1,0,232,3,0,0,0,0,2016-05-09 08:55:00,2016,5,Monday,0,8.916666666666666
731,photo,130,4,0,128,0,2,0,0,0,2016-05-09 05:47:00,2016,5,Monday,0,5.783333333333333
732,photo,111,19,2,110,1,0,0,0,0,2016-05-08 06:27:00,2016,5,Sunday,6,6.45
733,photo,89,20,1,87,2,0,0,0,0,2016-05-08 02:19:00,2016,5,Sunday,6,2.3166666666666664
734,photo,20,11,0,20,0,0,0,0,0,2016-05-07 10:50:00,2016,5,Saturday,5,10.833333333333334
735,photo,74,15,0,74,0,0,0,0,0,2016-05-07 02:24:00,2016,5,Saturday,5,2.4
736,photo,63,18,2,61,2,0,0,0,0,2016-05-06 22:53:00,2016,5,Friday,4,22.883333333333333
737,status,83,24,3,83,0,0,0,0,0,2016-05-06 22:41:00,2016,5,Friday,4,22.683333333333334
738,photo,62,11,0,61,1,0,0,0,0,2016-05-06 06:54:00,2016,5,Friday,4,6.9
739,photo,141,24,2,140,0,1,0,0,0,2016-05-06 01:29:00,2016,5,Friday,4,1.4833333333333334
740,photo,140,1,0,138,1,1,0,0,0,2016-05-05 06:12:00,2016,5,Thursday,3,6.2
741,photo,124,21,1,119,2,3,0,0,0,2016-05-05 04:35:00,2016,5,Thursday,3,4.583333333333333
742,photo,107,16,1,106,1,0,0,0,0,2016-05-04 02:25:00,2016,5,Wednesday,2,2.4166666666666665
743,photo,139,16,0,139,0,0,0,0,0,2016-05-03 08:03:00,2016,5,Tuesday,1,8.05
744,photo,264,27,3,264,0,0,0,0,0,2016-05-02 23:38:00,2016,5,Monday,0,23.633333333333333
745,link,48,4,4,48,0,0,0,0,0,2016-05-02 10:43:00,2016,5,Monday,0,10.716666666666667
746,video,360,131,5,292,60,1,5,1,1,2016-05-01 10:06:00,2016,5,Sunday,6,10.1
747,photo,64,11,0,64,0,0,0,0,0,2016-04-30 03:31:00,2016,4,Saturday,5,3.5166666666666666
748,photo,173,11,0,170,2,0,1,0,0,2016-04-27 03:50:00,2016,4,Wednesday,2,3.8333333333333335
749,photo,165,15,1,165,0,0,0,0,0,2016-04-27 01:14:00,2016,4,Wednesday,2,1.2333333333333334
750,photo,79,18,0,78,1,0,0,0,0,2016-04-25 02:21:00,2016,4,Monday,0,2.35
751,photo,130,19,2,128,2,0,0,0,0,2016-04-23 19:35:00,2016,4,Saturday,5,19.583333333333332
752,photo,534,0,0,526,5,2,0,0,1,2016-04-23 05:03:00,2016,4,Saturday,5,5.05
753,video,237,33,0,230,6,1,0,0,0,2016-04-23 04:21:00,2016,4,Saturday,5,4.35
754,photo,432,5,0,429,3,0,0,0,0,2016-04-23 00:00:00,2016,4,Saturday,5,0.0
755,video,92,2,0,92,0,0,0,0,0,2016-04-22 20:35:00,2016,4,Friday,4,20.583333333333332
756,video,128,3,0,124,4,0,0,0,0,2016-04-21 22:45:00,2016,4,Thursday,3,22.75
757,photo,316,3,0,309,4,3,0,0,0,2016-04-21 21:22:00,2016,4,Thursday,3,21.366666666666667
758,photo,68,16,3,68,0,0,0,0,0,2016-04-21 05:14:00,2016,4,Thursday,3,5.233333333333333
759,photo,193,3,0,189,0,3,1,0,0,2016-04-21 04:45:00,2016,4,Thursday,3,4.75
760,video,75,3,0,74,0,1,0,0,0,2016-04-20 23:23:00,2016,4,Wednesday,2,23.383333333333333
761,photo,131,0,0,131,0,0,0,0,0,2016-04-20 21:20:00,2016,4,Wednesday,2,21.333333333333332
762,video,74,10,0,74,0,0,0,0,0,2016-04-20 05:19:00,2016,4,Wednesday,2,5.316666666666666
763,photo,67,11,0,67,0,0,0,0,0,2016-04-20 05:12:00,2016,4,Wednesday,2,5.2
764,status,35,2,0,35,0,0,0,0,0,2016-04-20 05:11:00,2016,4,Wednesday,2,5.183333333333334
765,photo,217,1,0,215,2,0,0,0,0,2016-04-20 02:45:00,2016,4,Wednesday,2,2.75
766,photo,398,3,0,395,3,0,0,0,0,2016-04-19 22:31:00,2016,4,Tuesday,1,22.516666666666666
767,photo,99,14,1,99,0,0,0,0,0,2016-04-19 21:53:00,2016,4,Tuesday,1,21.883333333333333
768,photo,138,1,0,136,1,1,0,0,0,2016-04-19 07:21:00,2016,4,Tuesday,1,7.35
769,photo,134,0,1,133,0,1,0,0,0,2016-04-19 07:13:00,2016,4,Tuesday,1,7.216666666666667
770,photo,267,9,0,263,0,3,1,0,0,2016-04-19 06:40:00,2016,4,Tuesday,1,6.666666666666667
771,video,87,17,0,81,6,0,0,0,0,2016-04-19 02:45:00,2016,4,Tuesday,1,2.75
772,photo,409,6,0,404,4,1,0,0,0,2016-04-19 01:49:00,2016,4,Tuesday,1,1.8166666666666667
773,photo,263,5,0,260,3,0,0,0,0,2016-04-19 00:14:00,2016,4,Tuesday,1,0.23333333333333334
774,photo,210,2,0,209,1,0,0,0,0,2016-04-18 23:24:00,2016,4,Monday,0,23.4
775,photo,104,14,0,103,1,0,0,0,0,2016-04-18 22:12:00,2016,4,Monday,0,22.2
776,video,158,48,0,152,5,1,0,0,0,2016-04-18 04:04:00,2016,4,Monday,0,4.066666666666666
777,photo,286,2,0,285,1,0,0,0,0,2016-04-18 00:37:00,2016,4,Monday,0,0.6166666666666667
778,photo,179,1,0,177,2,0,0,0,0,2016-04-17 21:59:00,2016,4,Sunday,6,21.983333333333334
779,photo,190,1,0,187,2,1,0,0,0,2016-04-17 21:33:00,2016,4,Sunday,6,21.55
780,photo,163,1,0,161,1,1,0,0,0,2016-04-17 04:07:00,2016,4,Sunday,6,4.116666666666666
781,photo,424,7,0,421,3,0,0,0,0,2016-04-17 03:41:00,2016,4,Sunday,6,3.6833333333333336
782,photo,181,3,0,180,1,0,0,0,0,2016-04-17 00:14:00,2016,4,Sunday,6,0.23333333333333334
783,photo,139,2,0,138,0,1,0,0,0,2016-04-16 01:01:00,2016,4,Saturday,5,1.0166666666666666
784,photo,775,18,0,762,5,8,0,0,0,2016-04-15 21:49:00,2016,4,Friday,4,21.816666666666666
785,photo,368,2,0,364,1,3,0,0,0,2016-04-15 21:47:00,2016,4,Friday,4,21.783333333333335
786,video,105,12,0,103,1,1,0,0,0,2016-04-15 19:28:00,2016,4,Friday,4,19.466666666666665
787,photo,218,2,0,217,1,0,0,0,0,2016-04-15 06:24:00,2016,4,Friday,4,6.4
788,video,89,9,0,88,1,0,0,0,0,2016-04-15 02:36:00,2016,4,Friday,4,2.6
789,photo,326,10,0,325,1,0,0,0,0,2016-04-15 01:16:00,2016,4,Friday,4,1.2666666666666666
790,video,106,3,0,104,0,2,0,0,0,2016-04-14 22:54:00,2016,4,Thursday,3,22.9
791,video,125,5,0,122,3,0,0,0,0,2016-04-14 22:36:00,2016,4,Thursday,3,22.6
792,video,123,16,0,118,4,0,1,0,0,2016-04-14 03:22:00,2016,4,Thursday,3,3.3666666666666667
793,photo,70,21,1,70,0,0,0,0,0,2016-04-13 08:22:00,2016,4,Wednesday,2,8.366666666666667
794,photo,58,0,0,58,0,0,0,0,0,2016-04-12 22:14:00,2016,4,Tuesday,1,22.233333333333334
795,photo,61,16,0,60,0,1,0,0,0,2016-04-12 08:51:00,2016,4,Tuesday,1,8.85
796,photo,66,14,1,65,1,0,0,0,0,2016-04-12 08:31:00,2016,4,Tuesday,1,8.516666666666667
797,photo,81,14,1,80,0,1,0,0,0,2016-04-12 08:31:00,2016,4,Tuesday,1,8.516666666666667
798,video,39,5,1,39,0,0,0,0,0,2016-04-12 03:54:00,2016,4,Tuesday,1,3.9
799,photo,167,0,0,165,1,1,0,0,0,2016-04-12 03:02:00,2016,4,Tuesday,1,3.033333333333333
800,video,78,13,0,78,0,0,0,0,0,2016-04-12 00:17:00,2016,4,Tuesday,1,0.2833333333333333
801,photo,140,13,0,137,1,2,0,0,0,2016-04-11 07:26:00,2016,4,Monday,0,7.433333333333334
802,photo,243,4,0,243,0,0,0,0,0,2016-04-11 03:30:00,2016,4,Monday,0,3.5
803,photo,199,3,0,197,0,2,0,0,0,2016-04-10 23:52:00,2016,4,Sunday,6,23.866666666666667
804,photo,354,15,0,349,4,1,0,0,0,2016-04-10 04:14:00,2016,4,Sunday,6,4.233333333333333
805,video,171,78,3,167,4,0,0,0,0,2016-04-10 03:09:00,2016,4,Sunday,6,3.15
806,status,55,4,0,54,1,0,0,0,0,2016-04-10 03:09:00,2016,4,Sunday,6,3.15
807,video,136,44,1,131,3,1,1,0,0,2016-04-10 02:37:00,2016,4,Sunday,6,2.6166666666666667
808,photo,51,8,0,51,0,0,0,0,0,2016-04-09 07:56:00,2016,4,Saturday,5,7.933333333333334
809,video,103,25,0,103,0,0,0,0,0,2016-04-09 06:29:00,2016,4,Saturday,5,6.483333333333333
810,photo,619,15,0,615,4,0,0,0,0,2016-04-09 05:33:00,2016,4,Saturday,5,5.55
811,photo,231,30,5,227,1,3,0,0,0,2016-04-09 04:14:00,2016,4,Saturday,5,4.233333333333333
812,photo,86,14,1,85,1,0,0,0,0,2016-04-09 04:10:00,2016,4,Saturday,5,4.166666666666667
813,photo,63,9,0,63,0,0,0,0,0,2016-04-09 03:44:00,2016,4,Saturday,5,3.7333333333333334
814,video,165,89,1,162,2,1,0,0,0,2016-04-09 03:12:00,2016,4,Saturday,5,3.2
815,photo,200,18,1,197,1,2,0,0,0,2016-04-08 04:28:00,2016,4,Friday,4,4.466666666666667
816,photo,180,15,1,178,1,1,0,0,0,2016-04-08 04:23:00,2016,4,Friday,4,4.383333333333334
817,video,214,152,0,210,4,0,0,0,0,2016-04-07 09:28:00,2016,4,Thursday,3,9.466666666666667
818,video,157,124,1,157,0,0,0,0,0,2016-04-07 03:48:00,2016,4,Thursday,3,3.8
819,link,44,1,0,44,0,0,0,0,0,2016-04-07 02:40:00,2016,4,Thursday,3,2.6666666666666665
820,photo,208,6,0,208,0,0,0,0,0,2016-04-07 00:10:00,2016,4,Thursday,3,0.16666666666666666
821,photo,145,2,0,145,0,0,0,0,0,2016-04-06 02:39:00,2016,4,Wednesday,2,2.65
822,video,177,134,0,176,1,0,0,0,0,2016-04-05 22:07:00,2016,4,Tuesday,1,22.116666666666667
823,photo,250,11,0,246,4,0,0,0,0,2016-04-05 06:51:00,2016,4,Tuesday,1,6.85
824,video,97,29,0,97,0,0,0,0,0,2016-04-04 23:38:00,2016,4,Monday,0,23.633333333333333
825,video,112,45,0,109,3,0,0,0,0,2016-04-04 23:25:00,2016,4,Monday,0,23.416666666666668
826,video,170,108,0,168,2,0,0,0,0,2016-04-04 09:16:00,2016,4,Monday,0,9.266666666666667
827,status,148,7,0,147,0,0,1,0,0,2016-04-04 00:17:00,2016,4,Monday,0,0.2833333333333333
828,photo,360,10,0,356,4,0,0,0,0,2016-04-03 23:18:00,2016,4,Sunday,6,23.3
829,photo,280,9,0,279,0,1,0,0,0,2016-04-03 07:27:00,2016,4,Sunday,6,7.45
830,video,111,45,0,110,1,0,0,0,0,2016-04-03 02:17:00,2016,4,Sunday,6,2.283333333333333
831,video,188,242,6,187,1,0,0,0,0,2016-04-02 09:42:00,2016,4,Saturday,5,9.7
832,video,121,43,0,121,0,0,0,0,0,2016-04-02 03:43:00,2016,4,Saturday,5,3.716666666666667
833,link,43,4,1,43,0,0,0,0,0,2016-04-02 02:13:00,2016,4,Saturday,5,2.216666666666667
834,photo,111,15,0,108,2,1,0,0,0,2016-04-01 07:34:00,2016,4,Friday,4,7.566666666666666
835,video,111,4,0,110,1,0,0,0,0,2016-04-01 06:40:00,2016,4,Friday,4,6.666666666666667
836,video,119,31,2,119,0,0,0,0,0,2016-04-01 06:00:00,2016,4,Friday,4,6.0
837,photo,358,10,3,354,0,4,0,0,0,2016-03-31 23:20:00,2016,3,Thursday,3,23.333333333333332
838,video,187,25,0,186,1,0,0,0,0,2016-03-31 06:01:00,2016,3,Thursday,3,6.016666666666667
839,video,180,84,4,171,8,1,0,0,0,2016-03-31 01:52:00,2016,3,Thursday,3,1.8666666666666667
840,video,227,173,1,223,2,1,1,0,0,2016-03-30 09:08:00,2016,3,Wednesday,2,9.133333333333333
841,video,146,19,0,146,0,0,0,0,0,2016-03-29 08:52:00,2016,3,Tuesday,1,8.866666666666667
842,video,105,10,0,105,0,0,0,0,0,2016-03-29 08:42:00,2016,3,Tuesday,1,8.7
843,video,131,39,1,130,1,0,0,0,0,2016-03-29 08:20:00,2016,3,Tuesday,1,8.333333333333334
844,photo,325,13,1,322,3,0,0,0,0,2016-03-29 05:57:00,2016,3,Tuesday,1,5.95
845,video,113,2,1,113,0,0,0,0,0,2016-03-29 05:11:00,2016,3,Tuesday,1,5.183333333333334
846,video,102,13,1,102,0,0,0,0,0,2016-03-29 05:01:00,2016,3,Tuesday,1,5.016666666666667
847,photo,441,10,0,431,3,7,0,0,0,2016-03-28 21:01:00,2016,3,Monday,0,21.016666666666666
848,photo,260,6,0,260,0,0,0,0,0,2016-03-28 00:23:00,2016,3,Monday,0,0.38333333333333336
849,photo,31,14,0,31,0,0,0,0,0,2016-03-26 20:27:00,2016,3,Saturday,5,20.45
850,video,70,10,2,68,0,2,0,0,0,2016-03-25 10:57:00,2016,3,Friday,4,10.95
851,photo,147,1,0,147,0,0,0,0,0,2016-03-24 14:41:00,2016,3,Thursday,3,14.683333333333334
852,video,177,145,3,176,0,1,0,0,0,2016-03-23 10:22:00,2016,3,Wednesday,2,10.366666666666667
853,video,112,18,0,112,0,0,0,0,0,2016-03-23 10:20:00,2016,3,Wednesday,2,10.333333333333334
854,video,117,18,1,116,1,0,0,0,0,2016-03-23 09:29:00,2016,3,Wednesday,2,9.483333333333333
855,status,118,6,0,118,0,0,0,0,0,2016-03-23 07:31:00,2016,3,Wednesday,2,7.516666666666667
856,status,118,3,0,118,0,0,0,0,0,2016-03-23 06:46:00,2016,3,Wednesday,2,6.766666666666667
857,status,162,10,0,161,0,0,1,0,0,2016-03-19 08:46:00,2016,3,Saturday,5,8.766666666666667
858,photo,318,2,0,312,3,3,0,0,0,2016-03-18 22:42:00,2016,3,Friday,4,22.7
859,photo,59,14,0,58,1,0,0,0,0,2016-03-18 08:00:00,2016,3,Friday,4,8.0
860,photo,54,0,0,52,1,0,1,0,0,2016-03-18 07:59:00,2016,3,Friday,4,7.983333333333333
861,video,238,41,3,234,3,1,0,0,0,2016-03-17 11:16:00,2016,3,Thursday,3,11.266666666666667
862,video,350,389,6,342,7,1,0,0,0,2016-03-17 08:05:00,2016,3,Thursday,3,8.083333333333334
863,status,111,11,0,111,0,0,0,0,0,2016-03-17 00:32:00,2016,3,Thursday,3,0.5333333333333333
864,status,207,4,0,203,3,0,1,0,0,2016-03-16 10:33:00,2016,3,Wednesday,2,10.55
865,status,140,23,0,138,0,2,0,0,0,2016-03-16 09:17:00,2016,3,Wednesday,2,9.283333333333333
866,status,103,8,0,103,0,0,0,0,0,2016-03-16 09:15:00,2016,3,Wednesday,2,9.25
867,video,323,407,8,307,12,4,0,0,0,2016-03-16 08:03:00,2016,3,Wednesday,2,8.05
868,video,487,93,13,472,9,5,1,0,0,2016-03-16 08:00:00,2016,3,Wednesday,2,8.0
869,status,180,16,0,180,0,0,0,0,0,2016-03-16 07:41:00,2016,3,Wednesday,2,7.683333333333334
870,photo,156,0,0,155,1,0,0,0,0,2016-03-16 06:24:00,2016,3,Wednesday,2,6.4
871,photo,118,13,0,117,1,0,0,0,0,2016-03-16 06:19:00,2016,3,Wednesday,2,6.316666666666666
872,status,227,18,0,223,2,1,1,0,0,2016-03-15 12:24:00,2016,3,Tuesday,1,12.4
873,photo,26,2,0,26,0,0,0,0,0,2016-03-15 00:09:00,2016,3,Tuesday,1,0.15
874,photo,120,0,0,119,0,1,0,0,0,2016-03-14 01:14:00,2016,3,Monday,0,1.2333333333333334
875,link,59,6,5,59,0,0,0,0,0,2016-03-13 22:25:00,2016,3,Sunday,6,22.416666666666668
876,photo,90,13,1,90,0,0,0,0,0,2016-03-13 05:44:00,2016,3,Sunday,6,5.733333333333333
877,video,22,2,1,22,0,0,0,0,0,2016-03-13 01:08:00,2016,3,Sunday,6,1.1333333333333333
878,photo,73,5,0,72,0,1,0,0,0,2016-03-13 00:20:00,2016,3,Sunday,6,0.3333333333333333
879,photo,183,15,0,182,1,0,0,0,0,2016-03-12 23:15:00,2016,3,Saturday,5,23.25
880,photo,67,14,0,66,0,1,0,0,0,2016-03-12 00:37:00,2016,3,Saturday,5,0.6166666666666667
881,video,45,1,0,45,0,0,0,0,0,2016-03-08 19:57:00,2016,3,Tuesday,1,19.95
882,photo,110,3,0,110,0,0,0,0,0,2016-03-08 10:21:00,2016,3,Tuesday,1,10.35
883,status,120,4,0,117,1,0,2,0,0,2016-03-08 09:17:00,2016,3,Tuesday,1,9.283333333333333
884,status,87,1,4,83,2,2,0,0,0,2016-03-08 03:27:00,2016,3,Tuesday,1,3.45
885,photo,139,4,0,138,0,1,0,0,0,2016-03-08 02:43:00,2016,3,Tuesday,1,2.716666666666667
886,status,104,0,3,102,1,1,0,0,0,2016-03-08 02:25:00,2016,3,Tuesday,1,2.4166666666666665
887,photo,60,1,0,59,0,1,0,0,0,2016-03-08 00:13:00,2016,3,Tuesday,1,0.21666666666666667
888,photo,214,6,0,211,3,0,0,0,0,2016-03-06 07:00:00,2016,3,Sunday,6,7.0
889,photo,160,1,0,158,2,0,0,0,0,2016-03-06 02:24:00,2016,3,Sunday,6,2.4
890,photo,322,8,0,320,2,0,0,0,0,2016-03-05 23:29:00,2016,3,Saturday,5,23.483333333333334
891,photo,348,3,2,345,2,1,0,0,0,2016-03-05 21:47:00,2016,3,Saturday,5,21.783333333333335
892,photo,292,10,1,285,5,2,0,0,0,2016-03-04 20:13:00,2016,3,Friday,4,20.216666666666665
893,link,51,0,0,51,0,0,0,0,0,2016-03-04 09:17:00,2016,3,Friday,4,9.283333333333333
894,photo,251,20,4,248,2,1,0,0,0,2016-03-04 06:44:00,2016,3,Friday,4,6.733333333333333
895,status,67,5,0,66,1,0,0,0,0,2016-03-03 10:41:00,2016,3,Thursday,3,10.683333333333334
896,status,43,8,0,42,1,0,0,0,0,2016-03-03 09:54:00,2016,3,Thursday,3,9.9
897,status,58,10,0,58,0,0,0,0,0,2016-03-03 03:44:00,2016,3,Thursday,3,3.7333333333333334
898,video,37,1,0,37,0,0,0,0,0,2016-03-03 02:55:00,2016,3,Thursday,3,2.9166666666666665
899,video,40,2,4,39,1,0,0,0,0,2016-03-01 04:48:00,2016,3,Tuesday,1,4.8
900,status,56,9,1,56,0,0,0,0,0,2016-03-01 02:28:00,2016,3,Tuesday,1,2.466666666666667
901,link,59,3,0,58,0,1,0,0,0,2016-03-01 00:26:00,2016,3,Tuesday,1,0.43333333333333335
902,photo,147,2,17,144,2,1,0,0,0,2016-02-29 12:44:00,2016,2,Monday,0,12.733333333333333
903,photo,231,5,1,220,7,4,0,0,0,2016-02-28 04:30:00,2016,2,Sunday,6,4.5
904,video,71,6,2,71,0,0,0,0,0,2016-02-28 00:41:00,2016,2,Sunday,6,0.6833333333333333
905,video,48,1,0,45,2,1,0,0,0,2016-02-27 22:32:00,2016,2,Saturday,5,22.533333333333335
906,photo,261,4,0,248,6,6,1,0,0,2016-02-27 02:22:00,2016,2,Saturday,5,2.3666666666666667
907,photo,225,0,20,222,3,0,0,0,0,2016-02-27 02:12:00,2016,2,Saturday,5,2.2
908,photo,148,16,0,140,3,4,1,0,0,2016-02-26 23:32:00,2016,2,Friday,4,23.533333333333335
909,video,68,3,3,63,3,0,2,0,0,2016-02-25 22:15:00,2016,2,Thursday,3,22.25
910,photo,543,22,0,501,29,11,2,0,0,2016-02-25 22:09:00,2016,2,Thursday,3,22.15
911,video,74,9,6,74,0,0,0,0,0,2016-02-25 04:38:00,2016,2,Thursday,3,4.633333333333333
912,photo,249,10,1,249,0,0,0,0,0,2016-02-24 04:06:00,2016,2,Wednesday,2,4.1
913,photo,629,7,0,625,2,1,1,0,0,2016-02-24 04:01:00,2016,2,Wednesday,2,4.016666666666667
914,video,57,9,3,57,0,0,0,0,0,2016-02-24 03:55:00,2016,2,Wednesday,2,3.9166666666666665
915,photo,279,18,2,279,0,0,0,0,0,2016-02-23 23:36:00,2016,2,Tuesday,1,23.6
916,status,68,13,1,68,0,0,0,0,0,2016-02-20 01:50:00,2016,2,Saturday,5,1.8333333333333335
917,status,106,19,0,106,0,0,0,0,0,2016-02-18 10:51:00,2016,2,Thursday,3,10.85
918,status,73,19,2,73,0,0,0,0,0,2016-02-18 02:30:00,2016,2,Thursday,3,2.5
919,status,68,14,0,68,0,0,0,0,0,2016-02-16 22:07:00,2016,2,Tuesday,1,22.116666666666667
920,photo,12,5,0,12,0,0,0,0,0,2016-02-14 07:03:00,2016,2,Sunday,6,7.05
921,photo,10,4,0,10,0,0,0,0,0,2016-02-14 07:03:00,2016,2,Sunday,6,7.05
922,video,35,0,0,35,0,0,0,0,0,2016-02-13 09:34:00,2016,2,Saturday,5,9.566666666666666
923,link,40,1,0,40,0,0,0,0,0,2016-02-13 04:45:00,2016,2,Saturday,5,4.75
924,video,44,9,4,44,0,0,0,0,0,2016-02-12 22:48:00,2016,2,Friday,4,22.8
925,link,6,0,0,6,0,0,0,0,0,2016-02-12 22:41:00,2016,2,Friday,4,22.683333333333334
926,photo,80,4,0,80,0,0,0,0,0,2016-02-12 03:55:00,2016,2,Friday,4,3.9166666666666665
927,photo,83,8,0,83,0,0,0,0,0,2016-02-12 03:55:00,2016,2,Friday,4,3.9166666666666665
928,photo,66,2,1,66,0,0,0,0,0,2016-02-12 01:25:00,2016,2,Friday,4,1.4166666666666667
929,photo,421,3,0,421,0,0,0,0,0,2016-02-09 05:26:00,2016,2,Tuesday,1,5.433333333333334
930,photo,246,5,1,246,0,0,0,0,0,2016-02-08 05:36:00,2016,2,Monday,0,5.6
931,photo,151,0,0,151,0,0,0,0,0,2016-02-07 10:36:00,2016,2,Sunday,6,10.6
932,photo,304,6,0,304,0,0,0,0,0,2016-02-07 09:56:00,2016,2,Sunday,6,9.933333333333334
933,photo,263,19,2,263,0,0,0,0,0,2016-02-07 06:51:00,2016,2,Sunday,6,6.85
934,photo,216,16,2,216,0,0,0,0,0,2016-02-04 04:09:00,2016,2,Thursday,3,4.15
935,status,42,9,0,42,0,0,0,0,0,2016-02-02 01:32:00,2016,2,Tuesday,1,1.5333333333333332
936,photo,289,11,0,289,0,0,0,0,0,2016-02-02 01:17:00,2016,2,Tuesday,1,1.2833333333333332
937,photo,330,8,0,330,0,0,0,0,0,2016-02-01 07:26:00,2016,2,Monday,0,7.433333333333334
938,photo,320,2,0,320,0,0,0,0,0,2016-02-01 05:28:00,2016,2,Monday,0,5.466666666666667
939,photo,355,9,0,355,0,0,0,0,0,2016-02-01 04:27:00,2016,2,Monday,0,4.45
940,photo,242,4,0,242,0,0,0,0,0,2016-01-31 11:08:00,2016,1,Sunday,6,11.133333333333333
941,photo,471,13,0,471,0,0,0,0,0,2016-01-31 07:20:00,2016,1,Sunday,6,7.333333333333333
942,photo,320,7,0,320,0,0,0,0,0,2016-01-31 02:24:00,2016,1,Sunday,6,2.4
943,photo,486,2,0,486,0,0,0,0,0,2016-01-30 09:21:00,2016,1,Saturday,5,9.35
944,photo,353,6,0,353,0,0,0,0,0,2016-01-30 04:46:00,2016,1,Saturday,5,4.766666666666667
945,photo,469,10,0,469,0,0,0,0,0,2016-01-30 04:22:00,2016,1,Saturday,5,4.366666666666666
946,photo,271,37,1,271,0,0,0,0,0,2016-01-30 03:03:00,2016,1,Saturday,5,3.05
947,photo,228,3,0,228,0,0,0,0,0,2016-01-30 00:55:00,2016,1,Saturday,5,0.9166666666666666
948,photo,495,11,0,495,0,0,0,0,0,2016-01-29 07:11:00,2016,1,Friday,4,7.183333333333334
949,photo,381,5,0,381,0,0,0,0,0,2016-01-29 03:29:00,2016,1,Friday,4,3.4833333333333334
950,photo,480,10,0,480,0,0,0,0,0,2016-01-28 06:07:00,2016,1,Thursday,3,6.116666666666666
951,photo,140,6,0,140,0,0,0,0,0,2016-01-26 23:33:00,2016,1,Tuesday,1,23.55
952,photo,443,11,0,443,0,0,0,0,0,2016-01-25 02:08:00,2016,1,Monday,0,2.1333333333333333
953,photo,182,1,16,182,0,0,0,0,0,2016-01-24 01:14:00,2016,1,Sunday,6,1.2333333333333334
954,photo,121,0,1,121,0,0,0,0,0,2016-01-23 02:05:00,2016,1,Saturday,5,2.0833333333333335
955,photo,49,9,0,49,0,0,0,0,0,2016-01-22 03:01:00,2016,1,Friday,4,3.0166666666666666
956,status,227,0,0,227,0,0,0,0,0,2016-01-20 05:30:00,2016,1,Wednesday,2,5.5
957,photo,230,6,0,230,0,0,0,0,0,2016-01-17 02:34:00,2016,1,Sunday,6,2.5666666666666664
958,photo,192,26,2,192,0,0,0,0,0,2016-01-16 03:43:00,2016,1,Saturday,5,3.716666666666667
959,photo,417,11,0,417,0,0,0,0,0,2016-01-15 07:58:00,2016,1,Friday,4,7.966666666666667
960,photo,552,8,0,552,0,0,0,0,0,2016-01-15 07:34:00,2016,1,Friday,4,7.566666666666666
961,status,111,12,0,111,0,0,0,0,0,2016-01-15 01:33:00,2016,1,Friday,4,1.55
962,photo,130,19,1,130,0,0,0,0,0,2016-01-13 03:11:00,2016,1,Wednesday,2,3.183333333333333
963,photo,100,11,0,100,0,0,0,0,0,2016-01-11 10:42:00,2016,1,Monday,0,10.7
964,video,50,11,0,50,0,0,0,0,0,2016-01-11 04:30:00,2016,1,Monday,0,4.5
965,photo,385,16,191,385,0,0,0,0,0,2016-01-11 01:56:00,2016,1,Monday,0,1.9333333333333333
966,photo,108,16,2,108,0,0,0,0,0,2016-01-10 22:55:00,2016,1,Sunday,6,22.916666666666668
967,photo,368,12,0,368,0,0,0,0,0,2016-01-08 10:30:00,2016,1,Friday,4,10.5
968,photo,307,18,0,307,0,0,0,0,0,2016-01-05 02:45:00,2016,1,Tuesday,1,2.75
969,photo,176,4,1,176,0,0,0,0,0,2016-01-05 02:44:00,2016,1,Tuesday,1,2.7333333333333334
970,photo,246,13,1,246,0,0,0,0,0,2016-01-05 02:37:00,2016,1,Tuesday,1,2.6166666666666667
971,photo,152,30,0,152,0,0,0,0,0,2016-01-05 02:20:00,2016,1,Tuesday,1,2.3333333333333335
972,photo,286,5,0,286,0,0,0,0,0,2016-01-03 06:55:00,2016,1,Sunday,6,6.916666666666667
973,status,108,8,0,108,0,0,0,0,0,2016-01-03 04:28:00,2016,1,Sunday,6,4.466666666666667
974,photo,25,8,0,25,0,0,0,0,0,2016-01-03 04:23:00,2016,1,Sunday,6,4.383333333333334
975,photo,21,2,0,21,0,0,0,0,0,2016-01-03 04:23:00,2016,1,Sunday,6,4.383333333333334
976,photo,318,7,1,318,0,0,0,0,0,2015-12-31 08:20:00,2015,12,Thursday,3,8.333333333333334
977,photo,370,16,1,370,0,0,0,0,0,2015-12-29 06:29:00,2015,12,Tuesday,1,6.483333333333333
978,photo,58,3,0,58,0,0,0,0,0,2015-12-28 03:55:00,2015,12,Monday,0,3.9166666666666665
979,photo,45,0,0,45,0,0,0,0,0,2015-12-28 03:54:00,2015,12,Monday,0,3.9
980,photo,69,0,0,69,0,0,0,0,0,2015-12-28 03:40:00,2015,12,Monday,0,3.6666666666666665
981,photo,135,2,0,135,0,0,0,0,0,2015-12-28 02:18:00,2015,12,Monday,0,2.3
982,photo,212,11,3,212,0,0,0,0,0,2015-12-25 04:49:00,2015,12,Friday,4,4.816666666666666
983,photo,184,3,1,184,0,0,0,0,0,2015-12-24 22:26:00,2015,12,Thursday,3,22.433333333333334
984,photo,103,0,0,103,0,0,0,0,0,2015-12-24 10:40:00,2015,12,Thursday,3,10.666666666666666
985,photo,302,9,0,302,0,0,0,0,0,2015-12-22 21:38:00,2015,12,Tuesday,1,21.633333333333333
986,photo,246,9,2,246,0,0,0,0,0,2015-12-22 06:46:00,2015,12,Tuesday,1,6.766666666666667
987,photo,117,0,0,117,0,0,0,0,0,2015-12-21 08:57:00,2015,12,Monday,0,8.95
988,photo,52,12,0,52,0,0,0,0,0,2015-12-21 06:57:00,2015,12,Monday,0,6.95
989,photo,317,8,0,317,0,0,0,0,0,2015-12-21 02:03:00,2015,12,Monday,0,2.05
990,photo,189,13,1,189,0,0,0,0,0,2015-12-20 06:04:00,2015,12,Sunday,6,6.066666666666666
991,photo,192,19,0,192,0,0,0,0,0,2015-12-20 05:15:00,2015,12,Sunday,6,5.25
992,photo,96,8,0,96,0,0,0,0,0,2015-12-19 09:18:00,2015,12,Saturday,5,9.3
993,photo,112,11,0,112,0,0,0,0,0,2015-12-18 06:27:00,2015,12,Friday,4,6.45
994,photo,124,12,0,124,0,0,0,0,0,2015-12-18 00:22:00,2015,12,Friday,4,0.36666666666666664
995,photo,155,5,0,155,0,0,0,0,0,2015-12-17 12:26:00,2015,12,Thursday,3,12.433333333333334
996,photo,167,16,0,167,0,0,0,0,0,2015-12-16 09:09:00,2015,12,Wednesday,2,9.15
997,photo,157,13,0,157,0,0,0,0,0,2015-12-16 04:44:00,2015,12,Wednesday,2,4.733333333333333
998,status,101,7,0,101,0,0,0,0,0,2015-12-15 11:33:00,2015,12,Tuesday,1,11.55
999,photo,230,20,0,230,0,0,0,0,0,2015-12-14 06:43:00,2015,12,Monday,0,6.716666666666667
1000,photo,136,5,1,136,0,0,0,0,0,2015-12-09 09:28:00,2015,12,Wednesday,2,9.466666666666667
1001,photo,131,0,0,131,0,0,0,0,0,2015-12-09 01:47:00,2015,12,Wednesday,2,1.7833333333333332
1002,status,128,18,0,128,0,0,0,0,0,2015-12-07 07:02:00,2015,12,Monday,0,7.033333333333333
1003,photo,129,13,0,129,0,0,0,0,0,2015-12-05 23:43:00,2015,12,Saturday,5,23.716666666666665
1004,status,376,18,16,376,0,0,0,0,0,2015-12-02 08:26:00,2015,12,Wednesday,2,8.433333333333334
1005,status,68,9,1,68,0,0,0,0,0,2015-12-02 06:38:00,2015,12,Wednesday,2,6.633333333333333
1006,status,142,2,2,142,0,0,0,0,0,2015-11-30 07:29:00,2015,11,Monday,0,7.483333333333333
1007,status,106,12,2,106,0,0,0,0,0,2015-11-24 02:12:00,2015,11,Tuesday,1,2.2
1008,photo,88,3,0,88,0,0,0,0,0,2015-11-23 07:49:00,2015,11,Monday,0,7.816666666666666
1009,status,49,9,0,49,0,0,0,0,0,2015-11-22 23:39:00,2015,11,Sunday,6,23.65
1010,status,1052,12,7,1052,0,0,0,0,0,2015-11-21 08:01:00,2015,11,Saturday,5,8.016666666666667
1011,photo,948,7,0,948,0,0,0,0,0,2015-11-21 04:13:00,2015,11,Saturday,5,4.216666666666667
1012,photo,1552,23,0,1552,0,0,0,0,0,2015-11-19 20:42:00,2015,11,Thursday,3,20.7
1013,photo,1580,14,1,1580,0,0,0,0,0,2015-11-19 20:38:00,2015,11,Thursday,3,20.633333333333333
1014,status,1241,6,0,1241,0,0,0,0,0,2015-11-16 21:58:00,2015,11,Monday,0,21.966666666666665
1015,status,1054,9,0,1054,0,0,0,0,0,2015-11-16 03:07:00,2015,11,Monday,0,3.1166666666666667
1016,status,954,10,0,954,0,0,0,0,0,2015-11-15 20:41:00,2015,11,Sunday,6,20.683333333333334
1017,status,1014,14,2,1014,0,0,0,0,0,2015-11-11 22:49:00,2015,11,Wednesday,2,22.816666666666666
1018,status,1768,0,1,1768,0,0,0,0,0,2015-11-11 03:44:00,2015,11,Wednesday,2,3.7333333333333334
1019,status,951,13,1,951,0,0,0,0,0,2015-11-11 02:22:00,2015,11,Wednesday,2,2.3666666666666667
1020,status,1223,34,0,1223,0,0,0,0,0,2015-11-10 02:11:00,2015,11,Tuesday,1,2.183333333333333
1021,status,987,13,1,987,0,0,0,0,0,2015-11-08 07:21:00,2015,11,Sunday,6,7.35
1022,status,2799,67,2,2799,0,0,0,0,0,2015-11-08 00:02:00,2015,11,Sunday,6,0.03333333333333333
1023,photo,102,1,0,102,0,0,0,0,0,2015-11-06 21:19:00,2015,11,Friday,4,21.316666666666666
1024,photo,160,3,0,160,0,0,0,0,0,2015-11-06 20:46:00,2015,11,Friday,4,20.766666666666666
1025,photo,1575,15,3,1575,0,0,0,0,0,2015-11-06 00:38:00,2015,11,Friday,4,0.6333333333333333
1026,status,945,9,2,945,0,0,0,0,0,2015-11-05 03:17:00,2015,11,Thursday,3,3.283333333333333
1027,photo,1194,14,0,1194,0,0,0,0,0,2015-11-04 03:35:00,2015,11,Wednesday,2,3.5833333333333335
1028,status,1339,9,1,1339,0,0,0,0,0,2015-11-04 02:37:00,2015,11,Wednesday,2,2.6166666666666667
1029,status,963,6,0,963,0,0,0,0,0,2015-11-03 01:46:00,2015,11,Tuesday,1,1.7666666666666666
1030,photo,1145,25,0,1145,0,0,0,0,0,2015-11-02 20:37:00,2015,11,Monday,0,20.616666666666667
1031,status,950,8,3,950,0,0,0,0,0,2015-11-02 05:21:00,2015,11,Monday,0,5.35
1032,photo,2024,23,1,2024,0,0,0,0,0,2015-11-01 22:07:00,2015,11,Sunday,6,22.116666666666667
1033,status,950,13,0,950,0,0,0,0,0,2015-11-01 04:47:00,2015,11,Sunday,6,4.783333333333333
1034,photo,951,10,0,951,0,0,0,0,0,2015-11-01 04:28:00,2015,11,Sunday,6,4.466666666666667
1035,status,974,10,0,974,0,0,0,0,0,2015-11-01 02:07:00,2015,11,Sunday,6,2.1166666666666667
1036,photo,1139,57,0,1139,0,0,0,0,0,2015-10-31 23:58:00,2015,10,Saturday,5,23.966666666666665
1037,status,1061,5,0,1061,0,0,0,0,0,2015-10-31 23:46:00,2015,10,Saturday,5,23.766666666666666
1038,status,1018,10,0,1018,0,0,0,0,0,2015-10-31 06:21:00,2015,10,Saturday,5,6.35
1039,status,991,10,1,991,0,0,0,0,0,2015-10-30 06:42:00,2015,10,Friday,4,6.7
1040,photo,952,4,0,952,0,0,0,0,0,2015-10-30 05:11:00,2015,10,Friday,4,5.183333333333334
1041,photo,1999,22,0,1999,0,0,0,0,0,2015-10-30 01:34:00,2015,10,Friday,4,1.5666666666666667
1042,status,1251,17,1,1251,0,0,0,0,0,2015-10-30 01:33:00,2015,10,Friday,4,1.55
1043,status,968,9,0,968,0,0,0,0,0,2015-10-29 23:43:00,2015,10,Thursday,3,23.716666666666665
1044,status,1338,6,1,1338,0,0,0,0,0,2015-10-28 22:33:00,2015,10,Wednesday,2,22.55
1045,photo,948,5,0,948,0,0,0,0,0,2015-10-28 07:42:00,2015,10,Wednesday,2,7.7
1046,photo,1,0,0,1,0,0,0,0,0,2015-10-28 06:29:00,2015,10,Wednesday,2,6.483333333333333
1047,photo,1914,0,2,1914,0,0,0,0,0,2015-10-28 06:19:00,2015,10,Wednesday,2,6.316666666666666
1048,status,1377,5,0,1377,0,0,0,0,0,2015-10-28 04:32:00,2015,10,Wednesday,2,4.533333333333333
1049,status,1244,13,1,1244,0,0,0,0,0,2015-10-28 04:13:00,2015,10,Wednesday,2,4.216666666666667
1050,status,948,3,0,948,0,0,0,0,0,2015-10-27 19:36:00,2015,10,Tuesday,1,19.6
1051,status,1229,5,0,1229,0,0,0,0,0,2015-10-27 08:32:00,2015,10,Tuesday,1,8.533333333333333
1052,status,1363,12,0,1363,0,0,0,0,0,2015-10-27 06:38:00,2015,10,Tuesday,1,6.633333333333333
1053,status,956,6,0,956,0,0,0,0,0,2015-10-27 06:29:00,2015,10,Tuesday,1,6.483333333333333
1054,photo,1080,28,0,1080,0,0,0,0,0,2015-10-26 09:41:00,2015,10,Monday,0,9.683333333333334
1055,status,994,9,0,994,0,0,0,0,0,2015-10-25 03:48:00,2015,10,Sunday,6,3.8
1056,status,1419,7,0,1419,0,0,0,0,0,2015-10-24 23:37:00,2015,10,Saturday,5,23.616666666666667
1057,photo,954,6,1,954,0,0,0,0,0,2015-10-24 09:09:00,2015,10,Saturday,5,9.15
1058,status,550,1,0,550,0,0,0,0,0,2015-10-24 07:25:00,2015,10,Saturday,5,7.416666666666667
1059,status,549,6,0,549,0,0,0,0,0,2015-10-24 06:55:00,2015,10,Saturday,5,6.916666666666667
1060,photo,1143,154,64,1143,0,0,0,0,0,2015-10-24 03:18:00,2015,10,Saturday,5,3.3
1061,status,1356,10,1,1356,0,0,0,0,0,2015-10-24 03:10:00,2015,10,Saturday,5,3.1666666666666665
1062,photo,1774,2,0,1774,0,0,0,0,0,2015-10-23 14:19:00,2015,10,Friday,4,14.316666666666666
1063,status,1230,49,0,1230,0,0,0,0,0,2015-10-21 23:51:00,2015,10,Wednesday,2,23.85
1064,photo,1451,14,4,1451,0,0,0,0,0,2015-10-21 23:01:00,2015,10,Wednesday,2,23.016666666666666
1065,photo,1784,3,0,1784,0,0,0,0,0,2015-10-21 02:06:00,2015,10,Wednesday,2,2.1
1066,status,1983,8,1,1983,0,0,0,0,0,2015-10-21 01:50:00,2015,10,Wednesday,2,1.8333333333333335
1067,photo,2632,11,0,2632,0,0,0,0,0,2015-10-20 22:02:00,2015,10,Tuesday,1,22.033333333333335
1068,photo,2166,8,0,2166,0,0,0,0,0,2015-10-19 03:14:00,2015,10,Monday,0,3.2333333333333334
1069,status,1218,12,1,1218,0,0,0,0,0,2015-10-16 23:09:00,2015,10,Friday,4,23.15
1070,photo,1724,129,105,1724,0,0,0,0,0,2015-10-16 21:45:00,2015,10,Friday,4,21.75
1071,photo,2773,8,1,2773,0,0,0,0,0,2015-10-12 06:39:00,2015,10,Monday,0,6.65
1072,status,1259,211,78,1259,0,0,0,0,0,2015-10-12 02:11:00,2015,10,Monday,0,2.183333333333333
1073,status,1270,9,0,1270,0,0,0,0,0,2015-10-12 02:09:00,2015,10,Monday,0,2.15
1074,photo,1921,8,0,1921,0,0,0,0,0,2015-10-10 03:14:00,2015,10,Saturday,5,3.2333333333333334
1075,status,1164,222,72,1164,0,0,0,0,0,2015-10-09 01:37:00,2015,10,Friday,4,1.6166666666666667
1076,photo,1029,11,1,1029,0,0,0,0,0,2015-10-09 00:07:00,2015,10,Friday,4,0.11666666666666667
1077,video,1197,12,5,1197,0,0,0,0,0,2015-10-08 03:43:00,2015,10,Thursday,3,3.716666666666667
1078,video,951,6,1,951,0,0,0,0,0,2015-10-08 02:59:00,2015,10,Thursday,3,2.9833333333333334
1079,video,121,14,11,121,0,0,0,0,0,2015-10-08 00:50:00,2015,10,Thursday,3,0.8333333333333334
1080,status,169,10,0,169,0,0,0,0,0,2015-10-07 23:06:00,2015,10,Wednesday,2,23.1
1081,video,2186,14,11,2186,0,0,0,0,0,2015-10-07 01:18:00,2015,10,Wednesday,2,1.3
1082,video,1910,7,0,1910,0,0,0,0,0,2015-10-07 01:00:00,2015,10,Wednesday,2,1.0
1083,photo,1069,20,3,1069,0,0,0,0,0,2015-10-05 01:55:00,2015,10,Monday,0,1.9166666666666665
1084,status,2177,18,0,2177,0,0,0,0,0,2015-10-02 09:24:00,2015,10,Friday,4,9.4
1085,photo,1825,13,0,1825,0,0,0,0,0,2015-09-28 06:32:00,2015,9,Monday,0,6.533333333333333
1086,photo,1880,1,0,1880,0,0,0,0,0,2015-09-28 03:26:00,2015,9,Monday,0,3.4333333333333336
1087,photo,1265,10,0,1265,0,0,0,0,0,2015-09-28 00:08:00,2015,9,Monday,0,0.13333333333333333
1088,status,2297,260,72,2297,0,0,0,0,0,2015-09-25 07:44:00,2015,9,Friday,4,7.733333333333333
1089,photo,1700,290,87,1700,0,0,0,0,0,2015-09-24 02:56:00,2015,9,Thursday,3,2.9333333333333336
1090,photo,976,2,0,976,0,0,0,0,0,2015-09-24 01:49:00,2015,9,Thursday,3,1.8166666666666667
1091,photo,1077,21,3,1077,0,0,0,0,0,2015-09-23 04:13:00,2015,9,Wednesday,2,4.216666666666667
1092,status,1346,330,72,1346,0,0,0,0,0,2015-09-20 22:53:00,2015,9,Sunday,6,22.883333333333333
1093,photo,1188,14,1,1188,0,0,0,0,0,2015-09-20 22:50:00,2015,9,Sunday,6,22.833333333333332
1094,status,1081,15,2,1081,0,0,0,0,0,2015-09-20 21:45:00,2015,9,Sunday,6,21.75
1095,photo,1898,28,3,1898,0,0,0,0,0,2015-09-16 07:16:00,2015,9,Wednesday,2,7.266666666666667
1096,video,1916,15,19,1916,0,0,0,0,0,2015-09-15 12:25:00,2015,9,Tuesday,1,12.416666666666666
1097,video,1092,17,23,1092,0,0,0,0,0,2015-09-14 01:43:00,2015,9,Monday,0,1.7166666666666668
1098,photo,1566,31,2,1566,0,0,0,0,0,2015-09-13 01:09:00,2015,9,Sunday,6,1.15
1099,status,992,7,0,992,0,0,0,0,0,2015-09-13 01:08:00,2015,9,Sunday,6,1.1333333333333333
1100,status,1172,199,62,1172,0,0,0,0,0,2015-09-13 01:03:00,2015,9,Sunday,6,1.05
1101,video,1646,12,14,1646,0,0,0,0,0,2015-09-13 00:24:00,2015,9,Sunday,6,0.4
1102,photo,1966,23,2,1966,0,0,0,0,0,2015-09-12 02:39:00,2015,9,Saturday,5,2.65
1103,video,2020,12,26,2020,0,0,0,0,0,2015-09-12 02:19:00,2015,9,Saturday,5,2.3166666666666664
1104,photo,2055,29,2,2055,0,0,0,0,0,2015-09-11 10:15:00,2015,9,Friday,4,10.25
1105,photo,1830,15,0,1830,0,0,0,0,0,2015-09-11 01:17:00,2015,9,Friday,4,1.2833333333333332
1106,status,2244,11,0,2244,0,0,0,0,0,2015-09-10 05:22:00,2015,9,Thursday,3,5.366666666666666
1107,photo,1128,10,8,1128,0,0,0,0,0,2015-09-10 04:53:00,2015,9,Thursday,3,4.883333333333333
1108,photo,1842,286,106,1842,0,0,0,0,0,2015-09-10 01:21:00,2015,9,Thursday,3,1.35
1109,photo,2606,13,1,2606,0,0,0,0,0,2015-09-07 22:14:00,2015,9,Monday,0,22.233333333333334
1110,photo,2153,44,10,2153,0,0,0,0,0,2015-09-05 02:57:00,2015,9,Saturday,5,2.95
1111,photo,2042,225,76,2042,0,0,0,0,0,2015-09-04 00:58:00,2015,9,Friday,4,0.9666666666666667
1112,photo,1125,363,122,1125,0,0,0,0,0,2015-09-01 00:26:00,2015,9,Tuesday,1,0.43333333333333335
1113,photo,2098,32,1,2098,0,0,0,0,0,2015-08-30 03:46:00,2015,8,Sunday,6,3.7666666666666666
1114,photo,1956,17,1,1956,0,0,0,0,0,2015-08-30 00:16:00,2015,8,Sunday,6,0.26666666666666666
1115,photo,2444,24,1,2444,0,0,0,0,0,2015-08-29 23:40:00,2015,8,Saturday,5,23.666666666666668
1116,photo,1803,10,0,1803,0,0,0,0,0,2015-08-29 10:11:00,2015,8,Saturday,5,10.183333333333334
1117,status,1042,8,0,1042,0,0,0,0,0,2015-08-29 02:39:00,2015,8,Saturday,5,2.65
1118,photo,1231,27,1,1231,0,0,0,0,0,2015-08-28 23:39:00,2015,8,Friday,4,23.65
1119,photo,2045,25,5,2045,0,0,0,0,0,2015-08-27 04:47:00,2015,8,Thursday,3,4.783333333333333
1120,video,1915,74,103,1915,0,0,0,0,0,2015-08-27 03:05:00,2015,8,Thursday,3,3.0833333333333335
1121,photo,1995,21,8,1995,0,0,0,0,0,2015-08-27 00:19:00,2015,8,Thursday,3,0.31666666666666665
1122,photo,2183,56,14,2183,0,0,0,0,0,2015-08-26 23:28:00,2015,8,Wednesday,2,23.466666666666665
1123,photo,1140,297,92,1140,0,0,0,0,0,2015-08-26 03:58:00,2015,8,Wednesday,2,3.966666666666667
1124,photo,1805,15,0,1805,0,0,0,0,0,2015-08-25 00:26:00,2015,8,Tuesday,1,0.43333333333333335
1125,photo,1962,354,119,1962,0,0,0,0,0,2015-08-25 00:13:00,2015,8,Tuesday,1,0.21666666666666667
1126,link,1933,8,0,1933,0,0,0,0,0,2015-08-19 20:38:00,2015,8,Wednesday,2,20.633333333333333
1127,photo,2636,16,0,2636,0,0,0,0,0,2015-08-16 11:39:00,2015,8,Sunday,6,11.65
1128,photo,2264,284,78,2264,0,0,0,0,0,2015-08-14 23:34:00,2015,8,Friday,4,23.566666666666666
1129,photo,2606,2,0,2606,0,0,0,0,0,2015-08-12 05:28:00,2015,8,Wednesday,2,5.466666666666667
1130,photo,1618,13,0,1618,0,0,0,0,0,2015-08-07 22:40:00,2015,8,Friday,4,22.666666666666668
1131,photo,2947,14,0,2947,0,0,0,0,0,2015-08-07 06:22:00,2015,8,Friday,4,6.366666666666666
1132,photo,2062,206,64,2062,0,0,0,0,0,2015-08-06 22:32:00,2015,8,Thursday,3,22.533333333333335
1133,status,1987,13,0,1987,0,0,0,0,0,2015-08-06 03:48:00,2015,8,Thursday,3,3.8
1134,photo,2265,8,0,2265,0,0,0,0,0,2015-08-05 06:29:00,2015,8,Wednesday,2,6.483333333333333
1135,video,1249,0,0,1249,0,0,0,0,0,2015-08-04 07:40:00,2015,8,Tuesday,1,7.666666666666667
1136,photo,2791,10,0,2791,0,0,0,0,0,2015-08-03 04:10:00,2015,8,Monday,0,4.166666666666667
1137,link,2214,1,0,2214,0,0,0,0,0,2015-08-02 04:45:00,2015,8,Sunday,6,4.75
1138,photo,2620,4,41,2620,0,0,0,0,0,2015-08-01 22:40:00,2015,8,Saturday,5,22.666666666666668
1139,video,2025,7,4,2025,0,0,0,0,0,2015-08-01 01:59:00,2015,8,Saturday,5,1.9833333333333334
1140,status,1968,6,1,1968,0,0,0,0,0,2015-07-29 02:57:00,2015,7,Wednesday,2,2.95
1141,photo,2204,8,0,2204,0,0,0,0,0,2015-07-29 01:11:00,2015,7,Wednesday,2,1.1833333333333333
1142,photo,2211,361,93,2211,0,0,0,0,0,2015-07-19 04:41:00,2015,7,Sunday,6,4.683333333333334
1143,photo,2399,11,0,2399,0,0,0,0,0,2015-07-16 02:37:00,2015,7,Thursday,3,2.6166666666666667
1144,photo,2260,390,122,2260,0,0,0,0,0,2015-07-16 01:49:00,2015,7,Thursday,3,1.8166666666666667
1145,status,1977,10,0,1977,0,0,0,0,0,2015-07-15 03:14:00,2015,7,Wednesday,2,3.2333333333333334
1146,photo,2348,12,0,2348,0,0,0,0,0,2015-07-14 01:21:00,2015,7,Tuesday,1,1.35
1147,photo,2489,32,0,2489,0,0,0,0,0,2015-07-09 21:58:00,2015,7,Thursday,3,21.966666666666665
1148,photo,2293,7,0,2293,0,0,0,0,0,2015-07-09 21:57:00,2015,7,Thursday,3,21.95
1149,photo,2221,10,0,2221,0,0,0,0,0,2015-07-09 03:55:00,2015,7,Thursday,3,3.9166666666666665
1150,photo,2314,509,35,2314,0,0,0,0,0,2015-07-06 22:35:00,2015,7,Monday,0,22.583333333333332
1151,photo,1279,11,0,1279,0,0,0,0,0,2015-07-06 02:56:00,2015,7,Monday,0,2.9333333333333336
1152,photo,2404,11,0,2404,0,0,0,0,0,2015-07-05 00:51:00,2015,7,Sunday,6,0.85
1153,status,2010,32,0,2010,0,0,0,0,0,2015-07-04 00:48:00,2015,7,Saturday,5,0.8
1154,photo,1191,22,2,1191,0,0,0,0,0,2015-07-01 08:18:00,2015,7,Wednesday,2,8.3
1155,photo,1392,10,0,1392,0,0,0,0,0,2015-06-29 23:44:00,2015,6,Monday,0,23.733333333333334
1156,video,2204,10,9,2204,0,0,0,0,0,2015-06-26 01:46:00,2015,6,Friday,4,1.7666666666666666
1157,status,1929,17,1,1929,0,0,0,0,0,2015-06-26 01:11:00,2015,6,Friday,4,1.1833333333333333
1158,photo,7,0,2,7,0,0,0,0,0,2015-06-25 23:26:00,2015,6,Thursday,3,23.433333333333334
1159,photo,12,1,0,12,0,0,0,0,0,2015-06-25 07:51:00,2015,6,Thursday,3,7.85
1160,photo,3,0,2,3,0,0,0,0,0,2015-06-25 04:53:00,2015,6,Thursday,3,4.883333333333333
1161,status,2303,21,5,2303,0,0,0,0,0,2015-06-24 04:00:00,2015,6,Wednesday,2,4.0
1162,video,1926,4,15,1926,0,0,0,0,0,2015-06-23 04:35:00,2015,6,Tuesday,1,4.583333333333333
1163,video,2288,5,7,2288,0,0,0,0,0,2015-06-22 00:24:00,2015,6,Monday,0,0.4
1164,status,2419,15,14,2419,0,0,0,0,0,2015-06-21 23:59:00,2015,6,Sunday,6,23.983333333333334
1165,status,2297,14,0,2297,0,0,0,0,0,2015-06-21 23:42:00,2015,6,Sunday,6,23.7
1166,status,1888,15,0,1888,0,0,0,0,0,2015-06-21 22:22:00,2015,6,Sunday,6,22.366666666666667
1167,video,2033,11,12,2033,0,0,0,0,0,2015-06-21 01:06:00,2015,6,Sunday,6,1.1
1168,photo,2414,22,0,2414,0,0,0,0,0,2015-06-21 01:01:00,2015,6,Sunday,6,1.0166666666666666
1169,video,1982,12,1,1982,0,0,0,0,0,2015-06-20 02:48:00,2015,6,Saturday,5,2.8
1170,status,2223,13,1,2223,0,0,0,0,0,2015-06-20 01:16:00,2015,6,Saturday,5,1.2666666666666666
1171,photo,2341,18,0,2341,0,0,0,0,0,2015-06-20 00:38:00,2015,6,Saturday,5,0.6333333333333333
1172,status,2101,7,2,2101,0,0,0,0,0,2015-06-19 00:39:00,2015,6,Friday,4,0.65
1173,video,2201,2,1,2201,0,0,0,0,0,2015-06-18 03:39:00,2015,6,Thursday,3,3.65
1174,video,2020,4,12,2020,0,0,0,0,0,2015-06-18 01:32:00,2015,6,Thursday,3,1.5333333333333332
1175,link,1940,70,12,1940,0,0,0,0,0,2015-06-17 04:21:00,2015,6,Wednesday,2,4.35
1176,photo,2071,12,0,2071,0,0,0,0,0,2015-06-16 23:41:00,2015,6,Tuesday,1,23.683333333333334
1177,photo,2080,32,2,2080,0,0,0,0,0,2015-06-14 22:23:00,2015,6,Sunday,6,22.383333333333333
1178,photo,2382,17,0,2382,0,0,0,0,0,2015-06-12 09:02:00,2015,6,Friday,4,9.033333333333333
1179,video,2259,5,8,2259,0,0,0,0,0,2015-06-10 09:00:00,2015,6,Wednesday,2,9.0
1180,video,55,2,9,55,0,0,0,0,0,2015-06-10 09:00:00,2015,6,Wednesday,2,9.0
1181,photo,2242,7,6,2242,0,0,0,0,0,2015-06-10 04:57:00,2015,6,Wednesday,2,4.95
1182,photo,2028,16,0,2028,0,0,0,0,0,2015-06-08 11:00:00,2015,6,Monday,0,11.0
1183,video,2300,1,6,2300,0,0,0,0,0,2015-06-08 05:05:00,2015,6,Monday,0,5.083333333333333
1184,photo,6,0,1,6,0,0,0,0,0,2015-06-07 05:23:00,2015,6,Sunday,6,5.383333333333334
1185,video,2273,2,6,2273,0,0,0,0,0,2015-06-07 03:32:00,2015,6,Sunday,6,3.533333333333333
1186,photo,2132,36,4,2132,0,0,0,0,0,2015-06-05 22:20:00,2015,6,Friday,4,22.333333333333332
1187,photo,2074,22,1,2074,0,0,0,0,0,2015-06-04 22:40:00,2015,6,Thursday,3,22.666666666666668
1188,photo,2276,30,1,2276,0,0,0,0,0,2015-06-04 22:32:00,2015,6,Thursday,3,22.533333333333335
1189,status,2319,14,2,2319,0,0,0,0,0,2015-06-04 02:18:00,2015,6,Thursday,3,2.3
1190,video,2217,3,7,2217,0,0,0,0,0,2015-06-03 04:25:00,2015,6,Wednesday,2,4.416666666666667
1191,video,2329,13,18,2329,0,0,0,0,0,2015-06-02 04:59:00,2015,6,Tuesday,1,4.983333333333333
1192,photo,2174,18,1,2174,0,0,0,0,0,2015-06-02 02:25:00,2015,6,Tuesday,1,2.4166666666666665
1193,video,2252,0,1,2252,0,0,0,0,0,2015-06-01 03:26:00,2015,6,Monday,0,3.4333333333333336
1194,video,2251,3,0,2251,0,0,0,0,0,2015-05-31 03:21:00,2015,5,Sunday,6,3.35
1195,link,1931,26,0,1931,0,0,0,0,0,2015-05-22 08:21:00,2015,5,Friday,4,8.35
1196,photo,2095,213,68,2095,0,0,0,0,0,2015-05-22 03:11:00,2015,5,Friday,4,3.183333333333333
1197,photo,2030,28,0,2030,0,0,0,0,0,2015-05-22 03:09:00,2015,5,Friday,4,3.15
1198,photo,2634,449,119,2634,0,0,0,0,0,2015-05-21 02:09:00,2015,5,Thursday,3,2.15
1199,link,2026,35,1,2026,0,0,0,0,0,2015-05-20 08:00:00,2015,5,Wednesday,2,8.0
1200,photo,2118,6,0,2118,0,0,0,0,0,2015-05-20 00:13:00,2015,5,Wednesday,2,0.21666666666666667
1201,photo,2112,28,2,2112,0,0,0,0,0,2015-05-19 21:42:00,2015,5,Tuesday,1,21.7
1202,photo,2675,13,0,2675,0,0,0,0,0,2015-05-19 06:07:00,2015,5,Tuesday,1,6.116666666666666
1203,photo,2126,11,0,2126,0,0,0,0,0,2015-05-18 22:55:00,2015,5,Monday,0,22.916666666666668
1204,video,2418,179,48,2418,0,0,0,0,0,2015-05-18 06:20:00,2015,5,Monday,0,6.333333333333333
1205,video,1892,4,1,1892,0,0,0,0,0,2015-05-18 02:43:00,2015,5,Monday,0,2.716666666666667
1206,photo,2462,12,0,2462,0,0,0,0,0,2015-05-17 06:26:00,2015,5,Sunday,6,6.433333333333334
1207,video,3639,175,101,3639,0,0,0,0,0,2015-05-17 05:33:00,2015,5,Sunday,6,5.55
1208,video,270,14,37,270,0,0,0,0,0,2015-05-17 01:06:00,2015,5,Sunday,6,1.1
1209,photo,380,24,3,380,0,0,0,0,0,2015-05-17 00:47:00,2015,5,Sunday,6,0.7833333333333333
1210,status,421,16,0,421,0,0,0,0,0,2015-05-16 09:52:00,2015,5,Saturday,5,9.866666666666667
1211,photo,2253,8,0,2253,0,0,0,0,0,2015-05-12 05:51:00,2015,5,Tuesday,1,5.85
1212,photo,2346,7,1,2346,0,0,0,0,0,2015-05-12 05:51:00,2015,5,Tuesday,1,5.85
1213,video,2999,281,87,2999,0,0,0,0,0,2015-05-10 22:40:00,2015,5,Sunday,6,22.666666666666668
1214,video,1904,5,1,1904,0,0,0,0,0,2015-05-09 01:28:00,2015,5,Saturday,5,1.4666666666666668
1215,photo,2402,4,0,2402,0,0,0,0,0,2015-05-08 04:21:00,2015,5,Friday,4,4.35
1216,photo,2239,42,2,2239,0,0,0,0,0,2015-05-06 22:07:00,2015,5,Wednesday,2,22.116666666666667
1217,status,2332,46,0,2332,0,0,0,0,0,2015-05-06 05:14:00,2015,5,Wednesday,2,5.233333333333333
1218,video,2374,8,9,2374,0,0,0,0,0,2015-04-24 04:26:00,2015,4,Friday,4,4.433333333333334
1219,photo,2492,10,0,2492,0,0,0,0,0,2015-04-23 21:45:00,2015,4,Thursday,3,21.75
1220,status,2072,22,1,2072,0,0,0,0,0,2015-04-23 09:05:00,2015,4,Thursday,3,9.083333333333334
1221,photo,2826,21,0,2826,0,0,0,0,0,2015-04-23 03:30:00,2015,4,Thursday,3,3.5
1222,photo,2032,3,0,2032,0,0,0,0,0,2015-04-23 03:25:00,2015,4,Thursday,3,3.4166666666666665
1223,photo,2154,6,2,2154,0,0,0,0,0,2015-04-23 03:23:00,2015,4,Thursday,3,3.3833333333333333
1224,photo,1997,3,1,1997,0,0,0,0,0,2015-04-23 03:21:00,2015,4,Thursday,3,3.35
1225,photo,2320,7,0,2320,0,0,0,0,0,2015-04-14 06:10:00,2015,4,Tuesday,1,6.166666666666667
1226,photo,2190,10,0,2190,0,0,0,0,0,2015-04-12 13:53:00,2015,4,Sunday,6,13.883333333333333
1227,photo,2545,14,3,2545,0,0,0,0,0,2015-04-10 09:04:00,2015,4,Friday,4,9.066666666666666
1228,photo,2452,8,0,2452,0,0,0,0,0,2015-04-10 07:55:00,2015,4,Friday,4,7.916666666666667
1229,photo,4710,50,1,4710,0,0,0,0,0,2015-04-10 06:31:00,2015,4,Friday,4,6.516666666666667
1230,photo,2549,8,0,2549,0,0,0,0,0,2015-04-10 06:07:00,2015,4,Friday,4,6.116666666666666
1231,photo,3190,19,1,3190,0,0,0,0,0,2015-04-07 22:48:00,2015,4,Tuesday,1,22.8
1232,photo,3510,12,0,3510,0,0,0,0,0,2015-04-07 22:40:00,2015,4,Tuesday,1,22.666666666666668
1233,photo,2255,10,2,2255,0,0,0,0,0,2015-04-07 05:57:00,2015,4,Tuesday,1,5.95
1234,photo,2309,5,1,2309,0,0,0,0,0,2015-04-07 05:56:00,2015,4,Tuesday,1,5.933333333333334
1235,photo,2051,7,2,2051,0,0,0,0,0,2015-04-06 21:54:00,2015,4,Monday,0,21.9
1236,photo,2350,11,0,2350,0,0,0,0,0,2015-04-03 22:31:00,2015,4,Friday,4,22.516666666666666
1237,video,2105,19,1,2105,0,0,0,0,0,2015-03-25 03:09:00,2015,3,Wednesday,2,3.15
1238,status,2291,108,0,2291,0,0,0,0,0,2015-03-25 00:46:00,2015,3,Wednesday,2,0.7666666666666667
1239,photo,2349,53,4,2349,0,0,0,0,0,2015-03-24 00:05:00,2015,3,Tuesday,1,0.08333333333333333
1240,photo,2157,19,0,2157,0,0,0,0,0,2015-03-22 04:53:00,2015,3,Sunday,6,4.883333333333333
1241,photo,2151,4,1,2151,0,0,0,0,0,2015-03-21 22:09:00,2015,3,Saturday,5,22.15
1242,photo,2615,23,0,2615,0,0,0,0,0,2015-03-21 04:15:00,2015,3,Saturday,5,4.25
1243,status,2148,32,1,2148,0,0,0,0,0,2015-03-20 00:04:00,2015,3,Friday,4,0.06666666666666667
1244,photo,3115,24,0,3115,0,0,0,0,0,2015-03-13 20:58:00,2015,3,Friday,4,20.966666666666665
1245,photo,1302,16,0,1302,0,0,0,0,0,2015-03-12 09:39:00,2015,3,Thursday,3,9.65
1246,photo,1815,12,0,1815,0,0,0,0,0,2015-03-11 22:40:00,2015,3,Wednesday,2,22.666666666666668
1247,photo,1379,20,0,1379,0,0,0,0,0,2015-03-11 04:27:00,2015,3,Wednesday,2,4.45
1248,link,1169,3,26,1169,0,0,0,0,0,2015-03-10 20:50:00,2015,3,Tuesday,1,20.833333333333332
1249,photo,1509,26,2,1509,0,0,0,0,0,2015-03-09 09:25:00,2015,3,Monday,0,9.416666666666666
1250,photo,956,6,0,956,0,0,0,0,0,2015-03-09 08:31:00,2015,3,Monday,0,8.516666666666667
1251,photo,1220,10,0,1220,0,0,0,0,0,2015-03-07 22:53:00,2015,3,Saturday,5,22.883333333333333
1252,photo,1601,38,2,1601,0,0,0,0,0,2015-03-01 23:17:00,2015,3,Sunday,6,23.283333333333335
1253,status,1496,85,0,1496,0,0,0,0,0,2015-02-28 03:58:00,2015,2,Saturday,5,3.966666666666667
1254,video,1103,24,18,1103,0,0,0,0,0,2015-02-28 03:41:00,2015,2,Saturday,5,3.6833333333333336
1255,status,1526,14,0,1526,0,0,0,0,0,2015-02-27 23:42:00,2015,2,Friday,4,23.7
1256,photo,1159,32,4,1159,0,0,0,0,0,2015-02-26 22:49:00,2015,2,Thursday,3,22.816666666666666
1257,link,1010,14,4,1010,0,0,0,0,0,2015-02-24 07:19:00,2015,2,Tuesday,1,7.316666666666666
1258,photo,1182,29,5,1182,0,0,0,0,0,2015-02-20 12:04:00,2015,2,Friday,4,12.066666666666666
1259,photo,1428,11,1,1428,0,0,0,0,0,2015-02-19 06:01:00,2015,2,Thursday,3,6.016666666666667
1260,photo,1473,12,1,1473,0,0,0,0,0,2015-02-19 06:00:00,2015,2,Thursday,3,6.0
1261,photo,1180,5,0,1180,0,0,0,0,0,2015-02-19 01:40:00,2015,2,Thursday,3,1.6666666666666665
1262,photo,1864,9,0,1864,0,0,0,0,0,2015-02-18 23:59:00,2015,2,Wednesday,2,23.983333333333334
1263,link,1032,9,0,1032,0,0,0,0,0,2015-02-18 20:53:00,2015,2,Wednesday,2,20.883333333333333
1264,photo,1630,15,1,1630,0,0,0,0,0,2015-02-18 00:48:00,2015,2,Wednesday,2,0.8
1265,photo,545,13,0,545,0,0,0,0,0,2015-02-15 23:12:00,2015,2,Sunday,6,23.2
1266,photo,1193,38,5,1193,0,0,0,0,0,2015-02-15 03:16:00,2015,2,Sunday,6,3.2666666666666666
1267,photo,1477,11,1,1477,0,0,0,0,0,2015-02-14 23:20:00,2015,2,Saturday,5,23.333333333333332
1268,photo,1272,7,1,1272,0,0,0,0,0,2015-02-14 13:29:00,2015,2,Saturday,5,13.483333333333333
1269,photo,1238,21,0,1238,0,0,0,0,0,2015-02-13 22:50:00,2015,2,Friday,4,22.833333333333332
1270,photo,1500,13,1,1500,0,0,0,0,0,2015-02-13 04:34:00,2015,2,Friday,4,4.566666666666666
1271,status,1917,58,8,1917,0,0,0,0,0,2015-02-13 02:47:00,2015,2,Friday,4,2.783333333333333
1272,photo,1126,66,6,1126,0,0,0,0,0,2015-02-11 22:18:00,2015,2,Wednesday,2,22.3
1273,photo,1246,41,3,1246,0,0,0,0,0,2015-02-09 09:36:00,2015,2,Monday,0,9.6
1274,photo,1540,25,2,1540,0,0,0,0,0,2015-02-08 05:35:00,2015,2,Sunday,6,5.583333333333333
1275,photo,1282,35,4,1282,0,0,0,0,0,2015-02-02 04:10:00,2015,2,Monday,0,4.166666666666667
1276,photo,1253,42,6,1253,0,0,0,0,0,2015-02-01 03:14:00,2015,2,Sunday,6,3.2333333333333334
1277,photo,1484,44,3,1484,0,0,0,0,0,2015-01-31 23:55:00,2015,1,Saturday,5,23.916666666666668
1278,photo,1445,40,3,1445,0,0,0,0,0,2015-01-29 22:47:00,2015,1,Thursday,3,22.783333333333335
1279,link,1132,16,8,1132,0,0,0,0,0,2015-01-29 22:27:00,2015,1,Thursday,3,22.45
1280,photo,1610,55,8,1610,0,0,0,0,0,2015-01-26 22:55:00,2015,1,Monday,0,22.916666666666668
1281,video,1714,36,9,1714,0,0,0,0,0,2015-01-26 06:02:00,2015,1,Monday,0,6.033333333333333
1282,video,2785,26,1,2785,0,0,0,0,0,2015-01-25 03:42:00,2015,1,Sunday,6,3.7
1283,photo,1884,17,2,1884,0,0,0,0,0,2015-01-24 23:02:00,2015,1,Saturday,5,23.033333333333335
1284,status,1667,6,0,1667,0,0,0,0,0,2015-01-24 23:01:00,2015,1,Saturday,5,23.016666666666666
1285,video,1204,9,5,1204,0,0,0,0,0,2015-01-23 23:14:00,2015,1,Friday,4,23.233333333333334
1286,link,1182,0,0,1182,0,0,0,0,0,2015-01-23 19:58:00,2015,1,Friday,4,19.966666666666665
1287,link,1212,7,1,1212,0,0,0,0,0,2015-01-23 09:48:00,2015,1,Friday,4,9.8
1288,photo,2674,24,1,2674,0,0,0,0,0,2015-01-23 08:27:00,2015,1,Friday,4,8.45
1289,photo,2054,21,3,2054,0,0,0,0,0,2015-01-22 05:38:00,2015,1,Thursday,3,5.633333333333333
1290,photo,1469,51,4,1469,0,0,0,0,0,2015-01-19 00:45:00,2015,1,Monday,0,0.75
1291,photo,1668,10,1,1668,0,0,0,0,0,2015-01-19 00:43:00,2015,1,Monday,0,0.7166666666666667
1292,photo,2000,9,1,2000,0,0,0,0,0,2015-01-18 22:12:00,2015,1,Sunday,6,22.2
1293,photo,1497,11,0,1497,0,0,0,0,0,2015-01-18 04:30:00,2015,1,Sunday,6,4.5
1294,link,1342,4,0,1342,0,0,0,0,0,2015-01-17 12:02:00,2015,1,Saturday,5,12.033333333333333
1295,photo,1268,6,0,1268,0,0,0,0,0,2015-01-15 23:09:00,2015,1,Thursday,3,23.15
1296,photo,1428,8,0,1428,0,0,0,0,0,2015-01-15 23:07:00,2015,1,Thursday,3,23.116666666666667
1297,photo,1492,5,0,1492,0,0,0,0,0,2015-01-14 08:17:00,2015,1,Wednesday,2,8.283333333333333
1298,video,2621,122,98,2621,0,0,0,0,0,2015-01-13 05:58:00,2015,1,Tuesday,1,5.966666666666667
1299,video,1277,14,29,1277,0,0,0,0,0,2015-01-13 00:12:00,2015,1,Tuesday,1,0.2
1300,photo,1833,30,0,1833,0,0,0,0,0,2015-01-12 00:03:00,2015,1,Monday,0,0.05
1301,status,2149,37,0,2149,0,0,0,0,0,2015-01-11 04:52:00,2015,1,Sunday,6,4.866666666666667
1302,photo,1562,46,9,1562,0,0,0,0,0,2015-01-10 23:32:00,2015,1,Saturday,5,23.533333333333335
1303,status,98,3,1,98,0,0,0,0,0,2015-01-10 23:09:00,2015,1,Saturday,5,23.15
1304,status,264,43,0,264,0,0,0,0,0,2015-01-10 22:22:00,2015,1,Saturday,5,22.366666666666667
1305,photo,1253,13,4,1253,0,0,0,0,0,2015-01-10 05:21:00,2015,1,Saturday,5,5.35
1306,photo,1300,18,1,1300,0,0,0,0,0,2015-01-10 05:05:00,2015,1,Saturday,5,5.083333333333333
1307,photo,1451,8,0,1451,0,0,0,0,0,2015-01-09 23:53:00,2015,1,Friday,4,23.883333333333333
1308,link,1444,6,1,1444,0,0,0,0,0,2015-01-07 02:59:00,2015,1,Wednesday,2,2.9833333333333334
1309,link,1182,0,0,1182,0,0,0,0,0,2015-01-07 02:59:00,2015,1,Wednesday,2,2.9833333333333334
1310,photo,366,28,5,366,0,0,0,0,0,2015-01-07 02:03:00,2015,1,Wednesday,2,2.05
1311,photo,1424,6,0,1424,0,0,0,0,0,2015-01-02 23:16:00,2015,1,Friday,4,23.266666666666666
1312,video,1294,23,47,1294,0,0,0,0,0,2015-01-02 03:41:00,2015,1,Friday,4,3.6833333333333336
1313,video,1501,113,38,1501,0,0,0,0,0,2014-12-10 07:42:00,2014,12,Wednesday,2,7.7
1314,photo,16,0,0,16,0,0,0,0,0,2014-11-22 01:36:00,2014,11,Saturday,5,1.6
1315,photo,40,0,0,40,0,0,0,0,0,2014-11-21 05:13:00,2014,11,Friday,4,5.216666666666667
1316,video,1078,131,50,1078,0,0,0,0,0,2014-10-25 09:12:00,2014,10,Saturday,5,9.2
1317,photo,413,29,3,413,0,0,0,0,0,2014-10-21 23:13:00,2014,10,Tuesday,1,23.216666666666665
1318,video,1077,243,65,1077,0,0,0,0,0,2014-10-19 06:14:00,2014,10,Sunday,6,6.233333333333333
1319,video,860,196,64,860,0,0,0,0,0,2014-10-18 05:50:00,2014,10,Saturday,5,5.833333333333333
1320,video,748,38,12,748,0,0,0,0,0,2014-10-06 07:40:00,2014,10,Monday,0,7.666666666666667
1321,photo,0,0,0,0,0,0,0,0,0,2014-10-01 23:53:00,2014,10,Wednesday,2,23.883333333333333
1322,video,103,1,0,103,0,0,0,0,0,2014-09-28 09:31:00,2014,9,Sunday,6,9.516666666666667
1323,photo,9,0,1,9,0,0,0,0,0,2014-09-12 22:16:00,2014,9,Friday,4,22.266666666666666
1324,photo,7,0,0,7,0,0,0,0,0,2014-09-12 21:56:00,2014,9,Friday,4,21.933333333333334
1325,photo,10,0,0,10,0,0,0,0,0,2014-09-12 21:30:00,2014,9,Friday,4,21.5
1326,photo,15,0,0,15,0,0,0,0,0,2014-09-12 13:16:00,2014,9,Friday,4,13.266666666666667
1327,photo,16,0,3,16,0,0,0,0,0,2014-09-12 13:11:00,2014,9,Friday,4,13.183333333333334
1328,video,616,11,0,616,0,0,0,0,0,2014-08-24 02:04:00,2014,8,Sunday,6,2.066666666666667
1329,video,1781,162,30,1781,0,0,0,0,0,2014-08-22 09:25:00,2014,8,Friday,4,9.416666666666666
1330,video,1343,15,3,1343,0,0,0,0,0,2014-08-21 05:47:00,2014,8,Thursday,3,5.783333333333333
1331,video,212,16,0,212,0,0,0,0,0,2014-08-14 11:37:00,2014,8,Thursday,3,11.616666666666667
1332,video,1053,5,1,1053,0,0,0,0,0,2014-08-06 05:56:00,2014,8,Wednesday,2,5.933333333333334
1333,video,1272,17,0,1272,0,0,0,0,0,2014-07-28 04:11:00,2014,7,Monday,0,4.183333333333334
1334,video,2081,58,36,2081,0,0,0,0,0,2014-07-27 01:54:00,2014,7,Sunday,6,1.9
1335,video,2713,67,15,2713,0,0,0,0,0,2014-07-20 03:32:00,2014,7,Sunday,6,3.533333333333333
1336,video,1529,22,7,1529,0,0,0,0,0,2014-07-20 03:02:00,2014,7,Sunday,6,3.033333333333333
1337,video,753,9,0,753,0,0,0,0,0,2014-07-16 20:43:00,2014,7,Wednesday,2,20.716666666666665
1338,video,271,3,0,271,0,0,0,0,0,2014-07-16 11:31:00,2014,7,Wednesday,2,11.516666666666667
1339,video,1429,34,14,1429,0,0,0,0,0,2014-07-09 06:28:00,2014,7,Wednesday,2,6.466666666666667
1340,video,147,4,1,147,0,0,0,0,0,2014-07-07 12:51:00,2014,7,Monday,0,12.85
1341,video,3730,156,93,3730,0,0,0,0,0,2014-07-05 07:47:00,2014,7,Saturday,5,7.783333333333333
1342,video,357,7,1,357,0,0,0,0,0,2014-07-02 01:52:00,2014,7,Wednesday,2,1.8666666666666667
1343,photo,358,1,0,358,0,0,0,0,0,2014-07-01 09:15:00,2014,7,Tuesday,1,9.25
1344,video,1211,84,8,1211,0,0,0,0,0,2014-06-30 03:53:00,2014,6,Monday,0,3.8833333333333333
1345,video,323,12,1,323,0,0,0,0,0,2014-06-26 21:12:00,2014,6,Thursday,3,21.2
1346,video,169,4,0,169,0,0,0,0,0,2014-06-21 11:54:00,2014,6,Saturday,5,11.9
1347,video,774,25,7,774,0,0,0,0,0,2014-06-18 09:27:00,2014,6,Wednesday,2,9.45
1348,video,1058,29,12,1058,0,0,0,0,0,2014-06-18 02:34:00,2014,6,Wednesday,2,2.5666666666666664
1349,video,230,4,1,230,0,0,0,0,0,2014-06-17 08:46:00,2014,6,Tuesday,1,8.766666666666667
1350,video,1204,23,13,1204,0,0,0,0,0,2014-06-17 05:53:00,2014,6,Tuesday,1,5.883333333333333
1351,video,375,15,1,375,0,0,0,0,0,2014-06-09 11:20:00,2014,6,Monday,0,11.333333333333334
1352,video,300,15,0,300,0,0,0,0,0,2014-06-09 11:10:00,2014,6,Monday,0,11.166666666666666
1353,video,228,9,0,228,0,0,0,0,0,2014-06-08 08:06:00,2014,6,Sunday,6,8.1
1354,video,435,9,1,435,0,0,0,0,0,2014-06-08 03:11:00,2014,6,Sunday,6,3.183333333333333
1355,video,572,6,2,572,0,0,0,0,0,2014-06-05 23:49:00,2014,6,Thursday,3,23.816666666666666
1356,video,532,19,1,532,0,0,0,0,0,2014-06-05 06:32:00,2014,6,Thursday,3,6.533333333333333
1357,video,471,10,1,471,0,0,0,0,0,2014-06-05 00:00:00,2014,6,Thursday,3,0.0
1358,video,640,31,2,640,0,0,0,0,0,2014-06-04 10:38:00,2014,6,Wednesday,2,10.633333333333333
1359,photo,376,3,20,376,0,0,0,0,0,2014-06-03 01:32:00,2014,6,Tuesday,1,1.5333333333333332
1360,video,330,5,0,330,0,0,0,0,0,2014-06-02 09:22:00,2014,6,Monday,0,9.366666666666667
1361,video,591,41,2,591,0,0,0,0,0,2014-06-01 07:16:00,2014,6,Sunday,6,7.266666666666667
1362,video,519,17,7,519,0,0,0,0,0,2014-05-31 05:50:00,2014,5,Saturday,5,5.833333333333333
1363,video,437,4,0,437,0,0,0,0,0,2014-05-31 00:24:00,2014,5,Saturday,5,0.4
1364,video,287,5,1,287,0,0,0,0,0,2014-05-30 07:42:00,2014,5,Friday,4,7.7
1365,video,482,38,0,482,0,0,0,0,0,2014-05-30 07:30:00,2014,5,Friday,4,7.5
1366,video,543,17,11,543,0,0,0,0,0,2014-05-28 07:01:00,2014,5,Wednesday,2,7.016666666666667
1367,video,463,14,0,463,0,0,0,0,0,2014-05-27 23:41:00,2014,5,Tuesday,1,23.683333333333334
1368,photo,272,3,0,272,0,0,0,0,0,2014-05-25 22:03:00,2014,5,Sunday,6,22.05
1369,video,432,5,0,432,0,0,0,0,0,2014-05-25 07:12:00,2014,5,Sunday,6,7.2
1370,video,1013,24,0,1013,0,0,0,0,0,2014-05-24 06:47:00,2014,5,Saturday,5,6.783333333333333
1371,video,653,19,3,653,0,0,0,0,0,2014-05-24 06:46:00,2014,5,Saturday,5,6.766666666666667
1372,video,148,6,0,148,0,0,0,0,0,2014-05-24 06:28:00,2014,5,Saturday,5,6.466666666666667
1373,video,433,7,0,433,0,0,0,0,0,2014-05-23 03:37:00,2014,5,Friday,4,3.6166666666666667
1374,video,404,6,7,404,0,0,0,0,0,2014-05-22 09:35:00,2014,5,Thursday,3,9.583333333333334
1375,video,616,7,0,616,0,0,0,0,0,2014-05-22 07:51:00,2014,5,Thursday,3,7.85
1376,video,452,5,0,452,0,0,0,0,0,2014-05-22 06:07:00,2014,5,Thursday,3,6.116666666666666
1377,video,457,6,0,457,0,0,0,0,0,2014-05-20 23:20:00,2014,5,Tuesday,1,23.333333333333332
1378,video,600,13,0,600,0,0,0,0,0,2014-05-20 23:19:00,2014,5,Tuesday,1,23.316666666666666
1379,video,345,7,1,345,0,0,0,0,0,2014-05-19 10:38:00,2014,5,Monday,0,10.633333333333333
1380,video,156,7,0,156,0,0,0,0,0,2014-05-08 10:22:00,2014,5,Thursday,3,10.366666666666667
1381,video,227,11,7,227,0,0,0,0,0,2014-05-08 10:20:00,2014,5,Thursday,3,10.333333333333334
1382,video,748,40,4,748,0,0,0,0,0,2014-05-08 04:44:00,2014,5,Thursday,3,4.733333333333333
1383,video,406,3,2,406,0,0,0,0,0,2014-05-06 11:40:00,2014,5,Tuesday,1,11.666666666666666
1384,video,548,36,5,548,0,0,0,0,0,2014-05-06 05:30:00,2014,5,Tuesday,1,5.5
1385,photo,156,0,0,156,0,0,0,0,0,2014-05-05 01:05:00,2014,5,Monday,0,1.0833333333333333
1386,video,641,14,2,641,0,0,0,0,0,2014-05-04 01:20:00,2014,5,Sunday,6,1.3333333333333333
1387,photo,14,1,0,14,0,0,0,0,0,2014-05-01 22:23:00,2014,5,Thursday,3,22.383333333333333
1388,video,489,13,1,489,0,0,0,0,0,2014-05-01 10:44:00,2014,5,Thursday,3,10.733333333333333
1389,video,644,30,0,644,0,0,0,0,0,2014-04-30 00:58:00,2014,4,Wednesday,2,0.9666666666666667
1390,video,187,12,1,187,0,0,0,0,0,2014-04-29 09:26:00,2014,4,Tuesday,1,9.433333333333334
1391,video,893,23,2,893,0,0,0,0,0,2014-04-28 05:44:00,2014,4,Monday,0,5.733333333333333
1392,video,406,18,8,406,0,0,0,0,0,2014-04-27 14:40:00,2014,4,Sunday,6,14.666666666666666
1393,video,329,10,1,329,0,0,0,0,0,2014-04-27 13:08:00,2014,4,Sunday,6,13.133333333333333
1394,video,507,15,0,507,0,0,0,0,0,2014-04-26 23:32:00,2014,4,Saturday,5,23.533333333333335
1395,photo,188,8,0,188,0,0,0,0,0,2014-04-26 08:55:00,2014,4,Saturday,5,8.916666666666666
1396,video,359,6,0,359,0,0,0,0,0,2014-04-26 01:14:00,2014,4,Saturday,5,1.2333333333333334
1397,video,525,14,1,525,0,0,0,0,0,2014-04-26 00:00:00,2014,4,Saturday,5,0.0
1398,video,306,12,0,306,0,0,0,0,0,2014-04-25 23:52:00,2014,4,Friday,4,23.866666666666667
1399,video,615,20,4,615,0,0,0,0,0,2014-04-25 23:33:00,2014,4,Friday,4,23.55
1400,video,572,10,0,572,0,0,0,0,0,2014-04-25 22:57:00,2014,4,Friday,4,22.95
1401,video,110,0,1,110,0,0,0,0,0,2014-04-25 09:45:00,2014,4,Friday,4,9.75
1402,video,742,10,1,742,0,0,0,0,0,2014-04-25 04:36:00,2014,4,Friday,4,4.6
1403,video,596,17,1,596,0,0,0,0,0,2014-04-24 04:58:00,2014,4,Thursday,3,4.966666666666667
1404,video,1230,31,2,1230,0,0,0,0,0,2014-04-24 03:14:00,2014,4,Thursday,3,3.2333333333333334
1405,video,758,24,3,758,0,0,0,0,0,2014-04-23 05:10:00,2014,4,Wednesday,2,5.166666666666667
1406,video,322,9,12,322,0,0,0,0,0,2014-04-22 13:31:00,2014,4,Tuesday,1,13.516666666666667
1407,video,924,22,6,924,0,0,0,0,0,2014-04-22 06:10:00,2014,4,Tuesday,1,6.166666666666667
1408,photo,537,16,1,537,0,0,0,0,0,2014-04-22 05:43:00,2014,4,Tuesday,1,5.716666666666667
1409,video,433,4,0,433,0,0,0,0,0,2014-04-20 12:27:00,2014,4,Sunday,6,12.45
1410,video,442,17,11,442,0,0,0,0,0,2014-04-18 05:32:00,2014,4,Friday,4,5.533333333333333
1411,video,544,19,0,544,0,0,0,0,0,2014-04-17 00:44:00,2014,4,Thursday,3,0.7333333333333333
1412,video,699,10,2,699,0,0,0,0,0,2014-04-15 23:55:00,2014,4,Tuesday,1,23.916666666666668
1413,video,1442,48,5,1442,0,0,0,0,0,2014-04-15 17:52:00,2014,4,Tuesday,1,17.866666666666667
1414,video,332,3,2,332,0,0,0,0,0,2014-04-11 06:12:00,2014,4,Friday,4,6.2
1415,video,972,16,2,972,0,0,0,0,0,2014-04-11 01:07:00,2014,4,Friday,4,1.1166666666666667
1416,video,330,18,0,330,0,0,0,0,0,2014-03-28 08:07:00,2014,3,Friday,4,8.116666666666667
1417,video,1325,30,2,1325,0,0,0,0,0,2014-03-27 09:45:00,2014,3,Thursday,3,9.75
1418,video,1923,234,5,1923,0,0,0,0,0,2014-03-25 12:31:00,2014,3,Tuesday,1,12.516666666666667
1419,video,1467,107,1,1467,0,0,0,0,0,2014-03-22 08:44:00,2014,3,Saturday,5,8.733333333333333
1420,video,1989,36,5,1989,0,0,0,0,0,2014-03-22 06:38:00,2014,3,Saturday,5,6.633333333333333
1421,video,779,9,0,779,0,0,0,0,0,2014-03-22 00:54:00,2014,3,Saturday,5,0.9
1422,video,626,9,0,626,0,0,0,0,0,2014-03-21 23:26:00,2014,3,Friday,4,23.433333333333334
1423,video,493,14,2,493,0,0,0,0,0,2014-03-21 09:38:00,2014,3,Friday,4,9.633333333333333
1424,video,2520,64,33,2520,0,0,0,0,0,2014-03-18 05:19:00,2014,3,Tuesday,1,5.316666666666666
1425,video,273,10,0,273,0,0,0,0,0,2014-03-16 09:41:00,2014,3,Sunday,6,9.683333333333334
1426,video,2613,50,3,2613,0,0,0,0,0,2014-03-16 01:19:00,2014,3,Sunday,6,1.3166666666666667
1427,video,2137,44,3,2137,0,0,0,0,0,2014-03-15 15:12:00,2014,3,Saturday,5,15.2
1428,video,665,9,1,665,0,0,0,0,0,2014-03-15 07:49:00,2014,3,Saturday,5,7.816666666666666
1429,video,3919,77,12,3919,0,0,0,0,0,2014-03-15 05:40:00,2014,3,Saturday,5,5.666666666666667
1430,video,4094,61,6,4094,0,0,0,0,0,2014-03-14 05:59:00,2014,3,Friday,4,5.983333333333333
1431,video,2836,48,7,2836,0,0,0,0,0,2014-03-13 02:20:00,2014,3,Thursday,3,2.3333333333333335
1432,video,562,5,1,562,0,0,0,0,0,2014-03-12 01:09:00,2014,3,Wednesday,2,1.15
1433,video,767,26,2,767,0,0,0,0,0,2014-03-11 23:48:00,2014,3,Tuesday,1,23.8
1434,video,722,9,1,722,0,0,0,0,0,2014-03-11 05:12:00,2014,3,Tuesday,1,5.2
1435,link,37,0,0,37,0,0,0,0,0,2014-03-10 22:34:00,2014,3,Monday,0,22.566666666666666
1436,video,637,8,1,637,0,0,0,0,0,2014-03-10 09:58:00,2014,3,Monday,0,9.966666666666667
1437,video,1347,13,1,1347,0,0,0,0,0,2014-03-10 08:56:00,2014,3,Monday,0,8.933333333333334
1438,video,922,5,0,922,0,0,0,0,0,2014-03-10 08:49:00,2014,3,Monday,0,8.816666666666666
1439,video,108,6,2,108,0,0,0,0,0,2014-03-10 06:12:00,2014,3,Monday,0,6.2
1440,video,685,10,2,685,0,0,0,0,0,2014-03-10 05:42:00,2014,3,Monday,0,5.7
1441,video,450,4,0,450,0,0,0,0,0,2014-03-10 04:06:00,2014,3,Monday,0,4.1
1442,video,353,0,3,353,0,0,0,0,0,2014-03-09 10:17:00,2014,3,Sunday,6,10.283333333333333
1443,video,458,3,0,458,0,0,0,0,0,2014-03-09 09:50:00,2014,3,Sunday,6,9.833333333333334
1444,video,2669,23,2,2669,0,0,0,0,0,2014-03-09 02:14:00,2014,3,Sunday,6,2.2333333333333334
1445,video,371,3,1,371,0,0,0,0,0,2014-03-08 23:22:00,2014,3,Saturday,5,23.366666666666667
1446,video,973,8,1,973,0,0,0,0,0,2014-03-08 23:04:00,2014,3,Saturday,5,23.066666666666666
1447,video,778,24,2,778,0,0,0,0,0,2014-03-08 10:16:00,2014,3,Saturday,5,10.266666666666667
1448,video,551,2,0,551,0,0,0,0,0,2014-03-08 09:25:00,2014,3,Saturday,5,9.416666666666666
1449,video,501,4,0,501,0,0,0,0,0,2014-03-08 08:36:00,2014,3,Saturday,5,8.6
1450,video,493,17,1,493,0,0,0,0,0,2014-03-08 08:07:00,2014,3,Saturday,5,8.116666666666667
1451,video,306,7,1,306,0,0,0,0,0,2014-03-07 23:42:00,2014,3,Friday,4,23.7
1452,video,405,6,1,405,0,0,0,0,0,2014-03-06 11:15:00,2014,3,Thursday,3,11.25
1453,video,497,8,0,497,0,0,0,0,0,2014-03-06 06:32:00,2014,3,Thursday,3,6.533333333333333
1454,video,782,11,0,782,0,0,0,0,0,2014-03-06 06:16:00,2014,3,Thursday,3,6.266666666666667
1455,video,367,7,0,367,0,0,0,0,0,2014-03-06 05:51:00,2014,3,Thursday,3,5.85
1456,video,500,16,0,500,0,0,0,0,0,2014-03-06 05:29:00,2014,3,Thursday,3,5.483333333333333
1457,video,426,9,2,426,0,0,0,0,0,2014-03-06 05:15:00,2014,3,Thursday,3,5.25
1458,video,880,24,1,880,0,0,0,0,0,2014-03-04 10:52:00,2014,3,Tuesday,1,10.866666666666667
1459,video,716,28,0,716,0,0,0,0,0,2014-03-04 10:45:00,2014,3,Tuesday,1,10.75
1460,video,461,17,1,461,0,0,0,0,0,2014-03-04 05:50:00,2014,3,Tuesday,1,5.833333333333333
1461,video,244,6,0,244,0,0,0,0,0,2014-03-04 03:17:00,2014,3,Tuesday,1,3.283333333333333
1462,video,589,18,1,589,0,0,0,0,0,2014-03-03 10:09:00,2014,3,Monday,0,10.15
1463,video,321,6,0,321,0,0,0,0,0,2014-03-02 23:38:00,2014,3,Sunday,6,23.633333333333333
1464,video,396,10,0,396,0,0,0,0,0,2014-03-02 23:37:00,2014,3,Sunday,6,23.616666666666667
1465,video,350,5,0,350,0,0,0,0,0,2014-03-02 13:40:00,2014,3,Sunday,6,13.666666666666666
1466,photo,164,5,0,164,0,0,0,0,0,2014-03-02 06:52:00,2014,3,Sunday,6,6.866666666666667
1467,video,718,20,0,718,0,0,0,0,0,2014-03-02 01:42:00,2014,3,Sunday,6,1.7
1468,video,196,12,0,196,0,0,0,0,0,2014-02-28 13:49:00,2014,2,Friday,4,13.816666666666666
1469,video,849,25,1,849,0,0,0,0,0,2014-02-28 05:55:00,2014,2,Friday,4,5.916666666666667
1470,video,109,6,3,109,0,0,0,0,0,2014-02-25 12:09:00,2014,2,Tuesday,1,12.15
1471,video,413,7,2,413,0,0,0,0,0,2014-02-24 06:05:00,2014,2,Monday,0,6.083333333333333
1472,video,395,16,0,395,0,0,0,0,0,2014-02-23 08:52:00,2014,2,Sunday,6,8.866666666666667
1473,video,425,12,0,425,0,0,0,0,0,2014-02-23 08:36:00,2014,2,Sunday,6,8.6
1474,video,688,8,0,688,0,0,0,0,0,2014-02-23 08:16:00,2014,2,Sunday,6,8.266666666666667
1475,video,313,6,0,313,0,0,0,0,0,2014-02-23 08:04:00,2014,2,Sunday,6,8.066666666666666
1476,video,399,34,4,399,0,0,0,0,0,2014-02-23 05:26:00,2014,2,Sunday,6,5.433333333333334
1477,video,714,46,5,714,0,0,0,0,0,2014-02-23 01:54:00,2014,2,Sunday,6,1.9
1478,video,576,17,3,576,0,0,0,0,0,2014-02-22 23:42:00,2014,2,Saturday,5,23.7
1479,video,462,15,0,462,0,0,0,0,0,2014-02-22 01:46:00,2014,2,Saturday,5,1.7666666666666666
1480,photo,41,2,0,41,0,0,0,0,0,2014-02-21 00:04:00,2014,2,Friday,4,0.06666666666666667
1481,video,469,17,0,469,0,0,0,0,0,2014-02-20 20:12:00,2014,2,Thursday,3,20.2
1482,photo,17,2,0,17,0,0,0,0,0,2014-02-17 10:29:00,2014,2,Monday,0,10.483333333333333
1483,photo,6,0,0,6,0,0,0,0,0,2014-02-17 10:24:00,2014,2,Monday,0,10.4
1484,photo,344,10,0,344,0,0,0,0,0,2014-02-17 09:16:00,2014,2,Monday,0,9.266666666666667
1485,video,621,16,8,621,0,0,0,0,0,2014-02-15 18:46:00,2014,2,Saturday,5,18.766666666666666
1486,video,603,13,1,603,0,0,0,0,0,2014-02-15 00:00:00,2014,2,Saturday,5,0.0
1487,video,530,13,0,530,0,0,0,0,0,2014-02-14 03:19:00,2014,2,Friday,4,3.3166666666666664
1488,photo,211,2,0,211,0,0,0,0,0,2014-02-14 03:07:00,2014,2,Friday,4,3.1166666666666667
1489,video,327,6,6,327,0,0,0,0,0,2014-02-13 14:25:00,2014,2,Thursday,3,14.416666666666666
1490,video,505,21,11,505,0,0,0,0,0,2014-02-13 12:09:00,2014,2,Thursday,3,12.15
1491,video,424,6,0,424,0,0,0,0,0,2014-02-13 06:53:00,2014,2,Thursday,3,6.883333333333333
1492,video,514,10,2,514,0,0,0,0,0,2014-02-13 05:26:00,2014,2,Thursday,3,5.433333333333334
1493,video,412,17,0,412,0,0,0,0,0,2014-02-12 11:54:00,2014,2,Wednesday,2,11.9
1494,video,150,4,0,150,0,0,0,0,0,2014-02-12 09:20:00,2014,2,Wednesday,2,9.333333333333334
1495,video,233,4,0,233,0,0,0,0,0,2014-02-12 05:40:00,2014,2,Wednesday,2,5.666666666666667
1496,video,906,22,3,906,0,0,0,0,0,2014-02-10 00:00:00,2014,2,Monday,0,0.0
1497,video,800,26,2,800,0,0,0,0,0,2014-02-08 00:00:00,2014,2,Saturday,5,0.0
1498,video,279,10,0,279,0,0,0,0,0,2014-02-05 12:01:00,2014,2,Wednesday,2,12.016666666666667
1499,video,715,18,6,715,0,0,0,0,0,2014-02-03 05:07:00,2014,2,Monday,0,5.116666666666666
1500,video,969,46,4,969,0,0,0,0,0,2014-02-02 14:08:00,2014,2,Sunday,6,14.133333333333333
1501,video,489,23,11,489,0,0,0,0,0,2014-02-01 11:02:00,2014,2,Saturday,5,11.033333333333333
1502,video,294,25,3,294,0,0,0,0,0,2014-02-01 01:18:00,2014,2,Saturday,5,1.3
1503,video,437,31,0,437,0,0,0,0,0,2014-01-31 09:02:00,2014,1,Friday,4,9.033333333333333
1504,photo,219,8,0,219,0,0,0,0,0,2014-01-30 08:30:00,2014,1,Thursday,3,8.5
1505,video,267,9,0,267,0,0,0,0,0,2014-01-29 05:28:00,2014,1,Wednesday,2,5.466666666666667
1506,video,321,12,2,321,0,0,0,0,0,2014-01-28 05:22:00,2014,1,Tuesday,1,5.366666666666666
1507,video,190,3,0,190,0,0,0,0,0,2014-01-28 05:07:00,2014,1,Tuesday,1,5.116666666666666
1508,video,318,14,0,318,0,0,0,0,0,2014-01-28 04:26:00,2014,1,Tuesday,1,4.433333333333334
1509,video,246,17,1,246,0,0,0,0,0,2014-01-28 03:23:00,2014,1,Tuesday,1,3.3833333333333333
1510,video,327,9,0,327,0,0,0,0,0,2014-01-28 00:00:00,2014,1,Tuesday,1,0.0
1511,video,417,6,0,417,0,0,0,0,0,2014-01-28 00:00:00,2014,1,Tuesday,1,0.0
1512,video,317,5,0,317,0,0,0,0,0,2014-01-27 10:21:00,2014,1,Monday,0,10.35
1513,video,340,11,0,340,0,0,0,0,0,2014-01-26 23:53:00,2014,1,Sunday,6,23.883333333333333
1514,video,385,12,0,385,0,0,0,0,0,2014-01-26 10:42:00,2014,1,Sunday,6,10.7
1515,video,543,5,0,543,0,0,0,0,0,2014-01-26 10:14:00,2014,1,Sunday,6,10.233333333333333
1516,video,981,32,6,981,0,0,0,0,0,2014-01-26 04:53:00,2014,1,Sunday,6,4.883333333333333
1517,video,308,5,0,308,0,0,0,0,0,2014-01-26 01:47:00,2014,1,Sunday,6,1.7833333333333332
1518,video,425,5,1,425,0,0,0,0,0,2014-01-24 06:51:00,2014,1,Friday,4,6.85
1519,video,542,9,0,542,0,0,0,0,0,2014-01-21 23:26:00,2014,1,Tuesday,1,23.433333333333334
1520,video,254,2,0,254,0,0,0,0,0,2014-01-21 06:47:00,2014,1,Tuesday,1,6.783333333333333
1521,video,325,36,0,325,0,0,0,0,0,2014-01-20 09:59:00,2014,1,Monday,0,9.983333333333333
1522,video,287,9,0,287,0,0,0,0,0,2014-01-20 09:37:00,2014,1,Monday,0,9.616666666666667
1523,video,247,8,0,247,0,0,0,0,0,2014-01-19 02:37:00,2014,1,Sunday,6,2.6166666666666667
1524,video,273,7,0,273,0,0,0,0,0,2014-01-14 00:00:00,2014,1,Tuesday,1,0.0
1525,video,396,30,1,396,0,0,0,0,0,2014-01-12 12:10:00,2014,1,Sunday,6,12.166666666666666
1526,video,241,2,0,241,0,0,0,0,0,2014-01-12 08:16:00,2014,1,Sunday,6,8.266666666666667
1527,video,204,1,0,204,0,0,0,0,0,2014-01-12 06:24:00,2014,1,Sunday,6,6.4
1528,video,199,6,1,199,0,0,0,0,0,2014-01-12 06:22:00,2014,1,Sunday,6,6.366666666666666
1529,photo,6,0,0,6,0,0,0,0,0,2014-01-12 00:49:00,2014,1,Sunday,6,0.8166666666666667
1530,video,421,10,2,421,0,0,0,0,0,2014-01-11 23:52:00,2014,1,Saturday,5,23.866666666666667
1531,video,240,7,0,240,0,0,0,0,0,2014-01-11 02:10:00,2014,1,Saturday,5,2.1666666666666665
1532,video,479,18,1,479,0,0,0,0,0,2014-01-11 00:00:00,2014,1,Saturday,5,0.0
1533,video,282,7,0,282,0,0,0,0,0,2014-01-10 09:38:00,2014,1,Friday,4,9.633333333333333
1534,video,107,1,2,107,0,0,0,0,0,2014-01-10 07:34:00,2014,1,Friday,4,7.566666666666666
1535,video,258,5,0,258,0,0,0,0,0,2014-01-10 07:25:00,2014,1,Friday,4,7.416666666666667
1536,video,799,31,4,799,0,0,0,0,0,2014-01-08 12:43:00,2014,1,Wednesday,2,12.716666666666667
1537,video,157,9,3,157,0,0,0,0,0,2014-01-08 10:08:00,2014,1,Wednesday,2,10.133333333333333
1538,video,358,19,1,358,0,0,0,0,0,2014-01-08 07:58:00,2014,1,Wednesday,2,7.966666666666667
1539,photo,45,1,0,45,0,0,0,0,0,2014-01-08 03:36:00,2014,1,Wednesday,2,3.6
1540,video,155,2,0,155,0,0,0,0,0,2014-01-08 02:40:00,2014,1,Wednesday,2,2.6666666666666665
1541,video,328,21,5,328,0,0,0,0,0,2014-01-07 23:15:00,2014,1,Tuesday,1,23.25
1542,video,271,6,0,271,0,0,0,0,0,2014-01-06 13:15:00,2014,1,Monday,0,13.25
1543,video,202,10,1,202,0,0,0,0,0,2014-01-05 14:29:00,2014,1,Sunday,6,14.483333333333333
1544,video,249,7,1,249,0,0,0,0,0,2014-01-05 13:42:00,2014,1,Sunday,6,13.7
1545,video,460,31,1,460,0,0,0,0,0,2014-01-05 09:23:00,2014,1,Sunday,6,9.383333333333333
1546,video,100,0,0,100,0,0,0,0,0,2013-12-31 23:38:00,2013,12,Tuesday,1,23.633333333333333
1547,video,101,2,1,101,0,0,0,0,0,2013-12-31 23:37:00,2013,12,Tuesday,1,23.616666666666667
1548,video,258,7,0,258,0,0,0,0,0,2013-12-31 11:36:00,2013,12,Tuesday,1,11.6
1549,video,152,5,0,152,0,0,0,0,0,2013-12-31 10:36:00,2013,12,Tuesday,1,10.6
1550,photo,87,3,0,87,0,0,0,0,0,2013-12-31 04:16:00,2013,12,Tuesday,1,4.266666666666667
1551,photo,46,4,0,46,0,0,0,0,0,2013-12-28 06:29:00,2013,12,Saturday,5,6.483333333333333
1552,photo,63,0,0,63,0,0,0,0,0,2013-12-27 07:12:00,2013,12,Friday,4,7.2
1553,video,271,3,1,271,0,0,0,0,0,2013-12-26 23:29:00,2013,12,Thursday,3,23.483333333333334
1554,video,126,5,2,126,0,0,0,0,0,2013-12-26 10:06:00,2013,12,Thursday,3,10.1
1555,video,175,6,0,175,0,0,0,0,0,2013-12-25 23:52:00,2013,12,Wednesday,2,23.866666666666667
1556,video,47,0,1,47,0,0,0,0,0,2013-12-25 23:38:00,2013,12,Wednesday,2,23.633333333333333
1557,photo,42,0,0,42,0,0,0,0,0,2013-12-25 07:48:00,2013,12,Wednesday,2,7.8
1558,photo,53,1,0,53,0,0,0,0,0,2013-12-25 07:45:00,2013,12,Wednesday,2,7.75
1559,photo,100,1,1,100,0,0,0,0,0,2013-12-24 09:12:00,2013,12,Tuesday,1,9.2
1560,photo,41,1,0,41,0,0,0,0,0,2013-12-24 06:39:00,2013,12,Tuesday,1,6.65
1561,photo,34,0,0,34,0,0,0,0,0,2013-12-24 06:38:00,2013,12,Tuesday,1,6.633333333333333
1562,video,238,4,0,238,0,0,0,0,0,2013-12-22 02:32:00,2013,12,Sunday,6,2.533333333333333
1563,video,223,3,1,223,0,0,0,0,0,2013-12-22 00:50:00,2013,12,Sunday,6,0.8333333333333334
1564,photo,75,0,0,75,0,0,0,0,0,2013-12-21 22:08:00,2013,12,Saturday,5,22.133333333333333
1565,photo,101,1,0,101,0,0,0,0,0,2013-12-20 23:53:00,2013,12,Friday,4,23.883333333333333
1566,photo,51,0,0,51,0,0,0,0,0,2013-12-20 06:01:00,2013,12,Friday,4,6.016666666666667
1567,photo,77,3,0,77,0,0,0,0,0,2013-12-19 09:54:00,2013,12,Thursday,3,9.9
1568,video,1190,12,1,1190,0,0,0,0,0,2013-12-19 01:22:00,2013,12,Thursday,3,1.3666666666666667
1569,photo,9,0,0,9,0,0,0,0,0,2013-12-19 00:01:00,2013,12,Thursday,3,0.016666666666666666
1570,photo,134,3,0,134,0,0,0,0,0,2013-12-18 09:36:00,2013,12,Wednesday,2,9.6
1571,photo,72,0,0,72,0,0,0,0,0,2013-12-18 06:56:00,2013,12,Wednesday,2,6.933333333333334
1572,video,188,6,0,188,0,0,0,0,0,2013-12-18 00:14:00,2013,12,Wednesday,2,0.23333333333333334
1573,video,221,2,0,221,0,0,0,0,0,2013-12-17 03:27:00,2013,12,Tuesday,1,3.45
1574,video,221,3,0,221,0,0,0,0,0,2013-12-16 10:07:00,2013,12,Monday,0,10.116666666666667
1575,photo,94,3,0,94,0,0,0,0,0,2013-12-16 03:21:00,2013,12,Monday,0,3.35
1576,video,82,3,0,82,0,0,0,0,0,2013-12-15 23:14:00,2013,12,Sunday,6,23.233333333333334
1577,photo,216,8,0,216,0,0,0,0,0,2013-12-15 09:11:00,2013,12,Sunday,6,9.183333333333334
1578,video,110,0,0,110,0,0,0,0,0,2013-12-15 05:04:00,2013,12,Sunday,6,5.066666666666666
1579,video,348,0,0,348,0,0,0,0,0,2013-12-14 10:09:00,2013,12,Saturday,5,10.15
1580,video,225,13,0,225,0,0,0,0,0,2013-12-14 09:36:00,2013,12,Saturday,5,9.6
1581,photo,80,1,0,80,0,0,0,0,0,2013-12-14 07:11:00,2013,12,Saturday,5,7.183333333333334
1582,photo,91,6,0,91,0,0,0,0,0,2013-12-13 08:10:00,2013,12,Friday,4,8.166666666666666
1583,photo,184,11,0,184,0,0,0,0,0,2013-12-13 08:09:00,2013,12,Friday,4,8.15
1584,video,562,0,0,562,0,0,0,0,0,2013-12-13 06:41:00,2013,12,Friday,4,6.683333333333334
1585,photo,184,0,0,184,0,0,0,0,0,2013-12-13 03:37:00,2013,12,Friday,4,3.6166666666666667
1586,photo,190,2,0,190,0,0,0,0,0,2013-12-12 04:08:00,2013,12,Thursday,3,4.133333333333334
1587,video,360,23,2,360,0,0,0,0,0,2013-12-10 08:33:00,2013,12,Tuesday,1,8.55
1588,video,57,0,0,57,0,0,0,0,0,2013-12-09 08:27:00,2013,12,Monday,0,8.45
1589,photo,102,4,0,102,0,0,0,0,0,2013-12-07 07:45:00,2013,12,Saturday,5,7.75
1590,photo,152,2,0,152,0,0,0,0,0,2013-12-07 00:09:00,2013,12,Saturday,5,0.15
1591,photo,263,14,0,263,0,0,0,0,0,2013-12-05 22:44:00,2013,12,Thursday,3,22.733333333333334
1592,video,62,1,0,62,0,0,0,0,0,2013-12-05 13:36:00,2013,12,Thursday,3,13.6
1593,video,126,18,0,126,0,0,0,0,0,2013-12-05 08:49:00,2013,12,Thursday,3,8.816666666666666
1594,photo,114,3,0,114,0,0,0,0,0,2013-12-04 01:34:00,2013,12,Wednesday,2,1.5666666666666667
1595,photo,187,9,0,187,0,0,0,0,0,2013-12-03 07:58:00,2013,12,Tuesday,1,7.966666666666667
1596,photo,58,7,0,58,0,0,0,0,0,2013-12-03 05:51:00,2013,12,Tuesday,1,5.85
1597,photo,46,3,0,46,0,0,0,0,0,2013-12-03 05:50:00,2013,12,Tuesday,1,5.833333333333333
1598,photo,183,4,0,183,0,0,0,0,0,2013-11-30 03:18:00,2013,11,Saturday,5,3.3
1599,photo,99,11,0,99,0,0,0,0,0,2013-11-27 20:57:00,2013,11,Wednesday,2,20.95
1600,photo,51,0,0,51,0,0,0,0,0,2013-11-27 20:56:00,2013,11,Wednesday,2,20.933333333333334
1601,photo,92,6,0,92,0,0,0,0,0,2013-11-25 06:24:00,2013,11,Monday,0,6.4
1602,photo,103,6,0,103,0,0,0,0,0,2013-11-25 06:21:00,2013,11,Monday,0,6.35
1603,photo,326,9,0,326,0,0,0,0,0,2013-11-25 01:22:00,2013,11,Monday,0,1.3666666666666667
1604,photo,113,2,0,113,0,0,0,0,0,2013-11-20 09:56:00,2013,11,Wednesday,2,9.933333333333334
1605,photo,61,0,0,61,0,0,0,0,0,2013-11-20 00:24:00,2013,11,Wednesday,2,0.4
1606,photo,76,3,0,76,0,0,0,0,0,2013-11-20 00:16:00,2013,11,Wednesday,2,0.26666666666666666
1607,photo,66,1,0,66,0,0,0,0,0,2013-11-20 00:15:00,2013,11,Wednesday,2,0.25
1608,video,638,34,9,638,0,0,0,0,0,2013-11-19 10:01:00,2013,11,Tuesday,1,10.016666666666667
1609,video,154,0,0,154,0,0,0,0,0,2013-11-19 00:02:00,2013,11,Tuesday,1,0.03333333333333333
1610,video,95,9,3,95,0,0,0,0,0,2013-11-18 23:53:00,2013,11,Monday,0,23.883333333333333
1611,photo,29,0,0,29,0,0,0,0,0,2013-11-18 23:39:00,2013,11,Monday,0,23.65
1612,photo,71,2,1,71,0,0,0,0,0,2013-11-18 23:22:00,2013,11,Monday,0,23.366666666666667
1613,video,813,6,0,813,0,0,0,0,0,2013-11-18 02:28:00,2013,11,Monday,0,2.466666666666667
1614,video,506,44,7,506,0,0,0,0,0,2013-11-18 01:32:00,2013,11,Monday,0,1.5333333333333332
1615,photo,68,7,0,68,0,0,0,0,0,2013-11-17 22:00:00,2013,11,Sunday,6,22.0
1616,video,174,11,0,174,0,0,0,0,0,2013-11-17 08:16:00,2013,11,Sunday,6,8.266666666666667
1617,photo,105,4,0,105,0,0,0,0,0,2013-11-17 04:55:00,2013,11,Sunday,6,4.916666666666667
1618,photo,179,11,0,179,0,0,0,0,0,2013-11-17 04:44:00,2013,11,Sunday,6,4.733333333333333
1619,video,191,6,0,191,0,0,0,0,0,2013-11-16 00:00:00,2013,11,Saturday,5,0.0
1620,video,203,3,1,203,0,0,0,0,0,2013-11-15 22:45:00,2013,11,Friday,4,22.75
1621,photo,277,52,2,277,0,0,0,0,0,2013-11-15 21:53:00,2013,11,Friday,4,21.883333333333333
1622,video,62,2,0,62,0,0,0,0,0,2013-11-15 20:59:00,2013,11,Friday,4,20.983333333333334
1623,video,200,6,0,200,0,0,0,0,0,2013-11-15 05:41:00,2013,11,Friday,4,5.683333333333334
1624,photo,339,30,0,339,0,0,0,0,0,2013-11-14 10:47:00,2013,11,Thursday,3,10.783333333333333
1625,video,178,10,1,178,0,0,0,0,0,2013-11-12 10:29:00,2013,11,Tuesday,1,10.483333333333333
1626,photo,23,0,0,23,0,0,0,0,0,2013-11-12 08:07:00,2013,11,Tuesday,1,8.116666666666667
1627,video,65,11,0,65,0,0,0,0,0,2013-11-11 19:09:00,2013,11,Monday,0,19.15
1628,video,250,7,6,250,0,0,0,0,0,2013-11-11 09:39:00,2013,11,Monday,0,9.65
1629,photo,59,0,0,59,0,0,0,0,0,2013-11-08 21:50:00,2013,11,Friday,4,21.833333333333332
1630,video,110,12,3,110,0,0,0,0,0,2013-11-06 11:12:00,2013,11,Wednesday,2,11.2
1631,video,147,13,2,147,0,0,0,0,0,2013-11-06 10:37:00,2013,11,Wednesday,2,10.616666666666667
1632,photo,62,6,0,62,0,0,0,0,0,2013-11-06 06:26:00,2013,11,Wednesday,2,6.433333333333334
1633,video,686,53,3,686,0,0,0,0,0,2013-11-05 09:46:00,2013,11,Tuesday,1,9.766666666666667
1634,video,351,5,2,351,0,0,0,0,0,2013-11-05 05:09:00,2013,11,Tuesday,1,5.15
1635,video,215,12,1,215,0,0,0,0,0,2013-11-05 01:29:00,2013,11,Tuesday,1,1.4833333333333334
1636,video,100,6,6,100,0,0,0,0,0,2013-11-04 10:25:00,2013,11,Monday,0,10.416666666666666
1637,video,131,1,1,131,0,0,0,0,0,2013-11-04 10:16:00,2013,11,Monday,0,10.266666666666667
1638,video,560,22,12,560,0,0,0,0,0,2013-11-04 06:10:00,2013,11,Monday,0,6.166666666666667
1639,video,374,9,16,374,0,0,0,0,0,2013-11-03 02:51:00,2013,11,Sunday,6,2.85
1640,video,559,22,7,559,0,0,0,0,0,2013-11-02 23:42:00,2013,11,Saturday,5,23.7
1641,video,169,6,5,169,0,0,0,0,0,2013-11-02 10:32:00,2013,11,Saturday,5,10.533333333333333
1642,video,473,9,9,473,0,0,0,0,0,2013-11-02 07:39:00,2013,11,Saturday,5,7.65
1643,video,58,2,4,58,0,0,0,0,0,2013-11-02 07:37:00,2013,11,Saturday,5,7.616666666666667
1644,video,164,4,9,164,0,0,0,0,0,2013-11-02 07:35:00,2013,11,Saturday,5,7.583333333333333
1645,video,614,24,21,614,0,0,0,0,0,2013-11-02 05:51:00,2013,11,Saturday,5,5.85
1646,video,211,2,4,211,0,0,0,0,0,2013-11-02 03:57:00,2013,11,Saturday,5,3.95
1647,video,129,9,3,129,0,0,0,0,0,2013-11-02 03:55:00,2013,11,Saturday,5,3.9166666666666665
1648,video,155,5,9,155,0,0,0,0,0,2013-11-02 03:55:00,2013,11,Saturday,5,3.9166666666666665
1649,video,438,14,19,438,0,0,0,0,0,2013-11-02 03:53:00,2013,11,Saturday,5,3.8833333333333333
1650,video,304,20,24,304,0,0,0,0,0,2013-11-01 23:55:00,2013,11,Friday,4,23.916666666666668
1651,video,116,2,10,116,0,0,0,0,0,2013-11-01 23:44:00,2013,11,Friday,4,23.733333333333334
1652,video,135,1,2,135,0,0,0,0,0,2013-11-01 08:39:00,2013,11,Friday,4,8.65
1653,photo,115,9,0,115,0,0,0,0,0,2013-11-01 01:06:00,2013,11,Friday,4,1.1
1654,photo,128,3,0,128,0,0,0,0,0,2013-10-31 06:39:00,2013,10,Thursday,3,6.65
1655,photo,128,3,0,128,0,0,0,0,0,2013-10-30 11:20:00,2013,10,Wednesday,2,11.333333333333334
1656,photo,55,4,4,55,0,0,0,0,0,2013-10-29 08:07:00,2013,10,Tuesday,1,8.116666666666667
1657,photo,109,1,0,109,0,0,0,0,0,2013-10-26 21:14:00,2013,10,Saturday,5,21.233333333333334
1658,photo,58,0,0,58,0,0,0,0,0,2013-10-26 07:09:00,2013,10,Saturday,5,7.15
1659,photo,83,0,0,83,0,0,0,0,0,2013-10-26 05:28:00,2013,10,Saturday,5,5.466666666666667
1660,photo,164,6,0,164,0,0,0,0,0,2013-10-26 05:27:00,2013,10,Saturday,5,5.45
1661,video,210,9,0,210,0,0,0,0,0,2013-10-26 00:14:00,2013,10,Saturday,5,0.23333333333333334
1662,video,133,17,5,133,0,0,0,0,0,2013-10-25 03:24:00,2013,10,Friday,4,3.4
1663,video,91,6,6,91,0,0,0,0,0,2013-10-24 12:36:00,2013,10,Thursday,3,12.6
1664,video,226,13,0,226,0,0,0,0,0,2013-10-24 10:13:00,2013,10,Thursday,3,10.216666666666667
1665,video,50,3,0,50,0,0,0,0,0,2013-10-24 09:56:00,2013,10,Thursday,3,9.933333333333334
1666,video,243,0,0,243,0,0,0,0,0,2013-10-24 07:32:00,2013,10,Thursday,3,7.533333333333333
1667,video,113,15,0,113,0,0,0,0,0,2013-10-23 14:33:00,2013,10,Wednesday,2,14.55
1668,video,243,5,5,243,0,0,0,0,0,2013-10-23 11:49:00,2013,10,Wednesday,2,11.816666666666666
1669,video,141,1,1,141,0,0,0,0,0,2013-10-23 11:45:00,2013,10,Wednesday,2,11.75
1670,video,130,0,5,130,0,0,0,0,0,2013-10-23 10:32:00,2013,10,Wednesday,2,10.533333333333333
1671,video,65,2,4,65,0,0,0,0,0,2013-10-22 10:28:00,2013,10,Tuesday,1,10.466666666666667
1672,photo,3,3,0,3,0,0,0,0,0,2013-10-21 02:28:00,2013,10,Monday,0,2.466666666666667
1673,photo,75,3,0,75,0,0,0,0,0,2013-10-20 02:48:00,2013,10,Sunday,6,2.8
1674,video,45,0,1,45,0,0,0,0,0,2013-10-19 03:42:00,2013,10,Saturday,5,3.7
1675,video,177,14,4,177,0,0,0,0,0,2013-10-18 11:46:00,2013,10,Friday,4,11.766666666666667
1676,photo,45,1,0,45,0,0,0,0,0,2013-10-18 07:08:00,2013,10,Friday,4,7.133333333333334
1677,photo,93,8,0,93,0,0,0,0,0,2013-10-18 03:05:00,2013,10,Friday,4,3.0833333333333335
1678,video,73,0,2,73,0,0,0,0,0,2013-10-18 02:00:00,2013,10,Friday,4,2.0
1679,photo,82,5,0,82,0,0,0,0,0,2013-10-18 00:15:00,2013,10,Friday,4,0.25
1680,video,89,17,1,89,0,0,0,0,0,2013-10-17 21:39:00,2013,10,Thursday,3,21.65
1681,video,52,5,3,52,0,0,0,0,0,2013-10-17 09:29:00,2013,10,Thursday,3,9.483333333333333
1682,video,52,5,3,52,0,0,0,0,0,2013-10-17 09:22:00,2013,10,Thursday,3,9.366666666666667
1683,photo,32,1,0,32,0,0,0,0,0,2013-10-17 01:41:00,2013,10,Thursday,3,1.6833333333333333
1684,photo,140,18,0,140,0,0,0,0,0,2013-10-17 01:14:00,2013,10,Thursday,3,1.2333333333333334
1685,photo,113,5,0,113,0,0,0,0,0,2013-10-16 23:32:00,2013,10,Wednesday,2,23.533333333333335
1686,video,1201,86,3,1201,0,0,0,0,0,2013-10-16 12:09:00,2013,10,Wednesday,2,12.15
1687,video,1145,22,4,1145,0,0,0,0,0,2013-10-16 11:41:00,2013,10,Wednesday,2,11.683333333333334
1688,video,107,5,5,107,0,0,0,0,0,2013-10-16 11:36:00,2013,10,Wednesday,2,11.6
1689,photo,27,5,0,27,0,0,0,0,0,2013-10-16 11:14:00,2013,10,Wednesday,2,11.233333333333333
1690,photo,101,9,0,101,0,0,0,0,0,2013-10-16 10:16:00,2013,10,Wednesday,2,10.266666666666667
1691,video,160,8,3,160,0,0,0,0,0,2013-10-15 21:01:00,2013,10,Tuesday,1,21.016666666666666
1692,video,197,20,2,197,0,0,0,0,0,2013-10-13 07:40:00,2013,10,Sunday,6,7.666666666666667
1693,photo,70,3,0,70,0,0,0,0,0,2013-10-13 06:30:00,2013,10,Sunday,6,6.5
1694,video,88,11,1,88,0,0,0,0,0,2013-10-13 02:20:00,2013,10,Sunday,6,2.3333333333333335
1695,photo,22,1,0,22,0,0,0,0,0,2013-10-13 01:49:00,2013,10,Sunday,6,1.8166666666666667
1696,video,265,5,0,265,0,0,0,0,0,2013-10-12 10:21:00,2013,10,Saturday,5,10.35
1697,photo,73,4,7,73,0,0,0,0,0,2013-10-11 20:57:00,2013,10,Friday,4,20.95
1698,photo,211,2,0,211,0,0,0,0,0,2013-10-11 08:23:00,2013,10,Friday,4,8.383333333333333
1699,video,165,9,0,165,0,0,0,0,0,2013-10-11 06:03:00,2013,10,Friday,4,6.05
1700,video,190,6,1,190,0,0,0,0,0,2013-10-11 01:47:00,2013,10,Friday,4,1.7833333333333332
1701,video,83,1,0,83,0,0,0,0,0,2013-10-11 00:00:00,2013,10,Friday,4,0.0
1702,photo,51,1,0,51,0,0,0,0,0,2013-10-10 10:25:00,2013,10,Thursday,3,10.416666666666666
1703,video,386,15,14,386,0,0,0,0,0,2013-10-10 08:49:00,2013,10,Thursday,3,8.816666666666666
1704,video,135,14,0,135,0,0,0,0,0,2013-10-10 00:00:00,2013,10,Thursday,3,0.0
1705,video,273,35,2,273,0,0,0,0,0,2013-10-09 22:38:00,2013,10,Wednesday,2,22.633333333333333
1706,video,87,25,4,87,0,0,0,0,0,2013-10-09 12:43:00,2013,10,Wednesday,2,12.716666666666667
1707,video,240,30,2,240,0,0,0,0,0,2013-10-09 00:40:00,2013,10,Wednesday,2,0.6666666666666666
1708,photo,47,1,0,47,0,0,0,0,0,2013-10-08 07:26:00,2013,10,Tuesday,1,7.433333333333334
1709,video,23,7,16,23,0,0,0,0,0,2013-10-07 10:35:00,2013,10,Monday,0,10.583333333333334
1710,photo,84,4,0,84,0,0,0,0,0,2013-10-05 00:03:00,2013,10,Saturday,5,0.05
1711,photo,18,0,0,18,0,0,0,0,0,2013-10-03 12:48:00,2013,10,Thursday,3,12.8
1712,photo,59,5,0,59,0,0,0,0,0,2013-10-02 01:27:00,2013,10,Wednesday,2,1.45
1713,photo,44,0,0,44,0,0,0,0,0,2013-09-29 01:15:00,2013,9,Sunday,6,1.25
1714,photo,28,0,0,28,0,0,0,0,0,2013-09-28 21:51:00,2013,9,Saturday,5,21.85
1715,photo,30,1,0,30,0,0,0,0,0,2013-09-28 21:48:00,2013,9,Saturday,5,21.8
1716,photo,39,2,0,39,0,0,0,0,0,2013-09-25 09:05:00,2013,9,Wednesday,2,9.083333333333334
1717,photo,17,0,1,17,0,0,0,0,0,2013-09-25 03:29:00,2013,9,Wednesday,2,3.4833333333333334
1718,photo,74,15,1,74,0,0,0,0,0,2013-09-24 07:16:00,2013,9,Tuesday,1,7.266666666666667
1719,photo,68,6,0,68,0,0,0,0,0,2013-09-22 09:21:00,2013,9,Sunday,6,9.35
1720,photo,65,2,10,65,0,0,0,0,0,2013-09-17 00:59:00,2013,9,Tuesday,1,0.9833333333333333
1721,photo,52,2,0,52,0,0,0,0,0,2013-09-12 04:12:00,2013,9,Thursday,3,4.2
1722,photo,78,8,0,78,0,0,0,0,0,2013-09-12 02:34:00,2013,9,Thursday,3,2.5666666666666664
1723,photo,28,3,0,28,0,0,0,0,0,2013-09-12 01:34:00,2013,9,Thursday,3,1.5666666666666667
1724,photo,63,5,0,63,0,0,0,0,0,2013-09-11 21:38:00,2013,9,Wednesday,2,21.633333333333333
1725,photo,19,24,0,19,0,0,0,0,0,2013-09-11 03:42:00,2013,9,Wednesday,2,3.7
1726,photo,21,22,0,21,0,0,0,0,0,2013-09-11 03:34:00,2013,9,Wednesday,2,3.5666666666666664
1727,photo,77,12,0,77,0,0,0,0,0,2013-09-11 02:56:00,2013,9,Wednesday,2,2.9333333333333336
1728,video,137,3,1,137,0,0,0,0,0,2013-09-11 02:05:00,2013,9,Wednesday,2,2.0833333333333335
1729,photo,537,16,1,537,0,0,0,0,0,2013-09-11 00:12:00,2013,9,Wednesday,2,0.2
1730,photo,57,5,1,57,0,0,0,0,0,2013-09-10 23:42:00,2013,9,Tuesday,1,23.7
1731,video,144,11,0,144,0,0,0,0,0,2013-09-10 04:07:00,2013,9,Tuesday,1,4.116666666666666
1732,photo,13,1,0,13,0,0,0,0,0,2013-09-09 10:13:00,2013,9,Monday,0,10.216666666666667
1733,photo,10,0,0,10,0,0,0,0,0,2013-09-09 10:12:00,2013,9,Monday,0,10.2
1734,video,108,5,0,108,0,0,0,0,0,2013-09-04 22:31:00,2013,9,Wednesday,2,22.516666666666666
1735,photo,49,0,0,49,0,0,0,0,0,2013-09-03 02:57:00,2013,9,Tuesday,1,2.95
1736,photo,1,0,0,1,0,0,0,0,0,2013-09-01 05:26:00,2013,9,Sunday,6,5.433333333333334
1737,photo,29,1,0,29,0,0,0,0,0,2013-08-28 02:04:00,2013,8,Wednesday,2,2.066666666666667
1738,photo,24,2,2,24,0,0,0,0,0,2013-08-25 22:20:00,2013,8,Sunday,6,22.333333333333332
1739,photo,156,17,0,156,0,0,0,0,0,2013-08-10 23:20:00,2013,8,Saturday,5,23.333333333333332
1740,photo,56,1,0,56,0,0,0,0,0,2013-08-06 12:17:00,2013,8,Tuesday,1,12.283333333333333
1741,photo,34,1,0,34,0,0,0,0,0,2013-08-04 13:57:00,2013,8,Sunday,6,13.95
1742,photo,16,1,0,16,0,0,0,0,0,2013-08-01 00:48:00,2013,8,Thursday,3,0.8
1743,photo,25,1,0,25,0,0,0,0,0,2013-08-01 00:45:00,2013,8,Thursday,3,0.75
1744,photo,38,4,1,38,0,0,0,0,0,2013-07-31 11:15:00,2013,7,Wednesday,2,11.25
1745,photo,45,5,0,45,0,0,0,0,0,2013-07-31 10:27:00,2013,7,Wednesday,2,10.45
1746,photo,74,2,0,74,0,0,0,0,0,2013-07-31 04:52:00,2013,7,Wednesday,2,4.866666666666667
1747,photo,8,0,0,8,0,0,0,0,0,2013-07-31 04:51:00,2013,7,Wednesday,2,4.85
1748,photo,2,0,0,2,0,0,0,0,0,2013-07-30 21:20:00,2013,7,Tuesday,1,21.333333333333332
1749,photo,131,8,0,131,0,0,0,0,0,2013-07-29 07:10:00,2013,7,Monday,0,7.166666666666667
1750,photo,32,3,0,32,0,0,0,0,0,2013-07-29 06:27:00,2013,7,Monday,0,6.45
1751,photo,14,1,1,14,0,0,0,0,0,2013-07-29 06:24:00,2013,7,Monday,0,6.4
1752,photo,90,10,4,90,0,0,0,0,0,2013-07-29 06:23:00,2013,7,Monday,0,6.383333333333334
1753,photo,122,2,0,122,0,0,0,0,0,2013-07-24 21:55:00,2013,7,Wednesday,2,21.916666666666668
1754,photo,5,0,0,5,0,0,0,0,0,2013-07-24 12:10:00,2013,7,Wednesday,2,12.166666666666666
1755,photo,97,5,1,97,0,0,0,0,0,2013-07-24 07:12:00,2013,7,Wednesday,2,7.2
1756,photo,31,1,0,31,0,0,0,0,0,2013-07-24 01:22:00,2013,7,Wednesday,2,1.3666666666666667
1757,photo,80,4,0,80,0,0,0,0,0,2013-07-24 00:56:00,2013,7,Wednesday,2,0.9333333333333333
1758,photo,51,1,1,51,0,0,0,0,0,2013-07-24 00:52:00,2013,7,Wednesday,2,0.8666666666666667
1759,photo,38,0,0,38,0,0,0,0,0,2013-07-24 00:50:00,2013,7,Wednesday,2,0.8333333333333334
1760,photo,102,5,0,102,0,0,0,0,0,2013-07-24 00:31:00,2013,7,Wednesday,2,0.5166666666666667
1761,photo,92,10,1,92,0,0,0,0,0,2013-07-20 09:25:00,2013,7,Saturday,5,9.416666666666666
1762,photo,54,4,0,54,0,0,0,0,0,2013-07-20 09:18:00,2013,7,Saturday,5,9.3
1763,photo,44,4,0,44,0,0,0,0,0,2013-07-20 09:13:00,2013,7,Saturday,5,9.216666666666667
1764,photo,78,5,1,78,0,0,0,0,0,2013-07-19 01:20:00,2013,7,Friday,4,1.3333333333333333
1765,photo,66,10,1,66,0,0,0,0,0,2013-07-18 23:20:00,2013,7,Thursday,3,23.333333333333332
1766,photo,54,6,2,54,0,0,0,0,0,2013-07-18 22:58:00,2013,7,Thursday,3,22.966666666666665
1767,photo,25,0,0,25,0,0,0,0,0,2013-07-18 11:53:00,2013,7,Thursday,3,11.883333333333333
1768,photo,74,5,1,74,0,0,0,0,0,2013-07-18 07:39:00,2013,7,Thursday,3,7.65
1769,photo,79,7,1,79,0,0,0,0,0,2013-07-18 07:34:00,2013,7,Thursday,3,7.566666666666666
1770,photo,104,3,1,104,0,0,0,0,0,2013-07-15 02:23:00,2013,7,Monday,0,2.3833333333333333
1771,photo,38,7,0,38,0,0,0,0,0,2013-07-08 00:07:00,2013,7,Monday,0,0.11666666666666667
1772,photo,17,6,0,17,0,0,0,0,0,2013-07-06 02:40:00,2013,7,Saturday,5,2.6666666666666665
1773,photo,75,8,0,75,0,0,0,0,0,2013-07-05 09:29:00,2013,7,Friday,4,9.483333333333333
1774,photo,52,3,0,52,0,0,0,0,0,2013-07-02 13:06:00,2013,7,Tuesday,1,13.1
1775,photo,38,0,5,38,0,0,0,0,0,2013-07-02 02:41:00,2013,7,Tuesday,1,2.6833333333333336
1776,photo,58,5,0,58,0,0,0,0,0,2013-06-29 22:40:00,2013,6,Saturday,5,22.666666666666668
1777,photo,12,1,2,12,0,0,0,0,0,2013-06-29 10:48:00,2013,6,Saturday,5,10.8
1778,photo,4,0,2,4,0,0,0,0,0,2013-06-29 00:00:00,2013,6,Saturday,5,0.0
1779,photo,28,4,0,28,0,0,0,0,0,2013-06-28 04:28:00,2013,6,Friday,4,4.466666666666667
1780,photo,4,0,1,4,0,0,0,0,0,2013-06-25 22:33:00,2013,6,Tuesday,1,22.55
1781,photo,51,0,0,51,0,0,0,0,0,2013-06-25 03:09:00,2013,6,Tuesday,1,3.15
1782,photo,18,1,0,18,0,0,0,0,0,2013-06-25 00:12:00,2013,6,Tuesday,1,0.2
1783,photo,45,0,0,45,0,0,0,0,0,2013-06-23 03:18:00,2013,6,Sunday,6,3.3
1784,photo,14,0,0,14,0,0,0,0,0,2013-06-23 02:02:00,2013,6,Sunday,6,2.033333333333333
1785,photo,54,1,0,54,0,0,0,0,0,2013-06-21 22:56:00,2013,6,Friday,4,22.933333333333334
1786,photo,65,4,0,65,0,0,0,0,0,2013-06-20 23:27:00,2013,6,Thursday,3,23.45
1787,photo,73,0,0,73,0,0,0,0,0,2013-06-20 03:33:00,2013,6,Thursday,3,3.55
1788,photo,43,3,0,43,0,0,0,0,0,2013-06-19 22:44:00,2013,6,Wednesday,2,22.733333333333334
1789,photo,28,4,1,28,0,0,0,0,0,2013-06-17 00:06:00,2013,6,Monday,0,0.1
1790,photo,22,1,0,22,0,0,0,0,0,2013-06-16 23:45:00,2013,6,Sunday,6,23.75
1791,photo,39,3,0,39,0,0,0,0,0,2013-06-16 07:46:00,2013,6,Sunday,6,7.766666666666667
1792,photo,62,8,0,62,0,0,0,0,0,2013-06-15 06:43:00,2013,6,Saturday,5,6.716666666666667
1793,photo,20,2,0,20,0,0,0,0,0,2013-06-15 03:59:00,2013,6,Saturday,5,3.9833333333333334
1794,photo,17,0,0,17,0,0,0,0,0,2013-06-15 03:57:00,2013,6,Saturday,5,3.95
1795,photo,49,7,0,49,0,0,0,0,0,2013-06-15 02:44:00,2013,6,Saturday,5,2.7333333333333334
1796,photo,62,7,0,62,0,0,0,0,0,2013-06-15 01:55:00,2013,6,Saturday,5,1.9166666666666665
1797,photo,43,2,0,43,0,0,0,0,0,2013-06-15 01:42:00,2013,6,Saturday,5,1.7
1798,photo,30,1,0,30,0,0,0,0,0,2013-06-14 13:55:00,2013,6,Friday,4,13.916666666666666
1799,photo,28,0,0,28,0,0,0,0,0,2013-06-14 09:53:00,2013,6,Friday,4,9.883333333333333
1800,photo,49,2,2,49,0,0,0,0,0,2013-06-14 08:05:00,2013,6,Friday,4,8.083333333333334
1801,photo,67,6,0,67,0,0,0,0,0,2013-06-13 08:41:00,2013,6,Thursday,3,8.683333333333334
1802,photo,20,1,0,20,0,0,0,0,0,2013-06-13 03:26:00,2013,6,Thursday,3,3.4333333333333336
1803,photo,81,5,0,81,0,0,0,0,0,2013-06-13 01:13:00,2013,6,Thursday,3,1.2166666666666668
1804,photo,58,6,1,58,0,0,0,0,0,2013-06-11 23:17:00,2013,6,Tuesday,1,23.283333333333335
1805,photo,13,5,0,13,0,0,0,0,0,2013-06-11 09:22:00,2013,6,Tuesday,1,9.366666666666667
1806,photo,47,0,0,47,0,0,0,0,0,2013-06-09 08:15:00,2013,6,Sunday,6,8.25
1807,photo,7,0,2,7,0,0,0,0,0,2013-06-09 00:00:00,2013,6,Sunday,6,0.0
1808,photo,62,2,1,62,0,0,0,0,0,2013-06-08 06:52:00,2013,6,Saturday,5,6.866666666666667
1809,photo,84,6,0,84,0,0,0,0,0,2013-06-08 06:44:00,2013,6,Saturday,5,6.733333333333333
1810,photo,23,2,0,23,0,0,0,0,0,2013-06-07 02:39:00,2013,6,Friday,4,2.65
1811,photo,19,4,0,19,0,0,0,0,0,2013-06-07 01:13:00,2013,6,Friday,4,1.2166666666666668
1812,photo,13,0,1,13,0,0,0,0,0,2013-06-03 07:08:00,2013,6,Monday,0,7.133333333333334
1813,photo,8,1,1,8,0,0,0,0,0,2013-06-02 17:03:00,2013,6,Sunday,6,17.05
1814,photo,35,1,0,35,0,0,0,0,0,2013-06-02 11:00:00,2013,6,Sunday,6,11.0
1815,photo,37,0,0,37,0,0,0,0,0,2013-06-02 03:47:00,2013,6,Sunday,6,3.783333333333333
1816,photo,73,10,0,73,0,0,0,0,0,2013-06-01 00:07:00,2013,6,Saturday,5,0.11666666666666667
1817,photo,114,9,0,114,0,0,0,0,0,2013-05-31 20:55:00,2013,5,Friday,4,20.916666666666668
1818,photo,69,6,0,69,0,0,0,0,0,2013-05-30 23:43:00,2013,5,Thursday,3,23.716666666666665
1819,photo,43,0,0,43,0,0,0,0,0,2013-05-30 18:35:00,2013,5,Thursday,3,18.583333333333332
1820,photo,106,3,0,106,0,0,0,0,0,2013-05-30 18:34:00,2013,5,Thursday,3,18.566666666666666
1821,photo,69,2,0,69,0,0,0,0,0,2013-05-29 08:18:00,2013,5,Wednesday,2,8.3
1822,photo,65,2,0,65,0,0,0,0,0,2013-05-29 08:17:00,2013,5,Wednesday,2,8.283333333333333
1823,photo,52,0,0,52,0,0,0,0,0,2013-05-28 03:15:00,2013,5,Tuesday,1,3.25
1824,photo,79,1,0,79,0,0,0,0,0,2013-05-28 03:13:00,2013,5,Tuesday,1,3.216666666666667
1825,photo,49,1,0,49,0,0,0,0,0,2013-05-28 03:13:00,2013,5,Tuesday,1,3.216666666666667
1826,photo,31,0,0,31,0,0,0,0,0,2013-05-25 23:32:00,2013,5,Saturday,5,23.533333333333335
1827,photo,7,0,2,7,0,0,0,0,0,2013-05-20 11:34:00,2013,5,Monday,0,11.566666666666666
1828,photo,6,0,2,6,0,0,0,0,0,2013-05-19 21:29:00,2013,5,Sunday,6,21.483333333333334
1829,photo,7,0,0,7,0,0,0,0,0,2013-05-19 15:47:00,2013,5,Sunday,6,15.783333333333333
1830,photo,5,1,1,5,0,0,0,0,0,2013-05-19 15:46:00,2013,5,Sunday,6,15.766666666666667
1831,photo,18,1,0,18,0,0,0,0,0,2013-05-19 05:23:00,2013,5,Sunday,6,5.383333333333334
1832,photo,32,0,7,32,0,0,0,0,0,2013-05-19 04:57:00,2013,5,Sunday,6,4.95
1833,photo,33,1,0,33,0,0,0,0,0,2013-05-18 11:40:00,2013,5,Saturday,5,11.666666666666666
1834,photo,97,0,0,97,0,0,0,0,0,2013-05-16 11:29:00,2013,5,Thursday,3,11.483333333333333
1835,photo,102,16,0,102,0,0,0,0,0,2013-05-15 07:57:00,2013,5,Wednesday,2,7.95
1836,photo,38,10,0,38,0,0,0,0,0,2013-05-14 01:31:00,2013,5,Tuesday,1,1.5166666666666666
1837,photo,16,2,0,16,0,0,0,0,0,2013-05-12 05:16:00,2013,5,Sunday,6,5.266666666666667
1838,photo,3,1,2,3,0,0,0,0,0,2013-05-09 00:00:00,2013,5,Thursday,3,0.0
1839,photo,27,0,5,27,0,0,0,0,0,2013-05-07 22:31:00,2013,5,Tuesday,1,22.516666666666666
1840,photo,78,4,35,78,0,0,0,0,0,2013-05-07 22:00:00,2013,5,Tuesday,1,22.0
1841,photo,29,0,0,29,0,0,0,0,0,2013-05-05 05:20:00,2013,5,Sunday,6,5.333333333333333
1842,photo,66,9,0,66,0,0,0,0,0,2013-05-02 02:02:00,2013,5,Thursday,3,2.033333333333333
1843,photo,78,16,0,78,0,0,0,0,0,2013-05-02 00:30:00,2013,5,Thursday,3,0.5
1844,photo,57,9,1,57,0,0,0,0,0,2013-04-27 13:02:00,2013,4,Saturday,5,13.033333333333333
1845,photo,19,4,0,19,0,0,0,0,0,2013-04-27 08:20:00,2013,4,Saturday,5,8.333333333333334
1846,photo,82,14,0,82,0,0,0,0,0,2013-04-27 08:01:00,2013,4,Saturday,5,8.016666666666667
1847,photo,5,4,1,5,0,0,0,0,0,2013-04-27 06:02:00,2013,4,Saturday,5,6.033333333333333
1848,photo,52,5,0,52,0,0,0,0,0,2013-04-25 05:01:00,2013,4,Thursday,3,5.016666666666667
1849,photo,45,14,0,45,0,0,0,0,0,2013-04-24 23:52:00,2013,4,Wednesday,2,23.866666666666667
1850,status,41,19,11,41,0,0,0,0,0,2013-04-24 01:23:00,2013,4,Wednesday,2,1.3833333333333333
1851,photo,55,10,0,55,0,0,0,0,0,2013-04-23 08:16:00,2013,4,Tuesday,1,8.266666666666667
1852,photo,40,1,0,40,0,0,0,0,0,2013-04-23 04:05:00,2013,4,Tuesday,1,4.083333333333333
1853,photo,48,4,0,48,0,0,0,0,0,2013-04-23 00:52:00,2013,4,Tuesday,1,0.8666666666666667
1854,photo,53,7,0,53,0,0,0,0,0,2013-04-22 23:46:00,2013,4,Monday,0,23.766666666666666
1855,photo,5,0,0,5,0,0,0,0,0,2013-04-22 11:55:00,2013,4,Monday,0,11.916666666666666
1856,photo,0,0,0,0,0,0,0,0,0,2013-04-22 10:41:00,2013,4,Monday,0,10.683333333333334
1857,photo,74,6,0,74,0,0,0,0,0,2013-04-22 10:16:00,2013,4,Monday,0,10.266666666666667
1858,photo,7,1,2,7,0,0,0,0,0,2013-04-22 00:00:00,2013,4,Monday,0,0.0
1859,photo,96,214,0,96,0,0,0,0,0,2013-04-19 03:04:00,2013,4,Friday,4,3.066666666666667
1860,photo,43,2,0,43,0,0,0,0,0,2013-04-16 01:16:00,2013,4,Tuesday,1,1.2666666666666666
1861,photo,13,3,0,13,0,0,0,0,0,2013-04-09 07:58:00,2013,4,Tuesday,1,7.966666666666667
1862,photo,28,3,0,28,0,0,0,0,0,2013-04-09 07:51:00,2013,4,Tuesday,1,7.85
1863,photo,34,0,1,34,0,0,0,0,0,2013-04-09 02:37:00,2013,4,Tuesday,1,2.6166666666666667
1864,photo,83,1,0,83,0,0,0,0,0,2013-04-08 23:18:00,2013,4,Monday,0,23.3
1865,photo,7,0,0,7,0,0,0,0,0,2013-04-08 09:23:00,2013,4,Monday,0,9.383333333333333
1866,photo,34,0,0,34,0,0,0,0,0,2013-04-08 03:45:00,2013,4,Monday,0,3.75
1867,photo,97,3,0,97,0,0,0,0,0,2013-04-08 01:54:00,2013,4,Monday,0,1.9
1868,photo,24,4,0,24,0,0,0,0,0,2013-04-07 09:13:00,2013,4,Sunday,6,9.216666666666667
1869,photo,106,18,0,106,0,0,0,0,0,2013-04-07 08:11:00,2013,4,Sunday,6,8.183333333333334
1870,photo,131,4,0,131,0,0,0,0,0,2013-04-07 05:50:00,2013,4,Sunday,6,5.833333333333333
1871,photo,132,7,0,132,0,0,0,0,0,2013-04-06 11:20:00,2013,4,Saturday,5,11.333333333333334
1872,photo,79,5,0,79,0,0,0,0,0,2013-04-06 09:10:00,2013,4,Saturday,5,9.166666666666666
1873,photo,71,2,7,71,0,0,0,0,0,2013-04-05 10:49:00,2013,4,Friday,4,10.816666666666666
1874,photo,55,8,5,55,0,0,0,0,0,2013-04-05 00:14:00,2013,4,Friday,4,0.23333333333333334
1875,photo,51,9,0,51,0,0,0,0,0,2013-04-04 21:43:00,2013,4,Thursday,3,21.716666666666665
1876,photo,46,3,1,46,0,0,0,0,0,2013-04-04 12:03:00,2013,4,Thursday,3,12.05
1877,photo,5,2,2,5,0,0,0,0,0,2013-04-04 10:02:00,2013,4,Thursday,3,10.033333333333333
1878,photo,52,5,0,52,0,0,0,0,0,2013-04-03 05:50:00,2013,4,Wednesday,2,5.833333333333333
1879,photo,18,0,0,18,0,0,0,0,0,2013-04-03 03:46:00,2013,4,Wednesday,2,3.7666666666666666
1880,photo,207,13,0,207,0,0,0,0,0,2013-04-02 11:44:00,2013,4,Tuesday,1,11.733333333333333
1881,photo,105,5,0,105,0,0,0,0,0,2013-04-02 09:20:00,2013,4,Tuesday,1,9.333333333333334
1882,photo,30,0,0,30,0,0,0,0,0,2013-04-02 08:55:00,2013,4,Tuesday,1,8.916666666666666
1883,photo,32,0,0,32,0,0,0,0,0,2013-03-31 23:22:00,2013,3,Sunday,6,23.366666666666667
1884,photo,44,10,0,44,0,0,0,0,0,2013-03-31 09:57:00,2013,3,Sunday,6,9.95
1885,photo,100,28,1,100,0,0,0,0,0,2013-03-31 09:57:00,2013,3,Sunday,6,9.95
1886,photo,58,4,0,58,0,0,0,0,0,2013-03-30 03:34:00,2013,3,Saturday,5,3.5666666666666664
1887,photo,22,1,0,22,0,0,0,0,0,2013-03-29 03:29:00,2013,3,Friday,4,3.4833333333333334
1888,photo,26,0,0,26,0,0,0,0,0,2013-03-29 01:57:00,2013,3,Friday,4,1.95
1889,photo,45,4,0,45,0,0,0,0,0,2013-03-28 01:52:00,2013,3,Thursday,3,1.8666666666666667
1890,photo,21,0,0,21,0,0,0,0,0,2013-03-28 00:36:00,2013,3,Thursday,3,0.6
1891,photo,75,15,0,75,0,0,0,0,0,2013-03-26 03:18:00,2013,3,Tuesday,1,3.3
1892,photo,21,0,1,21,0,0,0,0,0,2013-03-26 03:05:00,2013,3,Tuesday,1,3.0833333333333335
1893,photo,72,23,0,72,0,0,0,0,0,2013-03-25 10:29:00,2013,3,Monday,0,10.483333333333333
1894,photo,50,1,0,50,0,0,0,0,0,2013-03-25 05:14:00,2013,3,Monday,0,5.233333333333333
1895,photo,26,6,0,26,0,0,0,0,0,2013-03-25 02:38:00,2013,3,Monday,0,2.6333333333333333
1896,photo,46,9,0,46,0,0,0,0,0,2013-03-24 23:02:00,2013,3,Sunday,6,23.033333333333335
1897,photo,80,7,0,80,0,0,0,0,0,2013-03-24 23:01:00,2013,3,Sunday,6,23.016666666666666
1898,photo,41,11,0,41,0,0,0,0,0,2013-03-24 03:21:00,2013,3,Sunday,6,3.35
1899,photo,69,6,0,69,0,0,0,0,0,2013-03-23 10:41:00,2013,3,Saturday,5,10.683333333333334
1900,photo,3,2,2,3,0,0,0,0,0,2013-03-21 11:33:00,2013,3,Thursday,3,11.55
1901,photo,21,4,0,21,0,0,0,0,0,2013-03-20 01:07:00,2013,3,Wednesday,2,1.1166666666666667
1902,photo,64,1,0,64,0,0,0,0,0,2013-03-16 22:24:00,2013,3,Saturday,5,22.4
1903,photo,60,19,0,60,0,0,0,0,0,2013-03-13 11:58:00,2013,3,Wednesday,2,11.966666666666667
1904,photo,25,3,0,25,0,0,0,0,0,2013-03-13 01:14:00,2013,3,Wednesday,2,1.2333333333333334
1905,photo,48,17,0,48,0,0,0,0,0,2013-03-11 10:41:00,2013,3,Monday,0,10.683333333333334
1906,photo,45,4,0,45,0,0,0,0,0,2013-03-10 10:02:00,2013,3,Sunday,6,10.033333333333333
1907,photo,2,0,1,2,0,0,0,0,0,2013-03-10 04:23:00,2013,3,Sunday,6,4.383333333333334
1908,photo,7,0,1,7,0,0,0,0,0,2013-03-09 09:22:00,2013,3,Saturday,5,9.366666666666667
1909,photo,61,13,0,61,0,0,0,0,0,2013-03-08 22:07:00,2013,3,Friday,4,22.116666666666667
1910,photo,16,9,0,16,0,0,0,0,0,2013-03-08 07:03:00,2013,3,Friday,4,7.05
1911,photo,27,3,0,27,0,0,0,0,0,2013-03-08 02:07:00,2013,3,Friday,4,2.1166666666666667
1912,photo,42,16,11,42,0,0,0,0,0,2013-03-07 23:11:00,2013,3,Thursday,3,23.183333333333334
1913,photo,65,0,0,65,0,0,0,0,0,2013-03-07 11:46:00,2013,3,Thursday,3,11.766666666666667
1914,photo,44,4,0,44,0,0,0,0,0,2013-03-06 11:21:00,2013,3,Wednesday,2,11.35
1915,photo,55,12,0,55,0,0,0,0,0,2013-03-06 06:39:00,2013,3,Wednesday,2,6.65
1916,photo,59,7,0,59,0,0,0,0,0,2013-03-06 06:05:00,2013,3,Wednesday,2,6.083333333333333
1917,photo,51,6,0,51,0,0,0,0,0,2013-03-06 05:50:00,2013,3,Wednesday,2,5.833333333333333
1918,photo,41,1,0,41,0,0,0,0,0,2013-03-04 05:35:00,2013,3,Monday,0,5.583333333333333
1919,photo,12,5,0,12,0,0,0,0,0,2013-03-04 01:33:00,2013,3,Monday,0,1.55
1920,photo,57,7,0,57,0,0,0,0,0,2013-03-04 00:47:00,2013,3,Monday,0,0.7833333333333333
1921,photo,55,7,0,55,0,0,0,0,0,2013-03-03 23:14:00,2013,3,Sunday,6,23.233333333333334
1922,photo,76,4,0,76,0,0,0,0,0,2013-03-03 23:07:00,2013,3,Sunday,6,23.116666666666667
1923,photo,103,14,0,103,0,0,0,0,0,2013-03-02 08:35:00,2013,3,Saturday,5,8.583333333333334
1924,photo,46,2,0,46,0,0,0,0,0,2013-03-02 08:33:00,2013,3,Saturday,5,8.55
1925,photo,74,14,0,74,0,0,0,0,0,2013-03-01 08:51:00,2013,3,Friday,4,8.85
1926,photo,25,0,0,25,0,0,0,0,0,2013-02-28 09:15:00,2013,2,Thursday,3,9.25
1927,photo,34,0,0,34,0,0,0,0,0,2013-02-28 09:05:00,2013,2,Thursday,3,9.083333333333334
1928,photo,50,1,0,50,0,0,0,0,0,2013-02-28 08:44:00,2013,2,Thursday,3,8.733333333333333
1929,photo,47,0,0,47,0,0,0,0,0,2013-02-28 08:35:00,2013,2,Thursday,3,8.583333333333334
1930,photo,64,2,0,64,0,0,0,0,0,2013-02-28 05:07:00,2013,2,Thursday,3,5.116666666666666
1931,photo,40,1,0,40,0,0,0,0,0,2013-02-27 05:49:00,2013,2,Wednesday,2,5.816666666666666
1932,photo,58,1,0,58,0,0,0,0,0,2013-02-27 05:21:00,2013,2,Wednesday,2,5.35
1933,photo,67,3,0,67,0,0,0,0,0,2013-02-27 05:12:00,2013,2,Wednesday,2,5.2
1934,photo,50,3,0,50,0,0,0,0,0,2013-02-26 07:44:00,2013,2,Tuesday,1,7.733333333333333
1935,photo,53,1,0,53,0,0,0,0,0,2013-02-26 07:24:00,2013,2,Tuesday,1,7.4
1936,photo,67,8,0,67,0,0,0,0,0,2013-02-26 07:11:00,2013,2,Tuesday,1,7.183333333333334
1937,photo,90,12,0,90,0,0,0,0,0,2013-02-26 07:06:00,2013,2,Tuesday,1,7.1
1938,photo,60,2,0,60,0,0,0,0,0,2013-02-26 06:47:00,2013,2,Tuesday,1,6.783333333333333
1939,photo,30,8,0,30,0,0,0,0,0,2013-02-25 10:37:00,2013,2,Monday,0,10.616666666666667
1940,photo,52,10,0,52,0,0,0,0,0,2013-02-25 10:24:00,2013,2,Monday,0,10.4
1941,photo,5,0,0,5,0,0,0,0,0,2013-02-25 09:37:00,2013,2,Monday,0,9.616666666666667
1942,photo,56,14,0,56,0,0,0,0,0,2013-02-24 07:16:00,2013,2,Sunday,6,7.266666666666667
1943,photo,26,2,0,26,0,0,0,0,0,2013-02-24 07:14:00,2013,2,Sunday,6,7.233333333333333
1944,photo,71,11,0,71,0,0,0,0,0,2013-02-24 04:55:00,2013,2,Sunday,6,4.916666666666667
1945,photo,53,4,0,53,0,0,0,0,0,2013-02-24 01:51:00,2013,2,Sunday,6,1.85
1946,photo,35,2,0,35,0,0,0,0,0,2013-02-23 12:28:00,2013,2,Saturday,5,12.466666666666667
1947,photo,31,2,0,31,0,0,0,0,0,2013-02-20 23:46:00,2013,2,Wednesday,2,23.766666666666666
1948,photo,45,0,0,45,0,0,0,0,0,2013-02-20 11:17:00,2013,2,Wednesday,2,11.283333333333333
1949,photo,20,1,0,20,0,0,0,0,0,2013-02-20 11:11:00,2013,2,Wednesday,2,11.183333333333334
1950,photo,3,2,2,3,0,0,0,0,0,2013-02-19 21:06:00,2013,2,Tuesday,1,21.1
1951,photo,48,0,0,48,0,0,0,0,0,2013-02-18 04:15:00,2013,2,Monday,0,4.25
1952,photo,18,0,0,18,0,0,0,0,0,2013-02-18 04:14:00,2013,2,Monday,0,4.233333333333333
1953,photo,56,10,0,56,0,0,0,0,0,2013-02-17 08:59:00,2013,2,Sunday,6,8.983333333333333
1954,photo,64,2,1,64,0,0,0,0,0,2013-02-17 03:58:00,2013,2,Sunday,6,3.966666666666667
1955,photo,63,0,0,63,0,0,0,0,0,2013-02-16 07:52:00,2013,2,Saturday,5,7.866666666666667
1956,photo,40,9,2,40,0,0,0,0,0,2013-02-16 07:21:00,2013,2,Saturday,5,7.35
1957,photo,92,1,0,92,0,0,0,0,0,2013-02-16 06:11:00,2013,2,Saturday,5,6.183333333333334
1958,photo,53,0,0,53,0,0,0,0,0,2013-02-16 03:05:00,2013,2,Saturday,5,3.0833333333333335
1959,photo,33,0,0,33,0,0,0,0,0,2013-02-15 09:47:00,2013,2,Friday,4,9.783333333333333
1960,photo,84,6,0,84,0,0,0,0,0,2013-02-15 09:00:00,2013,2,Friday,4,9.0
1961,photo,87,11,0,87,0,0,0,0,0,2013-02-15 08:51:00,2013,2,Friday,4,8.85
1962,photo,26,0,0,26,0,0,0,0,0,2013-02-15 07:59:00,2013,2,Friday,4,7.983333333333333
1963,photo,22,0,0,22,0,0,0,0,0,2013-02-15 05:51:00,2013,2,Friday,4,5.85
1964,photo,78,0,5,78,0,0,0,0,0,2013-02-15 03:35:00,2013,2,Friday,4,3.5833333333333335
1965,photo,67,6,7,67,0,0,0,0,0,2013-02-15 02:54:00,2013,2,Friday,4,2.9
1966,photo,26,1,0,26,0,0,0,0,0,2013-02-11 03:53:00,2013,2,Monday,0,3.8833333333333333
1967,photo,14,0,0,14,0,0,0,0,0,2013-02-11 03:52:00,2013,2,Monday,0,3.8666666666666667
1968,photo,18,0,0,18,0,0,0,0,0,2013-02-10 00:55:00,2013,2,Sunday,6,0.9166666666666666
1969,photo,24,0,0,24,0,0,0,0,0,2013-02-08 00:59:00,2013,2,Friday,4,0.9833333333333333
1970,photo,27,0,0,27,0,0,0,0,0,2013-02-08 00:37:00,2013,2,Friday,4,0.6166666666666667
1971,photo,30,11,0,30,0,0,0,0,0,2013-02-07 11:41:00,2013,2,Thursday,3,11.683333333333334
1972,photo,34,4,0,34,0,0,0,0,0,2013-02-03 06:43:00,2013,2,Sunday,6,6.716666666666667
1973,photo,26,1,1,26,0,0,0,0,0,2013-02-03 06:30:00,2013,2,Sunday,6,6.5
1974,photo,38,4,0,38,0,0,0,0,0,2013-02-03 00:37:00,2013,2,Sunday,6,0.6166666666666667
1975,photo,55,5,0,55,0,0,0,0,0,2013-02-03 00:13:00,2013,2,Sunday,6,0.21666666666666667
1976,photo,80,9,0,80,0,0,0,0,0,2013-02-02 21:06:00,2013,2,Saturday,5,21.1
1977,photo,33,3,0,33,0,0,0,0,0,2013-02-02 08:30:00,2013,2,Saturday,5,8.5
1978,photo,44,10,0,44,0,0,0,0,0,2013-02-02 08:24:00,2013,2,Saturday,5,8.4
1979,photo,41,7,0,41,0,0,0,0,0,2013-02-02 08:17:00,2013,2,Saturday,5,8.283333333333333
1980,photo,30,3,0,30,0,0,0,0,0,2013-02-02 08:12:00,2013,2,Saturday,5,8.2
1981,photo,34,0,0,34,0,0,0,0,0,2013-01-31 07:10:00,2013,1,Thursday,3,7.166666666666667
1982,photo,30,0,0,30,0,0,0,0,0,2013-01-31 07:09:00,2013,1,Thursday,3,7.15
1983,photo,38,9,0,38,0,0,0,0,0,2013-01-31 05:51:00,2013,1,Thursday,3,5.85
1984,photo,24,4,1,24,0,0,0,0,0,2013-01-31 05:37:00,2013,1,Thursday,3,5.616666666666667
1985,photo,37,2,0,37,0,0,0,0,0,2013-01-31 04:34:00,2013,1,Thursday,3,4.566666666666666
1986,photo,18,3,0,18,0,0,0,0,0,2013-01-31 03:35:00,2013,1,Thursday,3,3.5833333333333335
1987,photo,55,15,0,55,0,0,0,0,0,2013-01-30 23:57:00,2013,1,Wednesday,2,23.95
1988,photo,54,3,0,54,0,0,0,0,0,2013-01-30 09:25:00,2013,1,Wednesday,2,9.416666666666666
1989,photo,67,11,0,67,0,0,0,0,0,2013-01-30 09:22:00,2013,1,Wednesday,2,9.366666666666667
1990,photo,94,18,0,94,0,0,0,0,0,2013-01-30 04:37:00,2013,1,Wednesday,2,4.616666666666667
1991,photo,41,2,0,41,0,0,0,0,0,2013-01-29 09:09:00,2013,1,Tuesday,1,9.15
1992,photo,36,2,0,36,0,0,0,0,0,2013-01-29 08:57:00,2013,1,Tuesday,1,8.95
1993,photo,65,3,1,65,0,0,0,0,0,2013-01-29 08:56:00,2013,1,Tuesday,1,8.933333333333334
1994,photo,90,6,0,90,0,0,0,0,0,2013-01-26 08:31:00,2013,1,Saturday,5,8.516666666666667
1995,photo,42,2,0,42,0,0,0,0,0,2013-01-26 05:47:00,2013,1,Saturday,5,5.783333333333333
1996,photo,48,4,0,48,0,0,0,0,0,2013-01-25 11:29:00,2013,1,Friday,4,11.483333333333333
1997,photo,45,10,0,45,0,0,0,0,0,2013-01-25 00:50:00,2013,1,Friday,4,0.8333333333333334
1998,photo,47,2,0,47,0,0,0,0,0,2013-01-24 10:12:00,2013,1,Thursday,3,10.2
1999,photo,31,4,0,31,0,0,0,0,0,2013-01-24 10:10:00,2013,1,Thursday,3,10.166666666666666
2000,photo,105,23,0,105,0,0,0,0,0,2013-01-24 05:00:00,2013,1,Thursday,3,5.0
2001,photo,48,0,0,48,0,0,0,0,0,2013-01-23 13:44:00,2013,1,Wednesday,2,13.733333333333333
2002,photo,37,5,0,37,0,0,0,0,0,2013-01-22 10:09:00,2013,1,Tuesday,1,10.15
2003,photo,5,2,2,5,0,0,0,0,0,2013-01-21 11:40:00,2013,1,Monday,0,11.666666666666666
2004,photo,11,0,0,11,0,0,0,0,0,2013-01-21 05:06:00,2013,1,Monday,0,5.1
2005,photo,27,11,1,27,0,0,0,0,0,2013-01-18 22:47:00,2013,1,Friday,4,22.783333333333335
2006,photo,2,0,0,2,0,0,0,0,0,2013-01-18 09:10:00,2013,1,Friday,4,9.166666666666666
2007,photo,43,1,0,43,0,0,0,0,0,2013-01-17 13:22:00,2013,1,Thursday,3,13.366666666666667
2008,photo,46,4,0,46,0,0,0,0,0,2013-01-16 22:25:00,2013,1,Wednesday,2,22.416666666666668
2009,photo,53,3,0,53,0,0,0,0,0,2013-01-16 10:01:00,2013,1,Wednesday,2,10.016666666666667
2010,photo,10,1,0,10,0,0,0,0,0,2013-01-16 00:05:00,2013,1,Wednesday,2,0.08333333333333333
2011,photo,22,5,0,22,0,0,0,0,0,2013-01-15 21:13:00,2013,1,Tuesday,1,21.216666666666665
2012,photo,12,3,1,12,0,0,0,0,0,2013-01-15 06:26:00,2013,1,Tuesday,1,6.433333333333334
2013,photo,50,6,0,50,0,0,0,0,0,2013-01-14 04:40:00,2013,1,Monday,0,4.666666666666667
2014,photo,47,13,0,47,0,0,0,0,0,2013-01-13 23:29:00,2013,1,Sunday,6,23.483333333333334
2015,photo,14,0,2,14,0,0,0,0,0,2013-01-13 09:46:00,2013,1,Sunday,6,9.766666666666667
2016,photo,1,0,0,1,0,0,0,0,0,2013-01-13 09:20:00,2013,1,Sunday,6,9.333333333333334
2017,photo,25,18,0,25,0,0,0,0,0,2013-01-13 04:43:00,2013,1,Sunday,6,4.716666666666667
2018,photo,16,0,0,16,0,0,0,0,0,2013-01-13 04:11:00,2013,1,Sunday,6,4.183333333333334
2019,photo,46,2,0,46,0,0,0,0,0,2013-01-13 03:24:00,2013,1,Sunday,6,3.4
2020,photo,76,1,0,76,0,0,0,0,0,2013-01-13 03:23:00,2013,1,Sunday,6,3.3833333333333333
2021,photo,16,0,0,16,0,0,0,0,0,2013-01-13 00:41:00,2013,1,Sunday,6,0.6833333333333333
2022,photo,40,1,0,40,0,0,0,0,0,2013-01-12 23:54:00,2013,1,Saturday,5,23.9
2023,photo,83,15,0,83,0,0,0,0,0,2013-01-12 06:48:00,2013,1,Saturday,5,6.8
2024,photo,89,28,1,89,0,0,0,0,0,2013-01-12 02:15:00,2013,1,Saturday,5,2.25
2025,photo,30,0,0,30,0,0,0,0,0,2013-01-11 13:00:00,2013,1,Friday,4,13.0
2026,photo,12,0,0,12,0,0,0,0,0,2013-01-11 11:55:00,2013,1,Friday,4,11.916666666666666
2027,photo,52,17,0,52,0,0,0,0,0,2013-01-11 00:25:00,2013,1,Friday,4,0.4166666666666667
2028,photo,58,19,0,58,0,0,0,0,0,2013-01-10 20:49:00,2013,1,Thursday,3,20.816666666666666
2029,photo,22,4,0,22,0,0,0,0,0,2013-01-10 04:27:00,2013,1,Thursday,3,4.45
2030,photo,6,0,0,6,0,0,0,0,0,2013-01-10 01:07:00,2013,1,Thursday,3,1.1166666666666667
2031,photo,30,2,0,30,0,0,0,0,0,2013-01-09 22:27:00,2013,1,Wednesday,2,22.45
2032,photo,58,5,0,58,0,0,0,0,0,2013-01-09 02:50:00,2013,1,Wednesday,2,2.8333333333333335
2033,photo,32,4,5,32,0,0,0,0,0,2013-01-09 00:41:00,2013,1,Wednesday,2,0.6833333333333333
2034,photo,48,5,0,48,0,0,0,0,0,2013-01-08 09:47:00,2013,1,Tuesday,1,9.783333333333333
2035,photo,43,4,0,43,0,0,0,0,0,2013-01-08 08:28:00,2013,1,Tuesday,1,8.466666666666667
2036,photo,30,0,0,30,0,0,0,0,0,2013-01-06 09:25:00,2013,1,Sunday,6,9.416666666666666
2037,photo,41,3,0,41,0,0,0,0,0,2013-01-06 02:24:00,2013,1,Sunday,6,2.4
2038,photo,42,10,0,42,0,0,0,0,0,2013-01-06 02:15:00,2013,1,Sunday,6,2.25
2039,photo,59,6,0,59,0,0,0,0,0,2013-01-05 09:54:00,2013,1,Saturday,5,9.9
2040,photo,17,0,0,17,0,0,0,0,0,2013-01-04 07:23:00,2013,1,Friday,4,7.383333333333334
2041,photo,47,0,0,47,0,0,0,0,0,2013-01-03 09:39:00,2013,1,Thursday,3,9.65
2042,photo,14,5,2,14,0,0,0,0,0,2013-01-03 09:17:00,2013,1,Thursday,3,9.283333333333333
2043,photo,12,1,0,12,0,0,0,0,0,2013-01-03 01:30:00,2013,1,Thursday,3,1.5
2044,status,30,23,4,30,0,0,0,0,0,2013-01-02 09:06:00,2013,1,Wednesday,2,9.1
2045,photo,25,3,1,25,0,0,0,0,0,2013-01-02 02:23:00,2013,1,Wednesday,2,2.3833333333333333
2046,photo,0,0,0,0,0,0,0,0,0,2012-12-23 03:11:00,2012,12,Sunday,6,3.183333333333333
2047,photo,4,1,0,4,0,0,0,0,0,2012-12-21 06:02:00,2012,12,Friday,4,6.033333333333333
2048,photo,3,0,0,3,0,0,0,0,0,2012-12-13 11:36:00,2012,12,Thursday,3,11.6
2049,photo,5,1,1,5,0,0,0,0,0,2012-11-18 09:50:00,2012,11,Sunday,6,9.833333333333334
2050,photo,2,0,0,2,0,0,0,0,0,2012-11-18 09:16:00,2012,11,Sunday,6,9.266666666666667
2051,photo,11,6,0,11,0,0,0,0,0,2012-11-09 03:28:00,2012,11,Friday,4,3.466666666666667
2052,photo,38,10,0,38,0,0,0,0,0,2012-11-09 00:54:00,2012,11,Friday,4,0.9
2053,photo,13,0,0,13,0,0,0,0,0,2012-11-08 03:32:00,2012,11,Thursday,3,3.533333333333333
2054,photo,19,0,0,19,0,0,0,0,0,2012-11-08 03:28:00,2012,11,Thursday,3,3.466666666666667
2055,photo,15,1,0,15,0,0,0,0,0,2012-11-07 02:46:00,2012,11,Wednesday,2,2.7666666666666666
2056,photo,21,4,0,21,0,0,0,0,0,2012-11-06 05:23:00,2012,11,Tuesday,1,5.383333333333334
2057,photo,42,2,0,42,0,0,0,0,0,2012-11-05 05:19:00,2012,11,Monday,0,5.316666666666666
2058,photo,12,0,0,12,0,0,0,0,0,2012-11-05 05:07:00,2012,11,Monday,0,5.116666666666666
2059,photo,19,4,0,19,0,0,0,0,0,2012-11-05 05:03:00,2012,11,Monday,0,5.05
2060,photo,24,2,0,24,0,0,0,0,0,2012-11-05 04:55:00,2012,11,Monday,0,4.916666666666667
2061,photo,32,1,0,32,0,0,0,0,0,2012-11-05 04:51:00,2012,11,Monday,0,4.85
2062,photo,15,8,0,15,0,0,0,0,0,2012-11-05 04:32:00,2012,11,Monday,0,4.533333333333333
2063,photo,22,4,0,22,0,0,0,0,0,2012-11-05 03:59:00,2012,11,Monday,0,3.9833333333333334
2064,photo,33,8,0,33,0,0,0,0,0,2012-11-05 02:05:00,2012,11,Monday,0,2.0833333333333335
2065,photo,11,6,0,11,0,0,0,0,0,2012-11-04 10:50:00,2012,11,Sunday,6,10.833333333333334
2066,photo,47,6,0,47,0,0,0,0,0,2012-11-04 04:56:00,2012,11,Sunday,6,4.933333333333334
2067,photo,41,7,0,41,0,0,0,0,0,2012-11-04 04:00:00,2012,11,Sunday,6,4.0
2068,photo,29,4,0,29,0,0,0,0,0,2012-11-04 02:27:00,2012,11,Sunday,6,2.45
2069,photo,48,7,0,48,0,0,0,0,0,2012-11-03 08:10:00,2012,11,Saturday,5,8.166666666666666
2070,photo,13,8,0,13,0,0,0,0,0,2012-11-03 06:23:00,2012,11,Saturday,5,6.383333333333334
2071,photo,32,2,0,32,0,0,0,0,0,2012-11-03 01:39:00,2012,11,Saturday,5,1.65
2072,photo,42,8,0,42,0,0,0,0,0,2012-11-02 11:09:00,2012,11,Friday,4,11.15
2073,photo,26,5,0,26,0,0,0,0,0,2012-11-02 11:05:00,2012,11,Friday,4,11.083333333333334
2074,photo,67,25,0,67,0,0,0,0,0,2012-11-02 09:41:00,2012,11,Friday,4,9.683333333333334
2075,photo,23,4,0,23,0,0,0,0,0,2012-11-02 04:01:00,2012,11,Friday,4,4.016666666666667
2076,photo,33,4,0,33,0,0,0,0,0,2012-11-01 09:35:00,2012,11,Thursday,3,9.583333333333334
2077,photo,25,3,0,25,0,0,0,0,0,2012-11-01 08:58:00,2012,11,Thursday,3,8.966666666666667
2078,photo,22,4,0,22,0,0,0,0,0,2012-11-01 00:48:00,2012,11,Thursday,3,0.8
2079,photo,26,0,0,26,0,0,0,0,0,2012-10-31 12:38:00,2012,10,Wednesday,2,12.633333333333333
2080,photo,38,10,0,38,0,0,0,0,0,2012-10-31 09:44:00,2012,10,Wednesday,2,9.733333333333333
2081,photo,50,19,0,50,0,0,0,0,0,2012-10-31 09:29:00,2012,10,Wednesday,2,9.483333333333333
2082,photo,29,1,0,29,0,0,0,0,0,2012-10-31 02:05:00,2012,10,Wednesday,2,2.0833333333333335
2083,photo,26,0,0,26,0,0,0,0,0,2012-10-30 19:13:00,2012,10,Tuesday,1,19.216666666666665
2084,photo,25,1,0,25,0,0,0,0,0,2012-10-30 07:15:00,2012,10,Tuesday,1,7.25
2085,photo,15,0,0,15,0,0,0,0,0,2012-10-30 06:43:00,2012,10,Tuesday,1,6.716666666666667
2086,photo,18,0,0,18,0,0,0,0,0,2012-10-30 04:25:00,2012,10,Tuesday,1,4.416666666666667
2087,photo,28,4,0,28,0,0,0,0,0,2012-10-30 02:23:00,2012,10,Tuesday,1,2.3833333333333333
2088,photo,14,23,0,14,0,0,0,0,0,2012-10-29 12:10:00,2012,10,Monday,0,12.166666666666666
2089,photo,20,2,0,20,0,0,0,0,0,2012-10-28 03:46:00,2012,10,Sunday,6,3.7666666666666666
2090,photo,17,21,0,17,0,0,0,0,0,2012-10-27 09:38:00,2012,10,Saturday,5,9.633333333333333
2091,photo,34,0,0,34,0,0,0,0,0,2012-10-27 02:28:00,2012,10,Saturday,5,2.466666666666667
2092,photo,17,11,0,17,0,0,0,0,0,2012-10-26 03:49:00,2012,10,Friday,4,3.8166666666666664
2093,photo,40,6,0,40,0,0,0,0,0,2012-10-24 22:28:00,2012,10,Wednesday,2,22.466666666666665
2094,photo,21,5,0,21,0,0,0,0,0,2012-10-24 01:37:00,2012,10,Wednesday,2,1.6166666666666667
2095,photo,14,4,0,14,0,0,0,0,0,2012-10-24 01:19:00,2012,10,Wednesday,2,1.3166666666666667
2096,photo,43,17,1,43,0,0,0,0,0,2012-10-23 08:19:00,2012,10,Tuesday,1,8.316666666666666
2097,photo,27,5,0,27,0,0,0,0,0,2012-10-23 08:16:00,2012,10,Tuesday,1,8.266666666666667
2098,photo,35,22,0,35,0,0,0,0,0,2012-10-23 08:14:00,2012,10,Tuesday,1,8.233333333333333
2099,photo,24,1,0,24,0,0,0,0,0,2012-10-23 06:39:00,2012,10,Tuesday,1,6.65
2100,photo,30,4,0,30,0,0,0,0,0,2012-10-23 06:37:00,2012,10,Tuesday,1,6.616666666666667
2101,photo,21,2,0,21,0,0,0,0,0,2012-10-23 03:42:00,2012,10,Tuesday,1,3.7
2102,photo,41,7,0,41,0,0,0,0,0,2012-10-22 23:57:00,2012,10,Monday,0,23.95
2103,photo,15,1,0,15,0,0,0,0,0,2012-10-22 09:35:00,2012,10,Monday,0,9.583333333333334
2104,photo,27,6,0,27,0,0,0,0,0,2012-10-22 07:33:00,2012,10,Monday,0,7.55
2105,photo,22,3,0,22,0,0,0,0,0,2012-10-22 07:05:00,2012,10,Monday,0,7.083333333333333
2106,photo,36,13,0,36,0,0,0,0,0,2012-10-22 03:42:00,2012,10,Monday,0,3.7
2107,photo,10,18,0,10,0,0,0,0,0,2012-10-22 01:17:00,2012,10,Monday,0,1.2833333333333332
2108,photo,24,5,0,24,0,0,0,0,0,2012-10-21 03:53:00,2012,10,Sunday,6,3.8833333333333333
2109,photo,19,1,0,19,0,0,0,0,0,2012-10-20 10:53:00,2012,10,Saturday,5,10.883333333333333
2110,photo,63,25,0,63,0,0,0,0,0,2012-10-20 09:14:00,2012,10,Saturday,5,9.233333333333333
2111,photo,47,15,0,47,0,0,0,0,0,2012-10-20 02:47:00,2012,10,Saturday,5,2.783333333333333
2112,photo,57,11,0,57,0,0,0,0,0,2012-10-19 10:55:00,2012,10,Friday,4,10.916666666666666
2113,photo,14,4,0,14,0,0,0,0,0,2012-10-19 08:53:00,2012,10,Friday,4,8.883333333333333
2114,photo,35,5,0,35,0,0,0,0,0,2012-10-19 08:30:00,2012,10,Friday,4,8.5
2115,photo,12,0,2,12,0,0,0,0,0,2012-10-19 08:15:00,2012,10,Friday,4,8.25
2116,photo,15,3,0,15,0,0,0,0,0,2012-10-19 04:57:00,2012,10,Friday,4,4.95
2117,photo,31,15,0,31,0,0,0,0,0,2012-10-19 01:15:00,2012,10,Friday,4,1.25
2118,photo,45,5,0,45,0,0,0,0,0,2012-10-18 10:37:00,2012,10,Thursday,3,10.616666666666667
2119,photo,35,24,0,35,0,0,0,0,0,2012-10-18 08:55:00,2012,10,Thursday,3,8.916666666666666
2120,photo,38,30,0,38,0,0,0,0,0,2012-10-18 08:09:00,2012,10,Thursday,3,8.15
2121,photo,26,11,0,26,0,0,0,0,0,2012-10-18 07:19:00,2012,10,Thursday,3,7.316666666666666
2122,photo,35,11,0,35,0,0,0,0,0,2012-10-18 06:53:00,2012,10,Thursday,3,6.883333333333333
2123,photo,53,36,0,53,0,0,0,0,0,2012-10-17 08:59:00,2012,10,Wednesday,2,8.983333333333333
2124,photo,26,0,0,26,0,0,0,0,0,2012-10-17 07:38:00,2012,10,Wednesday,2,7.633333333333333
2125,photo,16,0,0,16,0,0,0,0,0,2012-10-17 03:19:00,2012,10,Wednesday,2,3.3166666666666664
2126,photo,28,7,0,28,0,0,0,0,0,2012-10-17 02:54:00,2012,10,Wednesday,2,2.9
2127,photo,16,1,1,16,0,0,0,0,0,2012-10-17 02:09:00,2012,10,Wednesday,2,2.15
2128,photo,26,16,0,26,0,0,0,0,0,2012-10-16 09:15:00,2012,10,Tuesday,1,9.25
2129,photo,26,11,0,26,0,0,0,0,0,2012-10-16 08:44:00,2012,10,Tuesday,1,8.733333333333333
2130,photo,27,14,0,27,0,0,0,0,0,2012-10-16 08:16:00,2012,10,Tuesday,1,8.266666666666667
2131,photo,33,6,0,33,0,0,0,0,0,2012-10-16 07:29:00,2012,10,Tuesday,1,7.483333333333333
2132,photo,27,8,0,27,0,0,0,0,0,2012-10-16 07:14:00,2012,10,Tuesday,1,7.233333333333333
2133,photo,37,10,0,37,0,0,0,0,0,2012-10-16 07:07:00,2012,10,Tuesday,1,7.116666666666666
2134,photo,23,5,1,23,0,0,0,0,0,2012-10-15 08:24:00,2012,10,Monday,0,8.4
2135,photo,13,0,0,13,0,0,0,0,0,2012-10-15 08:21:00,2012,10,Monday,0,8.35
2136,photo,17,8,0,17,0,0,0,0,0,2012-10-15 08:19:00,2012,10,Monday,0,8.316666666666666
2137,photo,30,0,0,30,0,0,0,0,0,2012-10-15 07:30:00,2012,10,Monday,0,7.5
2138,photo,18,13,0,18,0,0,0,0,0,2012-10-15 07:23:00,2012,10,Monday,0,7.383333333333334
2139,photo,30,9,0,30,0,0,0,0,0,2012-10-15 07:06:00,2012,10,Monday,0,7.1
2140,photo,26,7,0,26,0,0,0,0,0,2012-10-15 06:57:00,2012,10,Monday,0,6.95
2141,photo,16,9,0,16,0,0,0,0,0,2012-10-15 01:01:00,2012,10,Monday,0,1.0166666666666666
2142,photo,47,5,0,47,0,0,0,0,0,2012-10-14 07:56:00,2012,10,Sunday,6,7.933333333333334
2143,photo,16,7,0,16,0,0,0,0,0,2012-10-13 11:49:00,2012,10,Saturday,5,11.816666666666666
2144,photo,13,9,1,13,0,0,0,0,0,2012-10-13 04:53:00,2012,10,Saturday,5,4.883333333333333
2145,photo,32,13,1,32,0,0,0,0,0,2012-10-13 04:52:00,2012,10,Saturday,5,4.866666666666667
2146,photo,21,11,0,21,0,0,0,0,0,2012-10-13 01:18:00,2012,10,Saturday,5,1.3
2147,photo,24,8,0,24,0,0,0,0,0,2012-10-12 08:47:00,2012,10,Friday,4,8.783333333333333
2148,photo,22,4,0,22,0,0,0,0,0,2012-10-12 03:58:00,2012,10,Friday,4,3.966666666666667
2149,photo,14,2,0,14,0,0,0,0,0,2012-10-12 03:57:00,2012,10,Friday,4,3.95
2150,photo,24,12,3,24,0,0,0,0,0,2012-10-11 12:54:00,2012,10,Thursday,3,12.9
2151,photo,24,1,0,24,0,0,0,0,0,2012-10-10 10:34:00,2012,10,Wednesday,2,10.566666666666666
2152,photo,18,20,0,18,0,0,0,0,0,2012-10-10 05:04:00,2012,10,Wednesday,2,5.066666666666666
2153,photo,14,2,0,14,0,0,0,0,0,2012-10-09 09:25:00,2012,10,Tuesday,1,9.416666666666666
2154,photo,17,4,0,17,0,0,0,0,0,2012-10-09 08:53:00,2012,10,Tuesday,1,8.883333333333333
2155,photo,14,0,0,14,0,0,0,0,0,2012-10-09 08:50:00,2012,10,Tuesday,1,8.833333333333334
2156,photo,16,0,0,16,0,0,0,0,0,2012-10-09 08:46:00,2012,10,Tuesday,1,8.766666666666667
2157,photo,15,0,0,15,0,0,0,0,0,2012-10-09 08:38:00,2012,10,Tuesday,1,8.633333333333333
2158,photo,11,1,0,11,0,0,0,0,0,2012-10-08 04:47:00,2012,10,Monday,0,4.783333333333333
2159,photo,15,0,1,15,0,0,0,0,0,2012-10-08 04:01:00,2012,10,Monday,0,4.016666666666667
2160,photo,15,1,0,15,0,0,0,0,0,2012-10-08 01:35:00,2012,10,Monday,0,1.5833333333333335
2161,photo,16,8,0,16,0,0,0,0,0,2012-10-07 11:18:00,2012,10,Sunday,6,11.3
2162,photo,14,0,0,14,0,0,0,0,0,2012-10-06 23:49:00,2012,10,Saturday,5,23.816666666666666
2163,photo,17,0,0,17,0,0,0,0,0,2012-10-06 09:40:00,2012,10,Saturday,5,9.666666666666666
2164,photo,0,0,1,0,0,0,0,0,0,2012-10-06 05:24:00,2012,10,Saturday,5,5.4
2165,photo,32,2,0,32,0,0,0,0,0,2012-10-06 04:55:00,2012,10,Saturday,5,4.916666666666667
2166,photo,29,7,5,29,0,0,0,0,0,2012-10-06 01:45:00,2012,10,Saturday,5,1.75
2167,photo,19,12,0,19,0,0,0,0,0,2012-10-05 23:15:00,2012,10,Friday,4,23.25
2168,photo,49,5,0,49,0,0,0,0,0,2012-10-05 08:26:00,2012,10,Friday,4,8.433333333333334
2169,photo,62,25,1,62,0,0,0,0,0,2012-10-05 05:30:00,2012,10,Friday,4,5.5
2170,photo,9,11,0,9,0,0,0,0,0,2012-10-04 23:28:00,2012,10,Thursday,3,23.466666666666665
2171,photo,33,7,0,33,0,0,0,0,0,2012-10-04 08:57:00,2012,10,Thursday,3,8.95
2172,photo,40,28,0,40,0,0,0,0,0,2012-10-04 08:35:00,2012,10,Thursday,3,8.583333333333334
2173,photo,46,31,0,46,0,0,0,0,0,2012-10-03 10:26:00,2012,10,Wednesday,2,10.433333333333334
2174,photo,31,11,0,31,0,0,0,0,0,2012-10-03 09:10:00,2012,10,Wednesday,2,9.166666666666666
2175,photo,15,0,0,15,0,0,0,0,0,2012-10-02 23:11:00,2012,10,Tuesday,1,23.183333333333334
2176,photo,40,17,0,40,0,0,0,0,0,2012-10-02 09:16:00,2012,10,Tuesday,1,9.266666666666667
2177,photo,20,5,0,20,0,0,0,0,0,2012-10-02 05:15:00,2012,10,Tuesday,1,5.25
2178,photo,32,9,1,32,0,0,0,0,0,2012-10-01 10:00:00,2012,10,Monday,0,10.0
2179,photo,34,11,1,34,0,0,0,0,0,2012-10-01 09:40:00,2012,10,Monday,0,9.666666666666666
2180,photo,14,0,0,14,0,0,0,0,0,2012-10-01 05:50:00,2012,10,Monday,0,5.833333333333333
2181,photo,16,10,2,16,0,0,0,0,0,2012-10-01 03:32:00,2012,10,Monday,0,3.533333333333333
2182,photo,5,0,1,5,0,0,0,0,0,2012-09-30 21:55:00,2012,9,Sunday,6,21.916666666666668
2183,photo,21,0,0,21,0,0,0,0,0,2012-09-30 21:51:00,2012,9,Sunday,6,21.85
2184,photo,18,1,0,18,0,0,0,0,0,2012-09-30 10:53:00,2012,9,Sunday,6,10.883333333333333
2185,photo,14,6,0,14,0,0,0,0,0,2012-09-30 10:21:00,2012,9,Sunday,6,10.35
2186,photo,23,0,0,23,0,0,0,0,0,2012-09-30 10:06:00,2012,9,Sunday,6,10.1
2187,photo,20,22,0,20,0,0,0,0,0,2012-09-30 09:58:00,2012,9,Sunday,6,9.966666666666667
2188,photo,24,24,0,24,0,0,0,0,0,2012-09-30 09:53:00,2012,9,Sunday,6,9.883333333333333
2189,photo,24,30,0,24,0,0,0,0,0,2012-09-30 09:12:00,2012,9,Sunday,6,9.2
2190,photo,19,25,0,19,0,0,0,0,0,2012-09-30 09:10:00,2012,9,Sunday,6,9.166666666666666
2191,photo,4,0,0,4,0,0,0,0,0,2012-09-30 01:50:00,2012,9,Sunday,6,1.8333333333333335
2192,photo,35,7,0,35,0,0,0,0,0,2012-09-29 21:51:00,2012,9,Saturday,5,21.85
2193,photo,15,4,0,15,0,0,0,0,0,2012-09-29 11:19:00,2012,9,Saturday,5,11.316666666666666
2194,photo,16,2,0,16,0,0,0,0,0,2012-09-29 10:02:00,2012,9,Saturday,5,10.033333333333333
2195,photo,20,6,0,20,0,0,0,0,0,2012-09-29 09:44:00,2012,9,Saturday,5,9.733333333333333
2196,photo,15,18,0,15,0,0,0,0,0,2012-09-29 08:57:00,2012,9,Saturday,5,8.95
2197,photo,23,4,0,23,0,0,0,0,0,2012-09-29 08:24:00,2012,9,Saturday,5,8.4
2198,photo,18,0,0,18,0,0,0,0,0,2012-09-29 08:12:00,2012,9,Saturday,5,8.2
2199,photo,16,4,0,16,0,0,0,0,0,2012-09-29 08:09:00,2012,9,Saturday,5,8.15
2200,photo,17,1,0,17,0,0,0,0,0,2012-09-29 07:43:00,2012,9,Saturday,5,7.716666666666667
2201,photo,15,11,0,15,0,0,0,0,0,2012-09-29 05:30:00,2012,9,Saturday,5,5.5
2202,photo,27,1,0,27,0,0,0,0,0,2012-09-29 02:33:00,2012,9,Saturday,5,2.55
2203,photo,25,6,0,25,0,0,0,0,0,2012-09-28 09:03:00,2012,9,Friday,4,9.05
2204,photo,24,8,0,24,0,0,0,0,0,2012-09-28 05:19:00,2012,9,Friday,4,5.316666666666666
2205,photo,14,0,1,14,0,0,0,0,0,2012-09-28 05:15:00,2012,9,Friday,4,5.25
2206,photo,22,3,0,22,0,0,0,0,0,2012-09-27 09:59:00,2012,9,Thursday,3,9.983333333333333
2207,photo,15,3,0,15,0,0,0,0,0,2012-09-27 09:58:00,2012,9,Thursday,3,9.966666666666667
2208,photo,34,44,0,34,0,0,0,0,0,2012-09-27 09:55:00,2012,9,Thursday,3,9.916666666666666
2209,photo,14,3,9,14,0,0,0,0,0,2012-09-27 06:31:00,2012,9,Thursday,3,6.516666666666667
2210,photo,18,2,0,18,0,0,0,0,0,2012-09-27 04:42:00,2012,9,Thursday,3,4.7
2211,photo,13,3,0,13,0,0,0,0,0,2012-09-27 04:41:00,2012,9,Thursday,3,4.683333333333334
2212,photo,14,1,0,14,0,0,0,0,0,2012-09-27 04:30:00,2012,9,Thursday,3,4.5
2213,photo,30,0,1,30,0,0,0,0,0,2012-09-27 03:04:00,2012,9,Thursday,3,3.066666666666667
2214,photo,30,8,0,30,0,0,0,0,0,2012-09-27 01:39:00,2012,9,Thursday,3,1.65
2215,photo,18,3,0,18,0,0,0,0,0,2012-09-26 10:45:00,2012,9,Wednesday,2,10.75
2216,photo,24,2,0,24,0,0,0,0,0,2012-09-26 05:12:00,2012,9,Wednesday,2,5.2
2217,photo,21,0,0,21,0,0,0,0,0,2012-09-26 03:36:00,2012,9,Wednesday,2,3.6
2218,photo,8,16,0,8,0,0,0,0,0,2012-09-26 03:11:00,2012,9,Wednesday,2,3.183333333333333
2219,photo,23,3,0,23,0,0,0,0,0,2012-09-26 01:53:00,2012,9,Wednesday,2,1.8833333333333333
2220,photo,27,2,0,27,0,0,0,0,0,2012-09-25 22:15:00,2012,9,Tuesday,1,22.25
2221,photo,9,10,0,9,0,0,0,0,0,2012-09-25 11:54:00,2012,9,Tuesday,1,11.9
2222,photo,12,0,0,12,0,0,0,0,0,2012-09-25 08:36:00,2012,9,Tuesday,1,8.6
2223,photo,22,1,0,22,0,0,0,0,0,2012-09-25 04:57:00,2012,9,Tuesday,1,4.95
2224,photo,18,6,0,18,0,0,0,0,0,2012-09-25 03:36:00,2012,9,Tuesday,1,3.6
2225,photo,17,6,0,17,0,0,0,0,0,2012-09-24 08:46:00,2012,9,Monday,0,8.766666666666667
2226,photo,18,0,0,18,0,0,0,0,0,2012-09-24 08:40:00,2012,9,Monday,0,8.666666666666666
2227,photo,16,2,0,16,0,0,0,0,0,2012-09-24 05:24:00,2012,9,Monday,0,5.4
2228,photo,16,0,0,16,0,0,0,0,0,2012-09-24 02:05:00,2012,9,Monday,0,2.0833333333333335
2229,photo,13,2,2,13,0,0,0,0,0,2012-09-24 01:00:00,2012,9,Monday,0,1.0
2230,photo,19,3,0,19,0,0,0,0,0,2012-09-23 11:14:00,2012,9,Sunday,6,11.233333333333333
2231,photo,2,0,0,2,0,0,0,0,0,2012-09-23 08:58:00,2012,9,Sunday,6,8.966666666666667
2232,photo,17,1,0,17,0,0,0,0,0,2012-09-23 08:31:00,2012,9,Sunday,6,8.516666666666667
2233,photo,14,1,0,14,0,0,0,0,0,2012-09-23 08:16:00,2012,9,Sunday,6,8.266666666666667
2234,photo,2,0,0,2,0,0,0,0,0,2012-09-22 21:20:00,2012,9,Saturday,5,21.333333333333332
2235,photo,13,2,0,13,0,0,0,0,0,2012-09-22 08:50:00,2012,9,Saturday,5,8.833333333333334
2236,photo,1,0,0,1,0,0,0,0,0,2012-09-22 08:28:00,2012,9,Saturday,5,8.466666666666667
2237,photo,18,3,0,18,0,0,0,0,0,2012-09-22 08:21:00,2012,9,Saturday,5,8.35
2238,photo,23,7,0,23,0,0,0,0,0,2012-09-22 08:06:00,2012,9,Saturday,5,8.1
2239,photo,17,1,0,17,0,0,0,0,0,2012-09-22 08:04:00,2012,9,Saturday,5,8.066666666666666
2240,photo,17,6,0,17,0,0,0,0,0,2012-09-22 04:27:00,2012,9,Saturday,5,4.45
2241,photo,14,1,0,14,0,0,0,0,0,2012-09-22 03:48:00,2012,9,Saturday,5,3.8
2242,photo,1,0,1,1,0,0,0,0,0,2012-09-22 02:22:00,2012,9,Saturday,5,2.3666666666666667
2243,photo,10,1,0,10,0,0,0,0,0,2012-09-21 22:37:00,2012,9,Friday,4,22.616666666666667
2244,photo,13,12,0,13,0,0,0,0,0,2012-09-21 21:04:00,2012,9,Friday,4,21.066666666666666
2245,photo,35,25,0,35,0,0,0,0,0,2012-09-21 09:49:00,2012,9,Friday,4,9.816666666666666
2246,photo,4,0,0,4,0,0,0,0,0,2012-09-21 05:59:00,2012,9,Friday,4,5.983333333333333
2247,photo,15,12,0,15,0,0,0,0,0,2012-09-21 05:25:00,2012,9,Friday,4,5.416666666666667
2248,photo,11,6,0,11,0,0,0,0,0,2012-09-21 05:15:00,2012,9,Friday,4,5.25
2249,photo,8,15,0,8,0,0,0,0,0,2012-09-21 03:03:00,2012,9,Friday,4,3.05
2250,photo,11,3,0,11,0,0,0,0,0,2012-09-21 02:25:00,2012,9,Friday,4,2.4166666666666665
2251,photo,22,6,0,22,0,0,0,0,0,2012-09-21 01:50:00,2012,9,Friday,4,1.8333333333333335
2252,photo,10,6,0,10,0,0,0,0,0,2012-09-20 11:25:00,2012,9,Thursday,3,11.416666666666666
2253,photo,11,6,0,11,0,0,0,0,0,2012-09-20 11:11:00,2012,9,Thursday,3,11.183333333333334
2254,photo,14,23,0,14,0,0,0,0,0,2012-09-20 02:31:00,2012,9,Thursday,3,2.5166666666666666
2255,photo,21,5,0,21,0,0,0,0,0,2012-09-19 10:07:00,2012,9,Wednesday,2,10.116666666666667
2256,photo,26,4,0,26,0,0,0,0,0,2012-09-19 04:30:00,2012,9,Wednesday,2,4.5
2257,photo,25,9,1,25,0,0,0,0,0,2012-09-19 04:08:00,2012,9,Wednesday,2,4.133333333333334
2258,photo,10,11,0,10,0,0,0,0,0,2012-09-19 02:41:00,2012,9,Wednesday,2,2.6833333333333336
2259,photo,11,2,0,11,0,0,0,0,0,2012-09-19 02:38:00,2012,9,Wednesday,2,2.6333333333333333
2260,photo,22,7,0,22,0,0,0,0,0,2012-09-19 02:30:00,2012,9,Wednesday,2,2.5
2261,photo,11,1,1,11,0,0,0,0,0,2012-09-19 02:28:00,2012,9,Wednesday,2,2.466666666666667
2262,photo,14,2,1,14,0,0,0,0,0,2012-09-19 02:25:00,2012,9,Wednesday,2,2.4166666666666665
2263,photo,33,17,0,33,0,0,0,0,0,2012-09-19 01:01:00,2012,9,Wednesday,2,1.0166666666666666
2264,photo,19,7,0,19,0,0,0,0,0,2012-09-18 08:28:00,2012,9,Tuesday,1,8.466666666666667
2265,photo,27,2,0,27,0,0,0,0,0,2012-09-18 02:54:00,2012,9,Tuesday,1,2.9
2266,photo,20,16,0,20,0,0,0,0,0,2012-09-18 01:42:00,2012,9,Tuesday,1,1.7
2267,photo,27,13,0,27,0,0,0,0,0,2012-09-17 23:16:00,2012,9,Monday,0,23.266666666666666
2268,photo,19,18,0,19,0,0,0,0,0,2012-09-17 22:35:00,2012,9,Monday,0,22.583333333333332
2269,photo,10,9,0,10,0,0,0,0,0,2012-09-17 21:47:00,2012,9,Monday,0,21.783333333333335
2270,photo,27,18,1,27,0,0,0,0,0,2012-09-17 10:01:00,2012,9,Monday,0,10.016666666666667
2271,photo,87,28,0,87,0,0,0,0,0,2012-09-17 08:40:00,2012,9,Monday,0,8.666666666666666
2272,photo,24,7,0,24,0,0,0,0,0,2012-09-17 08:21:00,2012,9,Monday,0,8.35
2273,photo,16,4,0,16,0,0,0,0,0,2012-09-17 01:51:00,2012,9,Monday,0,1.85
2274,photo,12,0,0,12,0,0,0,0,0,2012-09-16 11:52:00,2012,9,Sunday,6,11.866666666666667
2275,photo,16,5,0,16,0,0,0,0,0,2012-09-16 11:44:00,2012,9,Sunday,6,11.733333333333333
2276,photo,21,8,0,21,0,0,0,0,0,2012-09-16 11:43:00,2012,9,Sunday,6,11.716666666666667
2277,photo,28,1,1,28,0,0,0,0,0,2012-09-16 10:23:00,2012,9,Sunday,6,10.383333333333333
2278,photo,20,0,0,20,0,0,0,0,0,2012-09-16 10:07:00,2012,9,Sunday,6,10.116666666666667
2279,photo,15,3,0,15,0,0,0,0,0,2012-09-16 09:51:00,2012,9,Sunday,6,9.85
2280,photo,36,5,0,36,0,0,0,0,0,2012-09-16 09:29:00,2012,9,Sunday,6,9.483333333333333
2281,photo,23,0,0,23,0,0,0,0,0,2012-09-16 09:22:00,2012,9,Sunday,6,9.366666666666667
2282,photo,31,12,0,31,0,0,0,0,0,2012-09-16 06:04:00,2012,9,Sunday,6,6.066666666666666
2283,photo,19,0,0,19,0,0,0,0,0,2012-09-16 06:01:00,2012,9,Sunday,6,6.016666666666667
2284,photo,16,4,0,16,0,0,0,0,0,2012-09-16 02:03:00,2012,9,Sunday,6,2.05
2285,photo,30,11,0,30,0,0,0,0,0,2012-09-16 01:36:00,2012,9,Sunday,6,1.6
2286,photo,22,2,0,22,0,0,0,0,0,2012-09-16 00:01:00,2012,9,Sunday,6,0.016666666666666666
2287,photo,14,1,2,14,0,0,0,0,0,2012-09-15 22:50:00,2012,9,Saturday,5,22.833333333333332
2288,photo,11,7,0,11,0,0,0,0,0,2012-09-15 05:14:00,2012,9,Saturday,5,5.233333333333333
2289,photo,21,4,0,21,0,0,0,0,0,2012-09-15 04:28:00,2012,9,Saturday,5,4.466666666666667
2290,photo,30,12,0,30,0,0,0,0,0,2012-09-15 02:35:00,2012,9,Saturday,5,2.5833333333333335
2291,photo,37,13,0,37,0,0,0,0,0,2012-09-13 21:56:00,2012,9,Thursday,3,21.933333333333334
2292,photo,10,5,0,10,0,0,0,0,0,2012-09-13 20:33:00,2012,9,Thursday,3,20.55
2293,photo,21,6,0,21,0,0,0,0,0,2012-09-13 11:02:00,2012,9,Thursday,3,11.033333333333333
2294,photo,15,1,0,15,0,0,0,0,0,2012-09-13 10:59:00,2012,9,Thursday,3,10.983333333333333
2295,photo,19,3,0,19,0,0,0,0,0,2012-09-13 03:53:00,2012,9,Thursday,3,3.8833333333333333
2296,photo,14,1,0,14,0,0,0,0,0,2012-09-13 03:39:00,2012,9,Thursday,3,3.65
2297,photo,14,8,0,14,0,0,0,0,0,2012-09-12 02:30:00,2012,9,Wednesday,2,2.5
2298,photo,12,0,0,12,0,0,0,0,0,2012-09-10 12:21:00,2012,9,Monday,0,12.35
2299,photo,14,12,0,14,0,0,0,0,0,2012-09-10 10:04:00,2012,9,Monday,0,10.066666666666666
2300,photo,16,3,0,16,0,0,0,0,0,2012-09-10 09:43:00,2012,9,Monday,0,9.716666666666667
2301,photo,16,0,0,16,0,0,0,0,0,2012-09-10 08:59:00,2012,9,Monday,0,8.983333333333333
2302,photo,20,3,0,20,0,0,0,0,0,2012-09-10 08:09:00,2012,9,Monday,0,8.15
2303,photo,30,10,0,30,0,0,0,0,0,2012-09-10 07:36:00,2012,9,Monday,0,7.6
2304,photo,14,8,0,14,0,0,0,0,0,2012-09-10 06:49:00,2012,9,Monday,0,6.816666666666666
2305,photo,35,10,0,35,0,0,0,0,0,2012-09-10 00:59:00,2012,9,Monday,0,0.9833333333333333
2306,photo,21,4,0,21,0,0,0,0,0,2012-09-09 23:23:00,2012,9,Sunday,6,23.383333333333333
2307,photo,20,7,0,20,0,0,0,0,0,2012-09-09 23:05:00,2012,9,Sunday,6,23.083333333333332
2308,photo,22,10,13,22,0,0,0,0,0,2012-09-09 22:15:00,2012,9,Sunday,6,22.25
2309,photo,32,14,0,32,0,0,0,0,0,2012-09-09 10:13:00,2012,9,Sunday,6,10.216666666666667
2310,photo,12,6,0,12,0,0,0,0,0,2012-09-09 07:41:00,2012,9,Sunday,6,7.683333333333334
2311,photo,11,6,0,11,0,0,0,0,0,2012-09-09 07:28:00,2012,9,Sunday,6,7.466666666666667
2312,photo,12,0,0,12,0,0,0,0,0,2012-09-09 03:08:00,2012,9,Sunday,6,3.1333333333333333
2313,photo,12,0,0,12,0,0,0,0,0,2012-09-09 02:06:00,2012,9,Sunday,6,2.1
2314,photo,16,1,0,16,0,0,0,0,0,2012-09-09 02:01:00,2012,9,Sunday,6,2.0166666666666666
2315,photo,21,5,1,21,0,0,0,0,0,2012-09-09 00:29:00,2012,9,Sunday,6,0.48333333333333334
2316,photo,14,2,0,14,0,0,0,0,0,2012-09-08 14:02:00,2012,9,Saturday,5,14.033333333333333
2317,photo,16,3,0,16,0,0,0,0,0,2012-09-08 08:28:00,2012,9,Saturday,5,8.466666666666667
2318,photo,14,0,0,14,0,0,0,0,0,2012-09-08 02:40:00,2012,9,Saturday,5,2.6666666666666665
2319,photo,22,12,0,22,0,0,0,0,0,2012-09-07 07:39:00,2012,9,Friday,4,7.65
2320,photo,18,0,0,18,0,0,0,0,0,2012-09-07 07:35:00,2012,9,Friday,4,7.583333333333333
2321,photo,25,10,0,25,0,0,0,0,0,2012-09-07 04:32:00,2012,9,Friday,4,4.533333333333333
2322,photo,22,28,0,22,0,0,0,0,0,2012-09-07 00:21:00,2012,9,Friday,4,0.35
2323,photo,9,6,0,9,0,0,0,0,0,2012-09-06 23:17:00,2012,9,Thursday,3,23.283333333333335
2324,photo,16,3,0,16,0,0,0,0,0,2012-09-06 09:16:00,2012,9,Thursday,3,9.266666666666667
2325,photo,16,7,0,16,0,0,0,0,0,2012-09-06 09:01:00,2012,9,Thursday,3,9.016666666666667
2326,photo,25,5,0,25,0,0,0,0,0,2012-09-06 08:43:00,2012,9,Thursday,3,8.716666666666667
2327,photo,12,5,0,12,0,0,0,0,0,2012-09-06 08:38:00,2012,9,Thursday,3,8.633333333333333
2328,photo,18,2,0,18,0,0,0,0,0,2012-09-06 03:06:00,2012,9,Thursday,3,3.1
2329,photo,19,12,0,19,0,0,0,0,0,2012-09-06 02:52:00,2012,9,Thursday,3,2.8666666666666667
2330,photo,25,0,0,25,0,0,0,0,0,2012-09-06 02:03:00,2012,9,Thursday,3,2.05
2331,photo,23,11,0,23,0,0,0,0,0,2012-09-06 01:48:00,2012,9,Thursday,3,1.8
2332,photo,14,3,0,14,0,0,0,0,0,2012-09-06 01:13:00,2012,9,Thursday,3,1.2166666666666668
2333,photo,24,3,0,24,0,0,0,0,0,2012-09-05 10:28:00,2012,9,Wednesday,2,10.466666666666667
2334,photo,36,8,0,36,0,0,0,0,0,2012-09-05 09:33:00,2012,9,Wednesday,2,9.55
2335,photo,22,6,0,22,0,0,0,0,0,2012-09-05 09:00:00,2012,9,Wednesday,2,9.0
2336,photo,28,6,0,28,0,0,0,0,0,2012-09-05 04:15:00,2012,9,Wednesday,2,4.25
2337,photo,15,10,0,15,0,0,0,0,0,2012-09-04 22:18:00,2012,9,Tuesday,1,22.3
2338,photo,22,5,0,22,0,0,0,0,0,2012-09-04 09:58:00,2012,9,Tuesday,1,9.966666666666667
2339,photo,21,1,0,21,0,0,0,0,0,2012-09-04 09:41:00,2012,9,Tuesday,1,9.683333333333334
2340,photo,32,7,0,32,0,0,0,0,0,2012-09-04 03:01:00,2012,9,Tuesday,1,3.0166666666666666
2341,photo,19,1,3,19,0,0,0,0,0,2012-09-03 23:35:00,2012,9,Monday,0,23.583333333333332
2342,photo,12,5,0,12,0,0,0,0,0,2012-09-03 22:27:00,2012,9,Monday,0,22.45
2343,photo,12,3,0,12,0,0,0,0,0,2012-09-02 21:01:00,2012,9,Sunday,6,21.016666666666666
2344,photo,22,11,0,22,0,0,0,0,0,2012-09-02 08:50:00,2012,9,Sunday,6,8.833333333333334
2345,photo,17,2,0,17,0,0,0,0,0,2012-09-02 08:40:00,2012,9,Sunday,6,8.666666666666666
2346,photo,13,0,0,13,0,0,0,0,0,2012-09-02 02:54:00,2012,9,Sunday,6,2.9
2347,photo,24,2,2,24,0,0,0,0,0,2012-09-01 09:24:00,2012,9,Saturday,5,9.4
2348,photo,16,10,0,16,0,0,0,0,0,2012-09-01 09:06:00,2012,9,Saturday,5,9.1
2349,photo,19,17,1,19,0,0,0,0,0,2012-09-01 06:30:00,2012,9,Saturday,5,6.5
2350,photo,31,13,0,31,0,0,0,0,0,2012-09-01 06:18:00,2012,9,Saturday,5,6.3
2351,photo,11,4,0,11,0,0,0,0,0,2012-09-01 04:42:00,2012,9,Saturday,5,4.7
2352,photo,21,0,0,21,0,0,0,0,0,2012-09-01 00:41:00,2012,9,Saturday,5,0.6833333333333333
2353,photo,17,5,0,17,0,0,0,0,0,2012-09-01 00:28:00,2012,9,Saturday,5,0.4666666666666667
2354,photo,23,0,0,23,0,0,0,0,0,2012-09-01 00:04:00,2012,9,Saturday,5,0.06666666666666667
2355,photo,17,2,2,17,0,0,0,0,0,2012-08-31 23:42:00,2012,8,Friday,4,23.7
2356,photo,23,2,2,23,0,0,0,0,0,2012-08-31 12:32:00,2012,8,Friday,4,12.533333333333333
2357,photo,16,3,0,16,0,0,0,0,0,2012-08-31 10:40:00,2012,8,Friday,4,10.666666666666666
2358,photo,22,4,0,22,0,0,0,0,0,2012-08-31 01:02:00,2012,8,Friday,4,1.0333333333333334
2359,photo,14,7,0,14,0,0,0,0,0,2012-08-30 23:17:00,2012,8,Thursday,3,23.283333333333335
2360,photo,25,2,0,25,0,0,0,0,0,2012-08-30 22:56:00,2012,8,Thursday,3,22.933333333333334
2361,photo,19,6,0,19,0,0,0,0,0,2012-08-30 10:05:00,2012,8,Thursday,3,10.083333333333334
2362,photo,11,4,0,11,0,0,0,0,0,2012-08-30 09:00:00,2012,8,Thursday,3,9.0
2363,photo,21,12,0,21,0,0,0,0,0,2012-08-30 08:56:00,2012,8,Thursday,3,8.933333333333334
2364,photo,12,2,0,12,0,0,0,0,0,2012-08-30 04:06:00,2012,8,Thursday,3,4.1
2365,photo,12,14,0,12,0,0,0,0,0,2012-08-30 02:41:00,2012,8,Thursday,3,2.6833333333333336
2366,photo,12,0,0,12,0,0,0,0,0,2012-08-29 21:52:00,2012,8,Wednesday,2,21.866666666666667
2367,photo,36,5,0,36,0,0,0,0,0,2012-08-29 08:45:00,2012,8,Wednesday,2,8.75
2368,photo,12,1,0,12,0,0,0,0,0,2012-08-29 02:24:00,2012,8,Wednesday,2,2.4
2369,photo,11,0,0,11,0,0,0,0,0,2012-08-29 00:02:00,2012,8,Wednesday,2,0.03333333333333333
2370,photo,38,10,0,38,0,0,0,0,0,2012-08-28 03:03:00,2012,8,Tuesday,1,3.05
2371,photo,37,8,0,37,0,0,0,0,0,2012-08-27 22:24:00,2012,8,Monday,0,22.4
2372,photo,49,10,0,49,0,0,0,0,0,2012-08-27 10:29:00,2012,8,Monday,0,10.483333333333333
2373,photo,11,1,0,11,0,0,0,0,0,2012-08-27 06:20:00,2012,8,Monday,0,6.333333333333333
2374,photo,10,5,0,10,0,0,0,0,0,2012-08-27 05:22:00,2012,8,Monday,0,5.366666666666666
2375,photo,9,4,0,9,0,0,0,0,0,2012-08-27 04:34:00,2012,8,Monday,0,4.566666666666666
2376,photo,13,4,0,13,0,0,0,0,0,2012-08-27 04:32:00,2012,8,Monday,0,4.533333333333333
2377,photo,18,4,0,18,0,0,0,0,0,2012-08-27 04:06:00,2012,8,Monday,0,4.1
2378,photo,15,0,0,15,0,0,0,0,0,2012-08-27 00:20:00,2012,8,Monday,0,0.3333333333333333
2379,photo,14,0,0,14,0,0,0,0,0,2012-08-26 09:20:00,2012,8,Sunday,6,9.333333333333334
2380,photo,21,1,0,21,0,0,0,0,0,2012-08-26 04:38:00,2012,8,Sunday,6,4.633333333333333
2381,photo,14,3,0,14,0,0,0,0,0,2012-08-26 04:21:00,2012,8,Sunday,6,4.35
2382,photo,16,3,0,16,0,0,0,0,0,2012-08-26 04:15:00,2012,8,Sunday,6,4.25
2383,photo,12,4,0,12,0,0,0,0,0,2012-08-26 03:54:00,2012,8,Sunday,6,3.9
2384,photo,12,2,0,12,0,0,0,0,0,2012-08-26 03:52:00,2012,8,Sunday,6,3.8666666666666667
2385,photo,23,5,0,23,0,0,0,0,0,2012-08-26 03:42:00,2012,8,Sunday,6,3.7
2386,photo,35,9,1,35,0,0,0,0,0,2012-08-26 03:39:00,2012,8,Sunday,6,3.65
2387,photo,18,4,0,18,0,0,0,0,0,2012-08-26 02:06:00,2012,8,Sunday,6,2.1
2388,photo,12,1,0,12,0,0,0,0,0,2012-08-25 22:56:00,2012,8,Saturday,5,22.933333333333334
2389,photo,25,1,0,25,0,0,0,0,0,2012-08-25 22:49:00,2012,8,Saturday,5,22.816666666666666
2390,photo,19,10,0,19,0,0,0,0,0,2012-08-25 05:00:00,2012,8,Saturday,5,5.0
2391,photo,13,5,0,13,0,0,0,0,0,2012-08-25 04:25:00,2012,8,Saturday,5,4.416666666666667
2392,photo,14,11,0,14,0,0,0,0,0,2012-08-25 03:41:00,2012,8,Saturday,5,3.6833333333333336
2393,photo,36,13,0,36,0,0,0,0,0,2012-08-25 02:16:00,2012,8,Saturday,5,2.2666666666666666
2394,photo,37,13,0,37,0,0,0,0,0,2012-08-25 00:59:00,2012,8,Saturday,5,0.9833333333333333
2395,photo,16,8,0,16,0,0,0,0,0,2012-08-24 09:26:00,2012,8,Friday,4,9.433333333333334
2396,photo,25,15,0,25,0,0,0,0,0,2012-08-24 09:24:00,2012,8,Friday,4,9.4
2397,photo,28,4,0,28,0,0,0,0,0,2012-08-24 09:19:00,2012,8,Friday,4,9.316666666666666
2398,photo,26,3,0,26,0,0,0,0,0,2012-08-24 08:22:00,2012,8,Friday,4,8.366666666666667
2399,photo,32,6,0,32,0,0,0,0,0,2012-08-24 06:43:00,2012,8,Friday,4,6.716666666666667
2400,photo,35,12,0,35,0,0,0,0,0,2012-08-24 06:28:00,2012,8,Friday,4,6.466666666666667
2401,photo,26,2,0,26,0,0,0,0,0,2012-08-24 06:16:00,2012,8,Friday,4,6.266666666666667
2402,photo,21,3,0,21,0,0,0,0,0,2012-08-24 05:26:00,2012,8,Friday,4,5.433333333333334
2403,photo,34,12,0,34,0,0,0,0,0,2012-08-24 05:16:00,2012,8,Friday,4,5.266666666666667
2404,photo,10,7,0,10,0,0,0,0,0,2012-08-24 00:13:00,2012,8,Friday,4,0.21666666666666667
2405,photo,20,10,0,20,0,0,0,0,0,2012-08-22 23:40:00,2012,8,Wednesday,2,23.666666666666668
2406,photo,25,6,0,25,0,0,0,0,0,2012-08-22 23:39:00,2012,8,Wednesday,2,23.65
2407,photo,39,6,0,39,0,0,0,0,0,2012-08-22 23:23:00,2012,8,Wednesday,2,23.383333333333333
2408,photo,17,3,0,17,0,0,0,0,0,2012-08-22 09:46:00,2012,8,Wednesday,2,9.766666666666667
2409,photo,26,11,0,26,0,0,0,0,0,2012-08-22 09:44:00,2012,8,Wednesday,2,9.733333333333333
2410,photo,17,3,0,17,0,0,0,0,0,2012-08-22 09:42:00,2012,8,Wednesday,2,9.7
2411,photo,38,12,0,38,0,0,0,0,0,2012-08-22 09:39:00,2012,8,Wednesday,2,9.65
2412,photo,18,2,0,18,0,0,0,0,0,2012-08-22 09:25:00,2012,8,Wednesday,2,9.416666666666666
2413,photo,24,10,0,24,0,0,0,0,0,2012-08-22 09:22:00,2012,8,Wednesday,2,9.366666666666667
2414,photo,45,18,0,45,0,0,0,0,0,2012-08-22 09:21:00,2012,8,Wednesday,2,9.35
2415,photo,15,0,0,15,0,0,0,0,0,2012-08-22 08:35:00,2012,8,Wednesday,2,8.583333333333334
2416,photo,12,0,0,12,0,0,0,0,0,2012-08-22 07:52:00,2012,8,Wednesday,2,7.866666666666667
2417,photo,20,3,0,20,0,0,0,0,0,2012-08-22 03:56:00,2012,8,Wednesday,2,3.9333333333333336
2418,photo,37,22,0,37,0,0,0,0,0,2012-08-22 00:54:00,2012,8,Wednesday,2,0.9
2419,photo,12,0,0,12,0,0,0,0,0,2012-08-22 00:25:00,2012,8,Wednesday,2,0.4166666666666667
2420,photo,26,1,0,26,0,0,0,0,0,2012-08-22 00:06:00,2012,8,Wednesday,2,0.1
2421,photo,18,9,0,18,0,0,0,0,0,2012-08-21 22:52:00,2012,8,Tuesday,1,22.866666666666667
2422,photo,10,13,0,10,0,0,0,0,0,2012-08-21 22:31:00,2012,8,Tuesday,1,22.516666666666666
2423,photo,12,15,0,12,0,0,0,0,0,2012-08-21 20:23:00,2012,8,Tuesday,1,20.383333333333333
2424,photo,16,5,1,16,0,0,0,0,0,2012-08-21 11:19:00,2012,8,Tuesday,1,11.316666666666666
2425,photo,25,21,0,25,0,0,0,0,0,2012-08-21 09:47:00,2012,8,Tuesday,1,9.783333333333333
2426,photo,9,17,0,9,0,0,0,0,0,2012-08-21 02:30:00,2012,8,Tuesday,1,2.5
2427,photo,13,0,0,13,0,0,0,0,0,2012-08-21 02:00:00,2012,8,Tuesday,1,2.0
2428,photo,13,9,0,13,0,0,0,0,0,2012-08-21 01:21:00,2012,8,Tuesday,1,1.35
2429,photo,15,3,0,15,0,0,0,0,0,2012-08-20 23:14:00,2012,8,Monday,0,23.233333333333334
2430,photo,12,27,0,12,0,0,0,0,0,2012-08-20 22:31:00,2012,8,Monday,0,22.516666666666666
2431,photo,14,8,2,14,0,0,0,0,0,2012-08-20 22:14:00,2012,8,Monday,0,22.233333333333334
2432,photo,21,12,1,21,0,0,0,0,0,2012-08-20 22:06:00,2012,8,Monday,0,22.1
2433,photo,21,14,0,21,0,0,0,0,0,2012-08-20 08:40:00,2012,8,Monday,0,8.666666666666666
2434,photo,28,5,0,28,0,0,0,0,0,2012-08-20 05:44:00,2012,8,Monday,0,5.733333333333333
2435,photo,14,0,1,14,0,0,0,0,0,2012-08-20 05:01:00,2012,8,Monday,0,5.016666666666667
2436,photo,19,2,0,19,0,0,0,0,0,2012-08-20 04:27:00,2012,8,Monday,0,4.45
2437,photo,13,0,1,13,0,0,0,0,0,2012-08-20 04:12:00,2012,8,Monday,0,4.2
2438,photo,15,2,0,15,0,0,0,0,0,2012-08-20 02:56:00,2012,8,Monday,0,2.9333333333333336
2439,photo,23,1,0,23,0,0,0,0,0,2012-08-20 02:43:00,2012,8,Monday,0,2.716666666666667
2440,photo,31,16,0,31,0,0,0,0,0,2012-08-20 02:12:00,2012,8,Monday,0,2.2
2441,photo,14,0,0,14,0,0,0,0,0,2012-08-20 01:59:00,2012,8,Monday,0,1.9833333333333334
2442,photo,5,18,0,5,0,0,0,0,0,2012-08-20 01:54:00,2012,8,Monday,0,1.9
2443,photo,21,3,0,21,0,0,0,0,0,2012-08-20 01:20:00,2012,8,Monday,0,1.3333333333333333
2444,photo,15,0,0,15,0,0,0,0,0,2012-08-20 01:19:00,2012,8,Monday,0,1.3166666666666667
2445,photo,23,4,0,23,0,0,0,0,0,2012-08-19 23:27:00,2012,8,Sunday,6,23.45
2446,photo,16,0,0,16,0,0,0,0,0,2012-08-19 23:26:00,2012,8,Sunday,6,23.433333333333334
2447,photo,22,12,2,22,0,0,0,0,0,2012-08-19 10:22:00,2012,8,Sunday,6,10.366666666666667
2448,photo,15,11,0,15,0,0,0,0,0,2012-08-19 09:38:00,2012,8,Sunday,6,9.633333333333333
2449,photo,23,32,0,23,0,0,0,0,0,2012-08-19 08:39:00,2012,8,Sunday,6,8.65
2450,photo,27,7,0,27,0,0,0,0,0,2012-08-19 05:56:00,2012,8,Sunday,6,5.933333333333334
2451,photo,20,2,0,20,0,0,0,0,0,2012-08-19 04:45:00,2012,8,Sunday,6,4.75
2452,photo,18,12,0,18,0,0,0,0,0,2012-08-19 04:44:00,2012,8,Sunday,6,4.733333333333333
2453,photo,30,6,0,30,0,0,0,0,0,2012-08-19 02:05:00,2012,8,Sunday,6,2.0833333333333335
2454,photo,16,3,0,16,0,0,0,0,0,2012-08-19 00:31:00,2012,8,Sunday,6,0.5166666666666667
2455,photo,14,13,0,14,0,0,0,0,0,2012-08-19 00:30:00,2012,8,Sunday,6,0.5
2456,photo,18,0,0,18,0,0,0,0,0,2012-08-19 00:16:00,2012,8,Sunday,6,0.26666666666666666
2457,photo,26,11,0,26,0,0,0,0,0,2012-08-19 00:15:00,2012,8,Sunday,6,0.25
2458,photo,19,4,0,19,0,0,0,0,0,2012-08-18 23:39:00,2012,8,Saturday,5,23.65
2459,photo,14,2,0,14,0,0,0,0,0,2012-08-18 23:38:00,2012,8,Saturday,5,23.633333333333333
2460,photo,20,5,0,20,0,0,0,0,0,2012-08-18 23:26:00,2012,8,Saturday,5,23.433333333333334
2461,photo,20,3,0,20,0,0,0,0,0,2012-08-18 11:29:00,2012,8,Saturday,5,11.483333333333333
2462,photo,15,0,0,15,0,0,0,0,0,2012-08-18 11:07:00,2012,8,Saturday,5,11.116666666666667
2463,photo,15,12,0,15,0,0,0,0,0,2012-08-18 09:10:00,2012,8,Saturday,5,9.166666666666666
2464,photo,13,1,0,13,0,0,0,0,0,2012-08-18 09:05:00,2012,8,Saturday,5,9.083333333333334
2465,photo,21,5,0,21,0,0,0,0,0,2012-08-18 05:34:00,2012,8,Saturday,5,5.566666666666666
2466,photo,31,6,0,31,0,0,0,0,0,2012-08-18 05:26:00,2012,8,Saturday,5,5.433333333333334
2467,photo,26,11,0,26,0,0,0,0,0,2012-08-18 05:09:00,2012,8,Saturday,5,5.15
2468,photo,27,9,6,27,0,0,0,0,0,2012-08-17 10:58:00,2012,8,Friday,4,10.966666666666667
2469,photo,21,11,0,21,0,0,0,0,0,2012-08-17 10:47:00,2012,8,Friday,4,10.783333333333333
2470,photo,21,22,1,21,0,0,0,0,0,2012-08-17 08:38:00,2012,8,Friday,4,8.633333333333333
2471,photo,24,9,0,24,0,0,0,0,0,2012-08-17 08:28:00,2012,8,Friday,4,8.466666666666667
2472,photo,17,25,2,17,0,0,0,0,0,2012-08-17 08:22:00,2012,8,Friday,4,8.366666666666667
2473,photo,18,5,0,18,0,0,0,0,0,2012-08-17 08:19:00,2012,8,Friday,4,8.316666666666666
2474,photo,13,4,0,13,0,0,0,0,0,2012-08-17 08:07:00,2012,8,Friday,4,8.116666666666667
2475,photo,14,7,0,14,0,0,0,0,0,2012-08-17 08:00:00,2012,8,Friday,4,8.0
2476,photo,25,17,0,25,0,0,0,0,0,2012-08-17 02:42:00,2012,8,Friday,4,2.7
2477,photo,10,21,0,10,0,0,0,0,0,2012-08-16 09:29:00,2012,8,Thursday,3,9.483333333333333
2478,photo,12,5,0,12,0,0,0,0,0,2012-08-16 09:17:00,2012,8,Thursday,3,9.283333333333333
2479,photo,26,21,0,26,0,0,0,0,0,2012-08-15 09:12:00,2012,8,Wednesday,2,9.2
2480,photo,24,11,0,24,0,0,0,0,0,2012-08-15 08:50:00,2012,8,Wednesday,2,8.833333333333334
2481,photo,16,2,0,16,0,0,0,0,0,2012-08-15 08:46:00,2012,8,Wednesday,2,8.766666666666667
2482,photo,25,4,0,25,0,0,0,0,0,2012-08-15 02:50:00,2012,8,Wednesday,2,2.8333333333333335
2483,photo,18,1,0,18,0,0,0,0,0,2012-08-15 02:22:00,2012,8,Wednesday,2,2.3666666666666667
2484,photo,17,5,0,17,0,0,0,0,0,2012-08-15 02:22:00,2012,8,Wednesday,2,2.3666666666666667
2485,photo,24,15,0,24,0,0,0,0,0,2012-08-15 01:55:00,2012,8,Wednesday,2,1.9166666666666665
2486,photo,13,2,0,13,0,0,0,0,0,2012-08-14 12:41:00,2012,8,Tuesday,1,12.683333333333334
2487,photo,20,18,0,20,0,0,0,0,0,2012-08-14 09:49:00,2012,8,Tuesday,1,9.816666666666666
2488,photo,21,6,1,21,0,0,0,0,0,2012-08-14 09:46:00,2012,8,Tuesday,1,9.766666666666667
2489,photo,21,8,0,21,0,0,0,0,0,2012-08-14 09:44:00,2012,8,Tuesday,1,9.733333333333333
2490,photo,13,8,0,13,0,0,0,0,0,2012-08-14 09:35:00,2012,8,Tuesday,1,9.583333333333334
2491,photo,16,3,0,16,0,0,0,0,0,2012-08-14 09:26:00,2012,8,Tuesday,1,9.433333333333334
2492,photo,14,5,0,14,0,0,0,0,0,2012-08-14 09:17:00,2012,8,Tuesday,1,9.283333333333333
2493,photo,16,1,0,16,0,0,0,0,0,2012-08-14 08:39:00,2012,8,Tuesday,1,8.65
2494,photo,19,10,0,19,0,0,0,0,0,2012-08-14 08:18:00,2012,8,Tuesday,1,8.3
2495,photo,18,4,0,18,0,0,0,0,0,2012-08-14 04:09:00,2012,8,Tuesday,1,4.15
2496,photo,20,5,0,20,0,0,0,0,0,2012-08-14 01:12:00,2012,8,Tuesday,1,1.2
2497,photo,19,9,0,19,0,0,0,0,0,2012-08-14 00:47:00,2012,8,Tuesday,1,0.7833333333333333
2498,photo,19,3,0,19,0,0,0,0,0,2012-08-13 09:34:00,2012,8,Monday,0,9.566666666666666
2499,photo,9,6,0,9,0,0,0,0,0,2012-08-13 08:20:00,2012,8,Monday,0,8.333333333333334
2500,photo,21,17,0,21,0,0,0,0,0,2012-08-13 04:02:00,2012,8,Monday,0,4.033333333333333
2501,photo,29,5,3,29,0,0,0,0,0,2012-08-13 02:08:00,2012,8,Monday,0,2.1333333333333333
2502,photo,14,0,0,14,0,0,0,0,0,2012-08-13 01:20:00,2012,8,Monday,0,1.3333333333333333
2503,photo,20,18,0,20,0,0,0,0,0,2012-08-12 10:52:00,2012,8,Sunday,6,10.866666666666667
2504,photo,27,18,0,27,0,0,0,0,0,2012-08-12 10:17:00,2012,8,Sunday,6,10.283333333333333
2505,photo,21,5,0,21,0,0,0,0,0,2012-08-12 08:28:00,2012,8,Sunday,6,8.466666666666667
2506,photo,12,0,0,12,0,0,0,0,0,2012-08-12 08:17:00,2012,8,Sunday,6,8.283333333333333
2507,photo,23,5,0,23,0,0,0,0,0,2012-08-12 02:54:00,2012,8,Sunday,6,2.9
2508,photo,22,3,0,22,0,0,0,0,0,2012-08-12 00:55:00,2012,8,Sunday,6,0.9166666666666666
2509,photo,29,7,0,29,0,0,0,0,0,2012-08-11 23:32:00,2012,8,Saturday,5,23.533333333333335
2510,photo,26,13,1,26,0,0,0,0,0,2012-08-11 09:41:00,2012,8,Saturday,5,9.683333333333334
2511,photo,23,11,0,23,0,0,0,0,0,2012-08-11 09:17:00,2012,8,Saturday,5,9.283333333333333
2512,photo,16,16,0,16,0,0,0,0,0,2012-08-11 08:13:00,2012,8,Saturday,5,8.216666666666667
2513,photo,22,4,1,22,0,0,0,0,0,2012-08-11 07:53:00,2012,8,Saturday,5,7.883333333333333
2514,photo,18,4,0,18,0,0,0,0,0,2012-08-11 07:52:00,2012,8,Saturday,5,7.866666666666667
2515,photo,39,12,0,39,0,0,0,0,0,2012-08-11 06:19:00,2012,8,Saturday,5,6.316666666666666
2516,photo,25,19,0,25,0,0,0,0,0,2012-08-11 04:30:00,2012,8,Saturday,5,4.5
2517,photo,15,9,0,15,0,0,0,0,0,2012-08-11 03:37:00,2012,8,Saturday,5,3.6166666666666667
2518,photo,20,3,0,20,0,0,0,0,0,2012-08-10 11:13:00,2012,8,Friday,4,11.216666666666667
2519,photo,24,2,0,24,0,0,0,0,0,2012-08-10 11:06:00,2012,8,Friday,4,11.1
2520,photo,30,4,0,30,0,0,0,0,0,2012-08-10 09:23:00,2012,8,Friday,4,9.383333333333333
2521,photo,18,8,0,18,0,0,0,0,0,2012-08-10 08:03:00,2012,8,Friday,4,8.05
2522,photo,22,5,0,22,0,0,0,0,0,2012-08-10 07:56:00,2012,8,Friday,4,7.933333333333334
2523,photo,18,7,0,18,0,0,0,0,0,2012-08-10 05:26:00,2012,8,Friday,4,5.433333333333334
2524,photo,22,37,0,22,0,0,0,0,0,2012-08-10 03:06:00,2012,8,Friday,4,3.1
2525,photo,17,12,0,17,0,0,0,0,0,2012-08-10 01:42:00,2012,8,Friday,4,1.7
2526,photo,19,0,0,19,0,0,0,0,0,2012-08-09 07:46:00,2012,8,Thursday,3,7.766666666666667
2527,photo,15,7,1,15,0,0,0,0,0,2012-08-09 07:45:00,2012,8,Thursday,3,7.75
2528,photo,36,16,0,36,0,0,0,0,0,2012-08-09 03:24:00,2012,8,Thursday,3,3.4
2529,photo,18,9,0,18,0,0,0,0,0,2012-08-09 02:04:00,2012,8,Thursday,3,2.066666666666667
2530,photo,9,7,0,9,0,0,0,0,0,2012-08-09 01:04:00,2012,8,Thursday,3,1.0666666666666667
2531,photo,25,13,0,25,0,0,0,0,0,2012-08-08 09:20:00,2012,8,Wednesday,2,9.333333333333334
2532,photo,22,11,0,22,0,0,0,0,0,2012-08-08 09:17:00,2012,8,Wednesday,2,9.283333333333333
2533,photo,17,13,0,17,0,0,0,0,0,2012-08-08 05:19:00,2012,8,Wednesday,2,5.316666666666666
2534,photo,10,9,0,10,0,0,0,0,0,2012-08-07 21:47:00,2012,8,Tuesday,1,21.783333333333335
2535,photo,13,1,1,13,0,0,0,0,0,2012-08-07 21:37:00,2012,8,Tuesday,1,21.616666666666667
2536,photo,33,47,0,33,0,0,0,0,0,2012-08-06 02:55:00,2012,8,Monday,0,2.9166666666666665
2537,photo,14,13,0,14,0,0,0,0,0,2012-08-06 02:53:00,2012,8,Monday,0,2.8833333333333333
2538,photo,10,6,0,10,0,0,0,0,0,2012-08-05 23:50:00,2012,8,Sunday,6,23.833333333333332
2539,photo,14,0,0,14,0,0,0,0,0,2012-08-05 23:20:00,2012,8,Sunday,6,23.333333333333332
2540,photo,15,0,0,15,0,0,0,0,0,2012-08-05 10:24:00,2012,8,Sunday,6,10.4
2541,photo,18,1,0,18,0,0,0,0,0,2012-08-05 09:55:00,2012,8,Sunday,6,9.916666666666666
2542,photo,14,2,0,14,0,0,0,0,0,2012-08-05 09:53:00,2012,8,Sunday,6,9.883333333333333
2543,photo,32,7,1,32,0,0,0,0,0,2012-08-05 02:04:00,2012,8,Sunday,6,2.066666666666667
2544,photo,14,1,0,14,0,0,0,0,0,2012-08-05 00:03:00,2012,8,Sunday,6,0.05
2545,photo,13,10,0,13,0,0,0,0,0,2012-08-04 22:47:00,2012,8,Saturday,5,22.783333333333335
2546,photo,12,4,0,12,0,0,0,0,0,2012-08-04 05:29:00,2012,8,Saturday,5,5.483333333333333
2547,photo,15,15,0,15,0,0,0,0,0,2012-08-04 05:13:00,2012,8,Saturday,5,5.216666666666667
2548,photo,14,0,0,14,0,0,0,0,0,2012-08-04 03:33:00,2012,8,Saturday,5,3.55
2549,photo,23,4,0,23,0,0,0,0,0,2012-08-03 05:15:00,2012,8,Friday,4,5.25
2550,photo,18,0,0,18,0,0,0,0,0,2012-08-02 01:46:00,2012,8,Thursday,3,1.7666666666666666
2551,photo,21,1,0,21,0,0,0,0,0,2012-08-01 22:32:00,2012,8,Wednesday,2,22.533333333333335
2552,photo,15,2,0,15,0,0,0,0,0,2012-08-01 22:29:00,2012,8,Wednesday,2,22.483333333333334
2553,photo,13,3,0,13,0,0,0,0,0,2012-08-01 07:38:00,2012,8,Wednesday,2,7.633333333333333
2554,photo,13,0,0,13,0,0,0,0,0,2012-07-31 10:12:00,2012,7,Tuesday,1,10.2
2555,photo,18,3,0,18,0,0,0,0,0,2012-07-30 06:47:00,2012,7,Monday,0,6.783333333333333
2556,photo,18,5,0,18,0,0,0,0,0,2012-07-29 23:53:00,2012,7,Sunday,6,23.883333333333333
2557,photo,12,0,0,12,0,0,0,0,0,2012-07-29 08:20:00,2012,7,Sunday,6,8.333333333333334
2558,photo,12,0,0,12,0,0,0,0,0,2012-07-29 01:57:00,2012,7,Sunday,6,1.95
2559,photo,19,1,0,19,0,0,0,0,0,2012-07-28 07:32:00,2012,7,Saturday,5,7.533333333333333
2560,photo,29,9,0,29,0,0,0,0,0,2012-07-28 04:37:00,2012,7,Saturday,5,4.616666666666667
2561,photo,12,1,0,12,0,0,0,0,0,2012-07-28 02:42:00,2012,7,Saturday,5,2.7
2562,photo,13,2,0,13,0,0,0,0,0,2012-07-27 05:58:00,2012,7,Friday,4,5.966666666666667
2563,photo,12,0,1,12,0,0,0,0,0,2012-07-27 00:15:00,2012,7,Friday,4,0.25
2564,photo,19,3,0,19,0,0,0,0,0,2012-07-27 00:04:00,2012,7,Friday,4,0.06666666666666667
2565,photo,22,8,0,22,0,0,0,0,0,2012-07-26 23:41:00,2012,7,Thursday,3,23.683333333333334
2566,photo,38,6,1,38,0,0,0,0,0,2012-07-26 23:25:00,2012,7,Thursday,3,23.416666666666668
2567,photo,17,7,0,17,0,0,0,0,0,2012-07-26 10:28:00,2012,7,Thursday,3,10.466666666666667
2568,photo,37,7,2,37,0,0,0,0,0,2012-07-26 09:24:00,2012,7,Thursday,3,9.4
2569,photo,28,7,0,28,0,0,0,0,0,2012-07-26 03:41:00,2012,7,Thursday,3,3.6833333333333336
2570,photo,22,5,1,22,0,0,0,0,0,2012-07-25 23:28:00,2012,7,Wednesday,2,23.466666666666665
2571,photo,28,2,0,28,0,0,0,0,0,2012-07-25 23:26:00,2012,7,Wednesday,2,23.433333333333334
2572,photo,19,30,0,19,0,0,0,0,0,2012-07-25 07:53:00,2012,7,Wednesday,2,7.883333333333333
2573,photo,33,12,0,33,0,0,0,0,0,2012-07-25 07:51:00,2012,7,Wednesday,2,7.85
2574,photo,18,3,0,18,0,0,0,0,0,2012-07-25 05:02:00,2012,7,Wednesday,2,5.033333333333333
2575,photo,16,7,0,16,0,0,0,0,0,2012-07-25 03:32:00,2012,7,Wednesday,2,3.533333333333333
2576,photo,32,4,0,32,0,0,0,0,0,2012-07-24 23:57:00,2012,7,Tuesday,1,23.95
2577,photo,30,7,0,30,0,0,0,0,0,2012-07-24 23:56:00,2012,7,Tuesday,1,23.933333333333334
2578,photo,20,5,0,20,0,0,0,0,0,2012-07-24 10:35:00,2012,7,Tuesday,1,10.583333333333334
2579,photo,16,2,0,16,0,0,0,0,0,2012-07-24 10:35:00,2012,7,Tuesday,1,10.583333333333334
2580,photo,36,18,1,36,0,0,0,0,0,2012-07-24 08:49:00,2012,7,Tuesday,1,8.816666666666666
2581,photo,30,4,1,30,0,0,0,0,0,2012-07-24 01:32:00,2012,7,Tuesday,1,1.5333333333333332
2582,photo,22,2,0,22,0,0,0,0,0,2012-07-24 00:03:00,2012,7,Tuesday,1,0.05
2583,photo,34,14,0,34,0,0,0,0,0,2012-07-23 01:39:00,2012,7,Monday,0,1.65
2584,photo,19,3,0,19,0,0,0,0,0,2012-07-22 22:43:00,2012,7,Sunday,6,22.716666666666665
2585,photo,15,5,0,15,0,0,0,0,0,2012-07-22 09:21:00,2012,7,Sunday,6,9.35
2586,photo,12,1,0,12,0,0,0,0,0,2012-07-22 04:30:00,2012,7,Sunday,6,4.5
2587,photo,23,32,0,23,0,0,0,0,0,2012-07-22 01:26:00,2012,7,Sunday,6,1.4333333333333333
2588,photo,13,2,0,13,0,0,0,0,0,2012-07-21 22:31:00,2012,7,Saturday,5,22.516666666666666
2589,photo,17,4,0,17,0,0,0,0,0,2012-07-21 07:49:00,2012,7,Saturday,5,7.816666666666666
2590,photo,30,33,0,30,0,0,0,0,0,2012-07-20 08:43:00,2012,7,Friday,4,8.716666666666667
2591,photo,32,1,0,32,0,0,0,0,0,2012-07-20 08:02:00,2012,7,Friday,4,8.033333333333333
2592,photo,12,4,0,12,0,0,0,0,0,2012-07-20 06:51:00,2012,7,Friday,4,6.85
2593,photo,32,24,0,32,0,0,0,0,0,2012-07-19 23:52:00,2012,7,Thursday,3,23.866666666666667
2594,photo,23,6,0,23,0,0,0,0,0,2012-07-19 23:20:00,2012,7,Thursday,3,23.333333333333332
2595,photo,34,2,0,34,0,0,0,0,0,2012-07-19 06:54:00,2012,7,Thursday,3,6.9
2596,photo,62,19,0,62,0,0,0,0,0,2012-07-19 05:49:00,2012,7,Thursday,3,5.816666666666666
2597,photo,18,20,0,18,0,0,0,0,0,2012-07-18 23:57:00,2012,7,Wednesday,2,23.95
2598,photo,10,2,0,10,0,0,0,0,0,2012-07-18 23:46:00,2012,7,Wednesday,2,23.766666666666666
2599,photo,16,0,0,16,0,0,0,0,0,2012-07-18 23:31:00,2012,7,Wednesday,2,23.516666666666666
2600,photo,23,5,0,23,0,0,0,0,0,2012-07-18 09:31:00,2012,7,Wednesday,2,9.516666666666667
2601,photo,14,0,0,14,0,0,0,0,0,2012-07-18 09:24:00,2012,7,Wednesday,2,9.4
2602,photo,20,7,0,20,0,0,0,0,0,2012-07-18 09:21:00,2012,7,Wednesday,2,9.35
2603,photo,25,8,0,25,0,0,0,0,0,2012-07-18 09:17:00,2012,7,Wednesday,2,9.283333333333333
2604,photo,19,7,0,19,0,0,0,0,0,2012-07-18 05:04:00,2012,7,Wednesday,2,5.066666666666666
2605,photo,17,2,0,17,0,0,0,0,0,2012-07-18 04:12:00,2012,7,Wednesday,2,4.2
2606,photo,15,13,0,15,0,0,0,0,0,2012-07-18 00:27:00,2012,7,Wednesday,2,0.45
2607,photo,25,9,0,25,0,0,0,0,0,2012-07-18 00:17:00,2012,7,Wednesday,2,0.2833333333333333
2608,photo,18,2,0,18,0,0,0,0,0,2012-07-17 23:20:00,2012,7,Tuesday,1,23.333333333333332
2609,photo,13,3,0,13,0,0,0,0,0,2012-07-17 07:49:00,2012,7,Tuesday,1,7.816666666666666
2610,photo,19,2,0,19,0,0,0,0,0,2012-07-17 04:14:00,2012,7,Tuesday,1,4.233333333333333
2611,photo,29,10,2,29,0,0,0,0,0,2012-07-16 23:25:00,2012,7,Monday,0,23.416666666666668
2612,photo,13,3,0,13,0,0,0,0,0,2012-07-16 22:03:00,2012,7,Monday,0,22.05
2613,photo,25,0,0,25,0,0,0,0,0,2012-07-16 09:38:00,2012,7,Monday,0,9.633333333333333
2614,photo,21,0,0,21,0,0,0,0,0,2012-07-16 09:05:00,2012,7,Monday,0,9.083333333333334
2615,photo,48,17,2,48,0,0,0,0,0,2012-07-16 08:46:00,2012,7,Monday,0,8.766666666666667
2616,photo,22,0,0,22,0,0,0,0,0,2012-07-16 08:33:00,2012,7,Monday,0,8.55
2617,photo,20,1,0,20,0,0,0,0,0,2012-07-16 08:20:00,2012,7,Monday,0,8.333333333333334
2618,photo,14,14,0,14,0,0,0,0,0,2012-07-16 08:01:00,2012,7,Monday,0,8.016666666666667
2619,photo,31,17,0,31,0,0,0,0,0,2012-07-16 01:50:00,2012,7,Monday,0,1.8333333333333335
2620,photo,12,3,0,12,0,0,0,0,0,2012-07-15 23:49:00,2012,7,Sunday,6,23.816666666666666
2621,photo,24,39,0,24,0,0,0,0,0,2012-07-15 08:54:00,2012,7,Sunday,6,8.9
2622,photo,10,5,0,10,0,0,0,0,0,2012-07-15 06:37:00,2012,7,Sunday,6,6.616666666666667
2623,photo,21,3,0,21,0,0,0,0,0,2012-07-15 06:36:00,2012,7,Sunday,6,6.6
2624,photo,18,0,0,18,0,0,0,0,0,2012-07-15 06:35:00,2012,7,Sunday,6,6.583333333333333
2625,photo,14,1,0,14,0,0,0,0,0,2012-07-15 05:26:00,2012,7,Sunday,6,5.433333333333334
2626,photo,15,11,0,15,0,0,0,0,0,2012-07-15 05:07:00,2012,7,Sunday,6,5.116666666666666
2627,photo,13,4,0,13,0,0,0,0,0,2012-07-15 04:09:00,2012,7,Sunday,6,4.15
2628,photo,12,4,0,12,0,0,0,0,0,2012-07-15 04:04:00,2012,7,Sunday,6,4.066666666666666
2629,photo,13,2,0,13,0,0,0,0,0,2012-07-15 04:00:00,2012,7,Sunday,6,4.0
2630,photo,19,17,3,19,0,0,0,0,0,2012-07-15 03:54:00,2012,7,Sunday,6,3.9
2631,photo,12,3,0,12,0,0,0,0,0,2012-07-15 03:42:00,2012,7,Sunday,6,3.7
2632,photo,14,1,0,14,0,0,0,0,0,2012-07-15 03:32:00,2012,7,Sunday,6,3.533333333333333
2633,photo,14,7,0,14,0,0,0,0,0,2012-07-15 02:58:00,2012,7,Sunday,6,2.966666666666667
2634,photo,15,3,0,15,0,0,0,0,0,2012-07-15 02:51:00,2012,7,Sunday,6,2.85
2635,photo,5,0,0,5,0,0,0,0,0,2018-06-12 12:06:00,2018,6,Tuesday,1,12.1
2636,photo,20,1,0,19,1,0,0,0,0,2018-06-12 04:03:00,2018,6,Tuesday,1,4.05
2637,video,227,1222,226,182,41,2,1,1,0,2018-06-12 01:47:00,2018,6,Tuesday,1,1.7833333333333332
2638,photo,57,1,0,56,1,0,0,0,0,2018-06-11 23:52:00,2018,6,Monday,0,23.866666666666667
2639,photo,8,0,0,8,0,0,0,0,0,2018-06-11 21:54:00,2018,6,Monday,0,21.9
2640,photo,94,1,1,91,1,2,0,0,0,2018-06-11 05:11:00,2018,6,Monday,0,5.183333333333334
2641,photo,72,1,1,72,0,0,0,0,0,2018-06-11 01:35:00,2018,6,Monday,0,1.5833333333333335
2642,photo,12,0,0,12,0,0,0,0,0,2018-06-10 02:11:00,2018,6,Sunday,6,2.183333333333333
2643,video,209,553,152,177,30,0,0,1,1,2018-06-10 01:04:00,2018,6,Sunday,6,1.0666666666666667
2644,photo,5,0,0,5,0,0,0,0,0,2018-06-09 10:55:00,2018,6,Saturday,5,10.916666666666666
2645,photo,576,25,7,560,13,3,0,0,0,2018-06-09 08:43:00,2018,6,Saturday,5,8.716666666666667
2646,photo,42,0,1,42,0,0,0,0,0,2018-06-09 07:28:00,2018,6,Saturday,5,7.466666666666667
2647,photo,30,0,1,30,0,0,0,0,0,2018-06-09 07:19:00,2018,6,Saturday,5,7.316666666666666
2648,photo,32,1,0,32,0,0,0,0,0,2018-06-09 07:12:00,2018,6,Saturday,5,7.2
2649,photo,27,0,1,27,0,0,0,0,0,2018-06-09 07:03:00,2018,6,Saturday,5,7.05
2650,photo,3,0,0,3,0,0,0,0,0,2018-06-09 05:19:00,2018,6,Saturday,5,5.316666666666666
2651,photo,14,0,0,14,0,0,0,0,0,2018-06-09 04:03:00,2018,6,Saturday,5,4.05
2652,video,56,0,6,54,2,0,0,0,0,2018-06-09 02:18:00,2018,6,Saturday,5,2.3
2653,video,210,816,246,152,55,0,3,0,0,2018-06-09 02:11:00,2018,6,Saturday,5,2.183333333333333
2654,status,89,8,0,89,0,0,0,0,0,2018-06-08 23:47:00,2018,6,Friday,4,23.783333333333335
2655,photo,4,0,0,4,0,0,0,0,0,2018-06-08 13:21:00,2018,6,Friday,4,13.35
2656,status,76,1,1,75,1,0,0,0,0,2018-06-08 05:57:00,2018,6,Friday,4,5.95
2657,photo,127,0,10,119,4,4,0,0,0,2018-06-08 05:22:00,2018,6,Friday,4,5.366666666666666
2658,photo,12,1,0,12,0,0,0,0,0,2018-06-08 00:50:00,2018,6,Friday,4,0.8333333333333334
2659,video,191,612,201,149,41,0,0,1,0,2018-06-07 23:23:00,2018,6,Thursday,3,23.383333333333333
2660,video,209,457,155,169,39,0,0,0,1,2018-06-07 22:53:00,2018,6,Thursday,3,22.883333333333333
2661,photo,9,0,0,9,0,0,0,0,0,2018-06-07 21:53:00,2018,6,Thursday,3,21.883333333333333
2662,photo,41,0,2,40,1,0,0,0,0,2018-06-07 09:04:00,2018,6,Thursday,3,9.066666666666666
2663,photo,19,0,0,19,0,0,0,0,0,2018-06-07 03:16:00,2018,6,Thursday,3,3.2666666666666666
2664,photo,227,18,2,213,6,7,1,0,0,2018-06-07 00:43:00,2018,6,Thursday,3,0.7166666666666667
2665,photo,8,2,0,8,0,0,0,0,0,2018-06-06 22:01:00,2018,6,Wednesday,2,22.016666666666666
2666,photo,91,0,1,89,2,0,0,0,0,2018-06-06 08:23:00,2018,6,Wednesday,2,8.383333333333333
2667,photo,5,4,0,5,0,0,0,0,0,2018-06-05 23:56:00,2018,6,Tuesday,1,23.933333333333334
2668,photo,17,0,0,17,0,0,0,0,0,2018-06-05 23:41:00,2018,6,Tuesday,1,23.683333333333334
2669,video,197,540,261,170,27,0,0,0,0,2018-06-05 22:21:00,2018,6,Tuesday,1,22.35
2670,photo,354,10,2,342,8,4,0,0,0,2018-06-05 08:22:00,2018,6,Tuesday,1,8.366666666666667
2671,photo,44,1,1,44,0,0,0,0,0,2018-06-05 04:27:00,2018,6,Tuesday,1,4.45
2672,photo,21,2,0,21,0,0,0,0,0,2018-06-05 04:09:00,2018,6,Tuesday,1,4.15
2673,photo,54,2,0,54,0,0,0,0,0,2018-06-04 23:35:00,2018,6,Monday,0,23.583333333333332
2674,photo,10,0,1,10,0,0,0,0,0,2018-06-04 21:49:00,2018,6,Monday,0,21.816666666666666
2675,photo,14,0,0,13,0,1,0,0,0,2018-06-04 03:40:00,2018,6,Monday,0,3.6666666666666665
2676,video,236,785,145,193,40,2,1,0,0,2018-06-04 01:45:00,2018,6,Monday,0,1.75
2677,photo,464,51,4,453,9,2,0,0,0,2018-06-03 06:31:00,2018,6,Sunday,6,6.516666666666667
2678,photo,78,0,1,77,1,0,0,0,0,2018-06-03 04:30:00,2018,6,Sunday,6,4.5
2679,photo,15,0,0,15,0,0,0,0,0,2018-06-03 00:21:00,2018,6,Sunday,6,0.35
2680,photo,2,0,0,2,0,0,0,0,0,2018-06-02 21:14:00,2018,6,Saturday,5,21.233333333333334
2681,photo,91,4,3,90,1,0,0,0,0,2018-06-02 06:53:00,2018,6,Saturday,5,6.883333333333333
2682,photo,56,0,1,55,1,0,0,0,0,2018-06-02 06:50:00,2018,6,Saturday,5,6.833333333333333
2683,photo,15,0,5,15,0,0,0,0,0,2018-06-02 06:18:00,2018,6,Saturday,5,6.3
2684,photo,46,2,2,44,1,1,0,0,0,2018-06-02 04:59:00,2018,6,Saturday,5,4.983333333333333
2685,photo,19,0,0,19,0,0,0,0,0,2018-06-02 01:23:00,2018,6,Saturday,5,1.3833333333333333
2686,status,113,11,1,113,0,0,0,0,0,2018-06-01 22:18:00,2018,6,Friday,4,22.3
2687,photo,5,0,0,5,0,0,0,0,0,2018-06-01 21:25:00,2018,6,Friday,4,21.416666666666668
2688,photo,332,21,6,319,7,6,0,0,0,2018-06-01 03:12:00,2018,6,Friday,4,3.2
2689,photo,12,1,0,12,0,0,0,0,0,2018-06-01 00:12:00,2018,6,Friday,4,0.2
2690,photo,11,0,0,10,0,1,0,0,0,2018-05-31 12:17:00,2018,5,Thursday,3,12.283333333333333
2691,photo,56,4,2,55,1,0,0,0,0,2018-05-31 08:37:00,2018,5,Thursday,3,8.616666666666667
2692,photo,72,13,1,69,3,0,0,0,0,2018-05-31 03:12:00,2018,5,Thursday,3,3.2
2693,photo,10,0,0,10,0,0,0,0,0,2018-05-30 08:46:00,2018,5,Wednesday,2,8.766666666666667
2694,photo,56,3,12,54,2,0,0,0,0,2018-05-30 08:24:00,2018,5,Wednesday,2,8.4
2695,photo,45,0,3,44,1,0,0,0,0,2018-05-30 05:09:00,2018,5,Wednesday,2,5.15
2696,photo,37,0,2,35,1,1,0,0,0,2018-05-30 04:18:00,2018,5,Wednesday,2,4.3
2697,photo,71,10,49,68,1,2,0,0,0,2018-05-30 00:59:00,2018,5,Wednesday,2,0.9833333333333333
2698,photo,51,0,2,49,2,0,0,0,0,2018-05-29 12:32:00,2018,5,Tuesday,1,12.533333333333333
2699,photo,76,3,15,74,1,1,0,0,0,2018-05-29 07:54:00,2018,5,Tuesday,1,7.9
2700,photo,69,11,69,65,2,1,0,1,0,2018-05-29 00:36:00,2018,5,Tuesday,1,0.6
2701,photo,58,5,70,57,1,0,0,0,0,2018-05-28 23:12:00,2018,5,Monday,0,23.2
2702,photo,29,1,1,27,2,0,0,0,0,2018-05-28 23:03:00,2018,5,Monday,0,23.05
2703,photo,48,3,54,47,1,0,0,0,0,2018-05-28 22:04:00,2018,5,Monday,0,22.066666666666666
2704,photo,9,1,0,7,1,1,0,0,0,2018-05-28 19:19:00,2018,5,Monday,0,19.316666666666666
2705,photo,69,0,0,68,1,0,0,0,0,2018-05-28 05:11:00,2018,5,Monday,0,5.183333333333334
2706,photo,19,0,0,19,0,0,0,0,0,2018-05-28 00:04:00,2018,5,Monday,0,0.06666666666666667
2707,photo,34,0,0,32,2,0,0,0,0,2018-05-27 09:22:00,2018,5,Sunday,6,9.366666666666667
2708,photo,29,1,0,28,1,0,0,0,0,2018-05-27 09:21:00,2018,5,Sunday,6,9.35
2709,photo,16,3,1,16,0,0,0,0,0,2018-05-27 00:28:00,2018,5,Sunday,6,0.4666666666666667
2710,photo,6,0,0,6,0,0,0,0,0,2018-05-26 10:21:00,2018,5,Saturday,5,10.35
2711,photo,13,1,0,12,1,0,0,0,0,2018-05-26 00:22:00,2018,5,Saturday,5,0.36666666666666664
2712,photo,9,0,0,9,0,0,0,0,0,2018-05-25 12:50:00,2018,5,Friday,4,12.833333333333334
2713,photo,82,0,1,78,3,1,0,0,0,2018-05-25 08:44:00,2018,5,Friday,4,8.733333333333333
2714,photo,5,0,0,5,0,0,0,0,0,2018-05-24 22:33:00,2018,5,Thursday,3,22.55
2715,photo,5,0,0,5,0,0,0,0,0,2018-05-24 22:28:00,2018,5,Thursday,3,22.466666666666665
2716,video,219,694,173,179,39,0,1,0,0,2018-05-24 21:21:00,2018,5,Thursday,3,21.35
2717,video,387,3221,242,299,83,2,2,1,0,2018-05-23 21:48:00,2018,5,Wednesday,2,21.8
2718,photo,8,0,0,8,0,0,0,0,0,2018-05-23 11:50:00,2018,5,Wednesday,2,11.833333333333334
2719,photo,68,0,1,64,3,0,1,0,0,2018-05-23 08:44:00,2018,5,Wednesday,2,8.733333333333333
2720,photo,53,0,1,52,1,0,0,0,0,2018-05-23 08:37:00,2018,5,Wednesday,2,8.616666666666667
2721,photo,23,0,1,21,1,1,0,0,0,2018-05-23 08:33:00,2018,5,Wednesday,2,8.55
2722,photo,15,0,0,15,0,0,0,0,0,2018-05-23 00:16:00,2018,5,Wednesday,2,0.26666666666666666
2723,video,280,1060,223,232,48,0,0,0,0,2018-05-22 22:02:00,2018,5,Tuesday,1,22.033333333333335
2724,photo,8,0,0,7,1,0,0,0,0,2018-05-22 21:31:00,2018,5,Tuesday,1,21.516666666666666
2725,photo,23,0,1,23,0,0,0,0,0,2018-05-22 00:35:00,2018,5,Tuesday,1,0.5833333333333334
2726,photo,16,0,0,16,0,0,0,0,0,2018-05-21 12:45:00,2018,5,Monday,0,12.75
2727,photo,243,7,3,240,2,1,0,0,0,2018-05-21 08:24:00,2018,5,Monday,0,8.4
2728,photo,84,3,2,83,1,0,0,0,0,2018-05-21 01:36:00,2018,5,Monday,0,1.6
2729,photo,15,0,0,15,0,0,0,0,0,2018-05-21 00:17:00,2018,5,Monday,0,0.2833333333333333
2730,video,303,904,177,237,63,1,2,0,0,2018-05-20 22:12:00,2018,5,Sunday,6,22.2
2731,photo,114,0,3,113,1,0,0,0,0,2018-05-20 06:45:00,2018,5,Sunday,6,6.75
2732,photo,174,66,1,173,1,0,0,0,0,2018-05-20 05:13:00,2018,5,Sunday,6,5.216666666666667
2733,photo,10,0,0,10,0,0,0,0,0,2018-05-19 09:32:00,2018,5,Saturday,5,9.533333333333333
2734,status,87,56,0,87,0,0,0,0,0,2018-05-19 06:25:00,2018,5,Saturday,5,6.416666666666667
2735,photo,81,4,2,79,2,0,0,0,0,2018-05-19 00:27:00,2018,5,Saturday,5,0.45
2736,photo,18,1,0,18,0,0,0,0,0,2018-05-18 21:53:00,2018,5,Friday,4,21.883333333333333
2737,photo,62,1,1,61,1,0,0,0,0,2018-05-18 03:23:00,2018,5,Friday,4,3.3833333333333333
2738,photo,318,2,4,316,2,0,0,0,0,2018-05-18 03:12:00,2018,5,Friday,4,3.2
2739,photo,43,1,2,41,2,0,0,0,0,2018-05-18 03:04:00,2018,5,Friday,4,3.066666666666667
2740,photo,80,2,1,79,1,0,0,0,0,2018-05-18 02:27:00,2018,5,Friday,4,2.45
2741,photo,19,0,0,19,0,0,0,0,0,2018-05-17 08:43:00,2018,5,Thursday,3,8.716666666666667
2742,photo,133,9,2,130,3,0,0,0,0,2018-05-17 02:35:00,2018,5,Thursday,3,2.5833333333333335
2743,photo,24,1,0,24,0,0,0,0,0,2018-05-16 23:12:00,2018,5,Wednesday,2,23.2
2744,video,328,1094,235,274,51,1,2,0,0,2018-05-16 21:02:00,2018,5,Wednesday,2,21.033333333333335
2745,photo,8,0,0,8,0,0,0,0,0,2018-05-16 12:44:00,2018,5,Wednesday,2,12.733333333333333
2746,video,488,2428,273,392,94,0,1,1,0,2018-05-15 22:50:00,2018,5,Tuesday,1,22.833333333333332
2747,photo,50,0,1,49,1,0,0,0,0,2018-05-15 08:29:00,2018,5,Tuesday,1,8.483333333333333
2748,photo,6,0,2,6,0,0,0,0,0,2018-05-15 08:16:00,2018,5,Tuesday,1,8.266666666666667
2749,photo,19,2,1,19,0,0,0,0,0,2018-05-15 00:53:00,2018,5,Tuesday,1,0.8833333333333333
2750,photo,12,0,0,12,0,0,0,0,0,2018-05-14 10:15:00,2018,5,Monday,0,10.25
2751,photo,58,1,0,58,0,0,0,0,0,2018-05-14 03:25:00,2018,5,Monday,0,3.4166666666666665
2752,photo,20,0,1,20,0,0,0,0,0,2018-05-14 00:46:00,2018,5,Monday,0,0.7666666666666667
2753,photo,90,0,1,89,1,0,0,0,0,2018-05-13 10:23:00,2018,5,Sunday,6,10.383333333333333
2754,photo,7,0,0,7,0,0,0,0,0,2018-05-13 08:02:00,2018,5,Sunday,6,8.033333333333333
2755,photo,20,0,0,20,0,0,0,0,0,2018-05-13 02:58:00,2018,5,Sunday,6,2.966666666666667
2756,photo,9,0,0,9,0,0,0,0,0,2018-05-12 08:26:00,2018,5,Saturday,5,8.433333333333334
2757,photo,72,0,0,72,0,0,0,0,0,2018-05-12 08:00:00,2018,5,Saturday,5,8.0
2758,photo,8,1,0,8,0,0,0,0,0,2018-05-12 05:34:00,2018,5,Saturday,5,5.566666666666666
2759,photo,2,0,0,2,0,0,0,0,0,2018-05-12 05:27:00,2018,5,Saturday,5,5.45
2760,photo,17,3,0,17,0,0,0,0,0,2018-05-12 00:59:00,2018,5,Saturday,5,0.9833333333333333
2761,video,185,996,232,111,74,0,0,0,0,2018-05-11 23:19:00,2018,5,Friday,4,23.316666666666666
2762,photo,7,1,0,7,0,0,0,0,0,2018-05-11 08:27:00,2018,5,Friday,4,8.45
2763,photo,73,1,0,71,2,0,0,0,0,2018-05-11 06:52:00,2018,5,Friday,4,6.866666666666667
2764,photo,70,0,0,68,2,0,0,0,0,2018-05-11 06:39:00,2018,5,Friday,4,6.65
2765,photo,68,2,0,66,1,1,0,0,0,2018-05-11 06:03:00,2018,5,Friday,4,6.05
2766,photo,17,2,0,17,0,0,0,0,0,2018-05-11 01:04:00,2018,5,Friday,4,1.0666666666666667
2767,photo,11,0,0,11,0,0,0,0,0,2018-05-10 08:48:00,2018,5,Thursday,3,8.8
2768,photo,8,0,0,8,0,0,0,0,0,2018-05-10 08:28:00,2018,5,Thursday,3,8.466666666666667
2769,photo,8,0,0,8,0,0,0,0,0,2018-05-10 07:11:00,2018,5,Thursday,3,7.183333333333334
2770,photo,71,2,1,70,1,0,0,0,0,2018-05-10 03:03:00,2018,5,Thursday,3,3.05
2771,photo,3,1,0,2,0,0,0,1,0,2018-05-10 00:20:00,2018,5,Thursday,3,0.3333333333333333
2772,status,61,1,0,61,0,0,0,0,0,2018-05-09 09:12:00,2018,5,Wednesday,2,9.2
2773,photo,151,9,1,142,6,3,0,0,0,2018-05-09 05:21:00,2018,5,Wednesday,2,5.35
2774,photo,6,0,0,6,0,0,0,0,0,2018-05-08 23:57:00,2018,5,Tuesday,1,23.95
2775,photo,139,0,1,139,0,0,0,0,0,2018-05-08 21:38:00,2018,5,Tuesday,1,21.633333333333333
2776,photo,43,1,0,40,3,0,0,0,0,2018-05-08 21:35:00,2018,5,Tuesday,1,21.583333333333332
2777,photo,8,0,0,8,0,0,0,0,0,2018-05-08 08:07:00,2018,5,Tuesday,1,8.116666666666667
2778,photo,51,0,3,51,0,0,0,0,0,2018-05-08 04:34:00,2018,5,Tuesday,1,4.566666666666666
2779,photo,89,4,1,86,3,0,0,0,0,2018-05-08 02:03:00,2018,5,Tuesday,1,2.05
2780,photo,7,2,0,7,0,0,0,0,0,2018-05-08 01:36:00,2018,5,Tuesday,1,1.6
2781,photo,7,0,0,7,0,0,0,0,0,2018-05-08 01:32:00,2018,5,Tuesday,1,1.5333333333333332
2782,video,242,715,242,193,49,0,0,0,0,2018-05-08 00:01:00,2018,5,Tuesday,1,0.016666666666666666
2783,photo,7,3,0,7,0,0,0,0,0,2018-05-07 08:58:00,2018,5,Monday,0,8.966666666666667
2784,photo,156,6,2,150,1,5,0,0,0,2018-05-07 08:31:00,2018,5,Monday,0,8.516666666666667
2785,photo,19,0,0,19,0,0,0,0,0,2018-05-07 03:29:00,2018,5,Monday,0,3.4833333333333334
2786,photo,511,19,36,501,9,1,0,0,0,2018-05-06 09:23:00,2018,5,Sunday,6,9.383333333333333
2787,photo,3,0,0,3,0,0,0,0,0,2018-05-06 09:18:00,2018,5,Sunday,6,9.3
2788,status,90,5,0,89,1,0,0,0,0,2018-05-06 00:42:00,2018,5,Sunday,6,0.7
2789,photo,140,0,0,138,2,0,0,0,0,2018-05-05 23:11:00,2018,5,Saturday,5,23.183333333333334
2790,photo,138,3,7,138,0,0,0,0,0,2018-05-05 21:40:00,2018,5,Saturday,5,21.666666666666668
2791,photo,2,0,0,2,0,0,0,0,0,2018-05-05 08:05:00,2018,5,Saturday,5,8.083333333333334
2792,photo,9,0,0,9,0,0,0,0,0,2018-05-05 07:36:00,2018,5,Saturday,5,7.6
2793,photo,74,2,0,74,0,0,0,0,0,2018-05-05 06:51:00,2018,5,Saturday,5,6.85
2794,photo,3,0,0,3,0,0,0,0,0,2018-05-05 01:20:00,2018,5,Saturday,5,1.3333333333333333
2795,photo,18,0,1,18,0,0,0,0,0,2018-05-05 01:06:00,2018,5,Saturday,5,1.1
2796,video,339,1019,168,262,72,1,2,1,1,2018-05-04 23:17:00,2018,5,Friday,4,23.283333333333335
2797,photo,6,0,0,6,0,0,0,0,0,2018-05-04 22:42:00,2018,5,Friday,4,22.7
2798,photo,9,1,0,9,0,0,0,0,0,2018-05-04 08:34:00,2018,5,Friday,4,8.566666666666666
2799,photo,10,0,0,10,0,0,0,0,0,2018-05-04 03:23:00,2018,5,Friday,4,3.3833333333333333
2800,video,353,891,168,281,67,1,3,1,0,2018-05-03 22:11:00,2018,5,Thursday,3,22.183333333333334
2801,photo,5,0,0,5,0,0,0,0,0,2018-05-03 10:36:00,2018,5,Thursday,3,10.6
2802,photo,84,6,1,82,2,0,0,0,0,2018-05-03 09:10:00,2018,5,Thursday,3,9.166666666666666
2803,photo,70,5,1,69,0,1,0,0,0,2018-05-03 06:41:00,2018,5,Thursday,3,6.683333333333334
2804,photo,29,0,0,29,0,0,0,0,0,2018-05-03 01:42:00,2018,5,Thursday,3,1.7
2805,photo,11,0,0,10,1,0,0,0,0,2018-05-02 23:08:00,2018,5,Wednesday,2,23.133333333333333
2806,photo,5,1,0,5,0,0,0,0,0,2018-05-02 08:44:00,2018,5,Wednesday,2,8.733333333333333
2807,photo,3,0,0,3,0,0,0,0,0,2018-05-02 03:46:00,2018,5,Wednesday,2,3.7666666666666666
2808,photo,9,0,0,9,0,0,0,0,0,2018-05-01 09:58:00,2018,5,Tuesday,1,9.966666666666667
2809,photo,148,15,1,140,2,6,0,0,0,2018-05-01 07:27:00,2018,5,Tuesday,1,7.45
2810,photo,19,4,0,19,0,0,0,0,0,2018-05-01 05:38:00,2018,5,Tuesday,1,5.633333333333333
2811,photo,4,0,0,4,0,0,0,0,0,2018-05-01 03:33:00,2018,5,Tuesday,1,3.55
2812,photo,14,0,0,14,0,0,0,0,0,2018-05-01 02:39:00,2018,5,Tuesday,1,2.65
2813,photo,57,0,0,55,1,1,0,0,0,2018-04-30 23:59:00,2018,4,Monday,0,23.983333333333334
2814,photo,45,2,0,44,1,0,0,0,0,2018-04-30 23:57:00,2018,4,Monday,0,23.95
2815,photo,3,0,0,3,0,0,0,0,0,2018-04-30 10:53:00,2018,4,Monday,0,10.883333333333333
2816,photo,14,2,0,14,0,0,0,0,0,2018-04-30 02:50:00,2018,4,Monday,0,2.8333333333333335
2817,link,52,26,1,52,0,0,0,0,0,2018-04-29 20:41:00,2018,4,Sunday,6,20.683333333333334
2818,photo,8,6,0,8,0,0,0,0,0,2018-04-29 10:41:00,2018,4,Sunday,6,10.683333333333334
2819,photo,64,2,0,62,0,2,0,0,0,2018-04-29 09:08:00,2018,4,Sunday,6,9.133333333333333
2820,photo,28,1,0,27,1,0,0,0,0,2018-04-29 08:52:00,2018,4,Sunday,6,8.866666666666667
2821,status,71,59,2,70,1,0,0,0,0,2018-04-29 08:30:00,2018,4,Sunday,6,8.5
2822,photo,62,0,0,62,0,0,0,0,0,2018-04-29 08:19:00,2018,4,Sunday,6,8.316666666666666
2823,photo,5,3,0,5,0,0,0,0,0,2018-04-29 06:58:00,2018,4,Sunday,6,6.966666666666667
2824,photo,8,3,1,8,0,0,0,0,0,2018-04-29 03:56:00,2018,4,Sunday,6,3.9333333333333336
2825,video,211,859,109,169,34,4,1,2,1,2018-04-29 02:44:00,2018,4,Sunday,6,2.7333333333333334
2826,photo,20,0,0,20,0,0,0,0,0,2018-04-29 00:38:00,2018,4,Sunday,6,0.6333333333333333
2827,video,247,828,174,182,55,0,5,5,0,2018-04-28 23:31:00,2018,4,Saturday,5,23.516666666666666
2828,status,117,98,1,117,0,0,0,0,0,2018-04-28 21:32:00,2018,4,Saturday,5,21.533333333333335
2829,photo,8,0,0,8,0,0,0,0,0,2018-04-28 08:55:00,2018,4,Saturday,5,8.916666666666666
2830,photo,210,1,9,206,3,1,0,0,0,2018-04-28 08:27:00,2018,4,Saturday,5,8.45
2831,photo,114,1,1,112,0,2,0,0,0,2018-04-28 08:07:00,2018,4,Saturday,5,8.116666666666667
2832,photo,46,0,0,45,1,0,0,0,0,2018-04-28 07:51:00,2018,4,Saturday,5,7.85
2833,photo,62,2,0,61,1,0,0,0,0,2018-04-28 06:49:00,2018,4,Saturday,5,6.816666666666666
2834,photo,12,0,0,12,0,0,0,0,0,2018-04-28 05:56:00,2018,4,Saturday,5,5.933333333333334
2835,video,231,461,74,180,50,0,1,0,0,2018-04-28 04:58:00,2018,4,Saturday,5,4.966666666666667
2836,photo,10,1,0,10,0,0,0,0,0,2018-04-28 00:09:00,2018,4,Saturday,5,0.15
2837,status,114,81,0,114,0,0,0,0,0,2018-04-27 23:37:00,2018,4,Friday,4,23.616666666666667
2838,photo,5,4,0,5,0,0,0,0,0,2018-04-27 08:22:00,2018,4,Friday,4,8.366666666666667
2839,photo,3,0,0,3,0,0,0,0,0,2018-04-27 07:56:00,2018,4,Friday,4,7.933333333333334
2840,photo,8,0,0,7,1,0,0,0,0,2018-04-27 07:26:00,2018,4,Friday,4,7.433333333333334
2841,photo,598,37,10,586,9,3,0,0,0,2018-04-27 05:53:00,2018,4,Friday,4,5.883333333333333
2842,photo,85,6,1,85,0,0,0,0,0,2018-04-27 02:58:00,2018,4,Friday,4,2.966666666666667
2843,photo,25,0,0,25,0,0,0,0,0,2018-04-27 02:45:00,2018,4,Friday,4,2.75
2844,video,358,1268,186,280,73,1,3,1,0,2018-04-27 00:50:00,2018,4,Friday,4,0.8333333333333334
2845,photo,11,3,0,11,0,0,0,0,0,2018-04-26 08:56:00,2018,4,Thursday,3,8.933333333333334
2846,photo,5,1,0,5,0,0,0,0,0,2018-04-26 08:15:00,2018,4,Thursday,3,8.25
2847,photo,9,4,0,9,0,0,0,0,0,2018-04-25 09:58:00,2018,4,Wednesday,2,9.966666666666667
2848,photo,13,0,0,13,0,0,0,0,0,2018-04-25 08:24:00,2018,4,Wednesday,2,8.4
2849,photo,11,3,0,11,0,0,0,0,0,2018-04-25 04:11:00,2018,4,Wednesday,2,4.183333333333334
2850,photo,11,3,0,11,0,0,0,0,0,2018-04-24 22:46:00,2018,4,Tuesday,1,22.766666666666666
2851,photo,7,1,0,7,0,0,0,0,0,2018-04-24 21:21:00,2018,4,Tuesday,1,21.35
2852,status,65,9,0,65,0,0,0,0,0,2018-04-24 08:17:00,2018,4,Tuesday,1,8.283333333333333
2853,photo,513,11,34,503,9,1,0,0,0,2018-04-24 08:03:00,2018,4,Tuesday,1,8.05
2854,photo,7,3,0,7,0,0,0,0,0,2018-04-24 02:48:00,2018,4,Tuesday,1,2.8
2855,photo,14,0,0,14,0,0,0,0,0,2018-04-24 00:03:00,2018,4,Tuesday,1,0.05
2856,photo,166,20,2,159,1,6,0,0,0,2018-04-23 22:52:00,2018,4,Monday,0,22.866666666666667
2857,photo,7,8,0,7,0,0,0,0,0,2018-04-23 04:48:00,2018,4,Monday,0,4.8
2858,photo,23,1,0,23,0,0,0,0,0,2018-04-23 03:46:00,2018,4,Monday,0,3.7666666666666666
2859,video,404,1129,150,328,68,4,4,0,0,2018-04-23 01:04:00,2018,4,Monday,0,1.0666666666666667
2860,photo,11,1,0,11,0,0,0,0,0,2018-04-22 08:41:00,2018,4,Sunday,6,8.683333333333334
2861,photo,7,3,0,7,0,0,0,0,0,2018-04-22 02:19:00,2018,4,Sunday,6,2.3166666666666664
2862,video,425,1377,186,360,62,0,2,1,0,2018-04-21 23:30:00,2018,4,Saturday,5,23.5
2863,photo,8,0,0,8,0,0,0,0,0,2018-04-21 09:18:00,2018,4,Saturday,5,9.3
2864,photo,18,4,0,18,0,0,0,0,0,2018-04-20 10:37:00,2018,4,Friday,4,10.616666666666667
2865,photo,60,0,1,59,1,0,0,0,0,2018-04-20 09:43:00,2018,4,Friday,4,9.716666666666667
2866,photo,36,6,0,35,1,0,0,0,0,2018-04-20 02:48:00,2018,4,Friday,4,2.8
2867,photo,10,0,0,9,1,0,0,0,0,2018-04-19 11:46:00,2018,4,Thursday,3,11.766666666666667
2868,photo,10,2,0,10,0,0,0,0,0,2018-04-19 10:13:00,2018,4,Thursday,3,10.216666666666667
2869,photo,111,1,2,110,1,0,0,0,0,2018-04-19 08:40:00,2018,4,Thursday,3,8.666666666666666
2870,photo,43,4,1,41,2,0,0,0,0,2018-04-19 08:37:00,2018,4,Thursday,3,8.616666666666667
2871,photo,423,16,1,402,11,10,0,0,0,2018-04-19 05:39:00,2018,4,Thursday,3,5.65
2872,photo,10,2,0,10,0,0,0,0,0,2018-04-18 12:18:00,2018,4,Wednesday,2,12.3
2873,photo,10,0,0,10,0,0,0,0,0,2018-04-18 12:10:00,2018,4,Wednesday,2,12.166666666666666
2874,photo,471,13,23,464,4,3,0,0,0,2018-04-17 07:37:00,2018,4,Tuesday,1,7.616666666666667
2875,photo,11,0,1,11,0,0,0,0,0,2018-04-17 06:08:00,2018,4,Tuesday,1,6.133333333333334
2876,photo,1508,14,2,1480,18,5,4,1,0,2018-04-16 21:41:00,2018,4,Monday,0,21.683333333333334
2877,photo,71,0,1,70,0,1,0,0,0,2018-04-16 20:23:00,2018,4,Monday,0,20.383333333333333
2878,photo,107,7,2,104,2,1,0,0,0,2018-04-15 09:32:00,2018,4,Sunday,6,9.533333333333333
2879,photo,141,3,1,136,3,2,0,0,0,2018-04-14 08:24:00,2018,4,Saturday,5,8.4
2880,status,198,11,0,194,4,0,0,0,0,2018-04-14 04:05:00,2018,4,Saturday,5,4.083333333333333
2881,photo,637,3,6,625,11,1,0,0,0,2018-04-13 18:15:00,2018,4,Friday,4,18.25
2882,photo,50,0,0,50,0,0,0,0,0,2018-04-12 09:04:00,2018,4,Thursday,3,9.066666666666666
2883,photo,53,0,2,51,2,0,0,0,0,2018-04-12 07:12:00,2018,4,Thursday,3,7.2
2884,photo,50,0,0,49,0,0,1,0,0,2018-04-12 06:55:00,2018,4,Thursday,3,6.916666666666667
2885,photo,79,0,0,77,1,1,0,0,0,2018-04-12 06:09:00,2018,4,Thursday,3,6.15
2886,photo,54,0,1,53,1,0,0,0,0,2018-04-12 03:43:00,2018,4,Thursday,3,3.716666666666667
2887,photo,122,0,1,118,3,1,0,0,0,2018-04-11 21:12:00,2018,4,Wednesday,2,21.2
2888,photo,11,0,0,11,0,0,0,0,0,2018-04-11 09:19:00,2018,4,Wednesday,2,9.316666666666666
2889,photo,6,0,0,6,0,0,0,0,0,2018-04-11 08:07:00,2018,4,Wednesday,2,8.116666666666667
2890,photo,85,25,1,81,1,3,0,0,0,2018-04-11 02:30:00,2018,4,Wednesday,2,2.5
2891,photo,8,2,0,8,0,0,0,0,0,2018-04-11 02:20:00,2018,4,Wednesday,2,2.3333333333333335
2892,status,885,32,10,876,4,5,0,0,0,2018-04-10 22:43:00,2018,4,Tuesday,1,22.716666666666665
2893,photo,78,1,0,76,1,1,0,0,0,2018-04-10 10:30:00,2018,4,Tuesday,1,10.5
2894,photo,15,0,0,14,1,0,0,0,0,2018-04-10 09:49:00,2018,4,Tuesday,1,9.816666666666666
2895,photo,11,9,0,11,0,0,0,0,0,2018-04-10 09:20:00,2018,4,Tuesday,1,9.333333333333334
2896,photo,36,0,0,35,1,0,0,0,0,2018-04-10 06:38:00,2018,4,Tuesday,1,6.633333333333333
2897,photo,23,1,0,22,1,0,0,0,0,2018-04-10 06:03:00,2018,4,Tuesday,1,6.05
2898,status,231,39,0,208,23,0,0,0,0,2018-04-10 04:36:00,2018,4,Tuesday,1,4.6
2899,photo,14,2,0,14,0,0,0,0,0,2018-04-10 02:22:00,2018,4,Tuesday,1,2.3666666666666667
2900,photo,14,0,0,14,0,0,0,0,0,2018-04-10 02:11:00,2018,4,Tuesday,1,2.183333333333333
2901,video,379,2626,151,288,79,3,4,5,0,2018-04-09 23:26:00,2018,4,Monday,0,23.433333333333334
2902,photo,7,0,0,7,0,0,0,0,0,2018-04-09 10:02:00,2018,4,Monday,0,10.033333333333333
2903,photo,12,0,0,12,0,0,0,0,0,2018-04-09 04:27:00,2018,4,Monday,0,4.45
2904,photo,690,33,21,670,15,5,0,0,0,2018-04-09 04:20:00,2018,4,Monday,0,4.333333333333333
2905,photo,22,3,0,22,0,0,0,0,0,2018-04-09 02:31:00,2018,4,Monday,0,2.5166666666666666
2906,video,253,626,244,191,55,2,2,2,1,2018-04-09 00:58:00,2018,4,Monday,0,0.9666666666666667
2907,photo,38,0,0,36,2,0,0,0,0,2018-04-08 22:31:00,2018,4,Sunday,6,22.516666666666666
2908,photo,67,31,0,66,1,0,0,0,0,2018-04-08 21:39:00,2018,4,Sunday,6,21.65
2909,photo,8,0,0,8,0,0,0,0,0,2018-04-08 08:05:00,2018,4,Sunday,6,8.083333333333334
2910,photo,4,0,0,4,0,0,0,0,0,2018-04-08 04:28:00,2018,4,Sunday,6,4.466666666666667
2911,photo,23,4,0,22,0,0,0,1,0,2018-04-08 03:42:00,2018,4,Sunday,6,3.7
2912,video,366,1490,154,286,73,2,4,0,1,2018-04-08 00:30:00,2018,4,Sunday,6,0.5
2913,photo,414,65,4,407,4,3,0,0,0,2018-04-07 22:44:00,2018,4,Saturday,5,22.733333333333334
2914,photo,16,1,0,16,0,0,0,0,0,2018-04-07 09:46:00,2018,4,Saturday,5,9.766666666666667
2915,photo,66,0,0,66,0,0,0,0,0,2018-04-07 08:41:00,2018,4,Saturday,5,8.683333333333334
2916,photo,8,0,0,8,0,0,0,0,0,2018-04-07 08:29:00,2018,4,Saturday,5,8.483333333333333
2917,photo,44,3,0,44,0,0,0,0,0,2018-04-07 04:21:00,2018,4,Saturday,5,4.35
2918,photo,16,5,0,16,0,0,0,0,0,2018-04-07 01:47:00,2018,4,Saturday,5,1.7833333333333332
2919,video,468,4143,719,378,84,0,3,3,0,2018-04-06 23:30:00,2018,4,Friday,4,23.5
2920,photo,87,12,0,84,1,2,0,0,0,2018-04-06 19:13:00,2018,4,Friday,4,19.216666666666665
2921,photo,15,1,0,15,0,0,0,0,0,2018-04-06 06:45:00,2018,4,Friday,4,6.75
2922,photo,22,0,0,22,0,0,0,0,0,2018-04-06 01:07:00,2018,4,Friday,4,1.1166666666666667
2923,video,292,1214,180,207,77,2,3,2,1,2018-04-05 22:37:00,2018,4,Thursday,3,22.616666666666667
2924,photo,3,0,0,3,0,0,0,0,0,2018-04-05 20:11:00,2018,4,Thursday,3,20.183333333333334
2925,photo,6,0,0,6,0,0,0,0,0,2018-04-05 08:57:00,2018,4,Thursday,3,8.95
2926,photo,20,2,0,20,0,0,0,0,0,2018-04-05 08:50:00,2018,4,Thursday,3,8.833333333333334
2927,photo,11,11,0,11,0,0,0,0,0,2018-04-05 08:46:00,2018,4,Thursday,3,8.766666666666667
2928,photo,18,4,0,17,1,0,0,0,0,2018-04-05 08:42:00,2018,4,Thursday,3,8.7
2929,photo,6,0,0,6,0,0,0,0,0,2018-04-05 08:00:00,2018,4,Thursday,3,8.0
2930,photo,29,2,4,27,1,1,0,0,0,2018-04-05 07:17:00,2018,4,Thursday,3,7.283333333333333
2931,photo,46,0,0,45,1,0,0,0,0,2018-04-05 05:37:00,2018,4,Thursday,3,5.616666666666667
2932,video,298,974,140,220,74,2,1,1,0,2018-04-05 01:48:00,2018,4,Thursday,3,1.8
2933,photo,296,86,1,294,1,1,0,0,0,2018-04-04 22:38:00,2018,4,Wednesday,2,22.633333333333333
2934,photo,11,0,0,11,0,0,0,0,0,2018-04-04 11:36:00,2018,4,Wednesday,2,11.6
2935,photo,8,0,0,8,0,0,0,0,0,2018-04-04 08:30:00,2018,4,Wednesday,2,8.5
2936,photo,14,0,0,14,0,0,0,0,0,2018-04-04 00:06:00,2018,4,Wednesday,2,0.1
2937,photo,54,2,1,53,1,0,0,0,0,2018-04-03 19:57:00,2018,4,Tuesday,1,19.95
2938,photo,43,0,1,40,2,1,0,0,0,2018-04-03 17:53:00,2018,4,Tuesday,1,17.883333333333333
2939,photo,5,0,0,5,0,0,0,0,0,2018-04-03 13:35:00,2018,4,Tuesday,1,13.583333333333334
2940,photo,11,0,0,9,2,0,0,0,0,2018-04-03 09:22:00,2018,4,Tuesday,1,9.366666666666667
2941,photo,16,0,0,14,0,0,0,2,0,2018-04-03 08:23:00,2018,4,Tuesday,1,8.383333333333333
2942,photo,10,0,0,9,1,0,0,0,0,2018-04-02 11:17:00,2018,4,Monday,0,11.283333333333333
2943,photo,11,4,0,11,0,0,0,0,0,2018-04-02 08:20:00,2018,4,Monday,0,8.333333333333334
2944,photo,112,34,1,112,0,0,0,0,0,2018-04-02 01:52:00,2018,4,Monday,0,1.8666666666666667
2945,photo,50,4,1,49,1,0,0,0,0,2018-04-02 01:35:00,2018,4,Monday,0,1.5833333333333335
2946,photo,10,3,0,10,0,0,0,0,0,2018-04-01 11:09:00,2018,4,Sunday,6,11.15
2947,photo,18,0,0,16,2,0,0,0,0,2018-04-01 01:11:00,2018,4,Sunday,6,1.1833333333333333
2948,status,150,45,0,143,4,3,0,0,0,2018-03-31 08:16:00,2018,3,Saturday,5,8.266666666666667
2949,photo,12,2,0,12,0,0,0,0,0,2018-03-30 09:15:00,2018,3,Friday,4,9.25
2950,photo,74,0,0,74,0,0,0,0,0,2018-03-30 07:23:00,2018,3,Friday,4,7.383333333333334
2951,photo,27,4,0,26,1,0,0,0,0,2018-03-30 06:14:00,2018,3,Friday,4,6.233333333333333
2952,photo,9,0,0,9,0,0,0,0,0,2018-03-29 10:42:00,2018,3,Thursday,3,10.7
2953,photo,11,1,0,11,0,0,0,0,0,2018-03-29 09:40:00,2018,3,Thursday,3,9.666666666666666
2954,photo,18,1,0,18,0,0,0,0,0,2018-03-29 02:42:00,2018,3,Thursday,3,2.7
2955,photo,15,4,0,10,2,0,0,3,0,2018-03-28 23:36:00,2018,3,Wednesday,2,23.6
2956,photo,5,1,0,4,0,0,0,1,0,2018-03-28 23:29:00,2018,3,Wednesday,2,23.483333333333334
2957,photo,96,3,0,94,1,0,0,1,0,2018-03-28 08:39:00,2018,3,Wednesday,2,8.65
2958,photo,6,1,0,6,0,0,0,0,0,2018-03-28 04:03:00,2018,3,Wednesday,2,4.05
2959,photo,10,5,0,10,0,0,0,0,0,2018-03-28 02:53:00,2018,3,Wednesday,2,2.8833333333333333
2960,video,442,2360,200,295,128,4,13,1,1,2018-03-27 23:38:00,2018,3,Tuesday,1,23.633333333333333
2961,photo,12,0,0,12,0,0,0,0,0,2018-03-27 22:34:00,2018,3,Tuesday,1,22.566666666666666
2962,photo,136,6,0,132,3,1,0,0,0,2018-03-27 10:32:00,2018,3,Tuesday,1,10.533333333333333
2963,photo,11,0,0,11,0,0,0,0,0,2018-03-27 08:34:00,2018,3,Tuesday,1,8.566666666666666
2964,photo,11,2,0,11,0,0,0,0,0,2018-03-26 03:43:00,2018,3,Monday,0,3.716666666666667
2965,photo,20,1,1,20,0,0,0,0,0,2018-03-26 03:17:00,2018,3,Monday,0,3.283333333333333
2966,video,371,1233,158,296,70,2,3,0,0,2018-03-26 00:37:00,2018,3,Monday,0,0.6166666666666667
2967,photo,87,2,1,85,2,0,0,0,0,2018-03-25 08:15:00,2018,3,Sunday,6,8.25
2968,photo,13,2,0,13,0,0,0,0,0,2018-03-25 03:46:00,2018,3,Sunday,6,3.7666666666666666
2969,photo,72,15,2,72,0,0,0,0,0,2018-03-25 02:34:00,2018,3,Sunday,6,2.5666666666666664
2970,photo,111,9,2,111,0,0,0,0,0,2018-03-25 01:53:00,2018,3,Sunday,6,1.8833333333333333
2971,photo,178,22,6,174,4,0,0,0,0,2018-03-24 23:12:00,2018,3,Saturday,5,23.2
2972,photo,14,0,0,14,0,0,0,0,0,2018-03-24 22:37:00,2018,3,Saturday,5,22.616666666666667
2973,photo,127,25,2,121,5,1,0,0,0,2018-03-24 08:45:00,2018,3,Saturday,5,8.75
2974,photo,40,0,0,40,0,0,0,0,0,2018-03-24 03:33:00,2018,3,Saturday,5,3.55
2975,video,632,3416,836,493,126,6,4,2,1,2018-03-24 00:19:00,2018,3,Saturday,5,0.31666666666666665
2976,photo,1026,55,7,1011,13,2,0,0,0,2018-03-23 22:16:00,2018,3,Friday,4,22.266666666666666
2977,photo,13,0,0,12,1,0,0,0,0,2018-03-23 08:35:00,2018,3,Friday,4,8.583333333333334
2978,photo,27,1,2,27,0,0,0,0,0,2018-03-23 08:24:00,2018,3,Friday,4,8.4
2979,photo,4,0,0,4,0,0,0,0,0,2018-03-23 08:24:00,2018,3,Friday,4,8.4
2980,photo,193,7,2,189,3,1,0,0,0,2018-03-22 05:26:00,2018,3,Thursday,3,5.433333333333334
2981,photo,42,1,1,41,1,0,0,0,0,2018-03-22 04:57:00,2018,3,Thursday,3,4.95
2982,video,276,927,136,218,55,3,0,0,0,2018-03-21 23:54:00,2018,3,Wednesday,2,23.9
2983,photo,10,0,0,9,1,0,0,0,0,2018-03-21 08:24:00,2018,3,Wednesday,2,8.4
2984,photo,138,10,3,134,0,3,1,0,0,2018-03-21 04:14:00,2018,3,Wednesday,2,4.233333333333333
2985,photo,12,0,0,12,0,0,0,0,0,2018-03-21 00:25:00,2018,3,Wednesday,2,0.4166666666666667
2986,photo,8,1,0,8,0,0,0,0,0,2018-03-21 00:20:00,2018,3,Wednesday,2,0.3333333333333333
2987,video,215,784,161,154,57,0,3,1,0,2018-03-20 23:21:00,2018,3,Tuesday,1,23.35
2988,photo,6,0,0,6,0,0,0,0,0,2018-03-20 08:15:00,2018,3,Tuesday,1,8.25
2989,photo,38,0,1,36,2,0,0,0,0,2018-03-20 02:57:00,2018,3,Tuesday,1,2.95
2990,photo,86,13,0,81,5,0,0,0,0,2018-03-20 02:37:00,2018,3,Tuesday,1,2.6166666666666667
2991,photo,15,0,1,15,0,0,0,0,0,2018-03-20 01:52:00,2018,3,Tuesday,1,1.8666666666666667
2992,photo,13,0,2,13,0,0,0,0,0,2018-03-20 01:50:00,2018,3,Tuesday,1,1.8333333333333335
2993,video,295,1066,254,212,79,0,3,0,1,2018-03-19 23:46:00,2018,3,Monday,0,23.766666666666666
2994,photo,6,0,0,6,0,0,0,0,0,2018-03-19 10:09:00,2018,3,Monday,0,10.15
2995,photo,52,3,2,52,0,0,0,0,0,2018-03-19 02:07:00,2018,3,Monday,0,2.1166666666666667
2996,photo,79,13,2,79,0,0,0,0,0,2018-03-19 00:42:00,2018,3,Monday,0,0.7
2997,photo,26,1,3,25,1,0,0,0,0,2018-03-18 23:40:00,2018,3,Sunday,6,23.666666666666668
2998,photo,11,0,0,11,0,0,0,0,0,2018-03-18 07:35:00,2018,3,Sunday,6,7.583333333333333
2999,photo,14,0,0,14,0,0,0,0,0,2018-03-18 03:39:00,2018,3,Sunday,6,3.65
3000,video,263,892,187,205,57,1,0,0,0,2018-03-18 02:00:00,2018,3,Sunday,6,2.0
3001,photo,1236,25,0,1220,7,8,1,0,0,2018-03-18 01:06:00,2018,3,Sunday,6,1.1
3002,photo,11,0,0,11,0,0,0,0,0,2018-03-18 00:33:00,2018,3,Sunday,6,0.55
3003,photo,41,9,0,41,0,0,0,0,0,2018-03-17 03:22:00,2018,3,Saturday,5,3.3666666666666667
3004,photo,101,43,3,99,1,0,0,1,0,2018-03-17 03:11:00,2018,3,Saturday,5,3.183333333333333
3005,photo,36,10,0,36,0,0,0,0,0,2018-03-17 03:00:00,2018,3,Saturday,5,3.0
3006,photo,38,8,0,37,0,1,0,0,0,2018-03-17 02:43:00,2018,3,Saturday,5,2.716666666666667
3007,photo,20,10,0,19,1,0,0,0,0,2018-03-17 02:38:00,2018,3,Saturday,5,2.6333333333333333
3008,photo,60,31,0,60,0,0,0,0,0,2018-03-17 02:19:00,2018,3,Saturday,5,2.3166666666666664
3009,photo,26,7,0,26,0,0,0,0,0,2018-03-17 02:00:00,2018,3,Saturday,5,2.0
3010,photo,45,5,1,44,0,0,1,0,0,2018-03-17 00:02:00,2018,3,Saturday,5,0.03333333333333333
3011,photo,83,40,0,83,0,0,0,0,0,2018-03-16 22:40:00,2018,3,Friday,4,22.666666666666668
3012,photo,6,0,0,6,0,0,0,0,0,2018-03-16 22:31:00,2018,3,Friday,4,22.516666666666666
3013,photo,7,0,0,5,2,0,0,0,0,2018-03-16 08:22:00,2018,3,Friday,4,8.366666666666667
3014,photo,7,0,0,7,0,0,0,0,0,2018-03-16 05:22:00,2018,3,Friday,4,5.366666666666666
3015,photo,43,12,1,43,0,0,0,0,0,2018-03-16 02:00:00,2018,3,Friday,4,2.0
3016,video,302,794,243,225,70,5,1,0,1,2018-03-15 22:26:00,2018,3,Thursday,3,22.433333333333334
3017,photo,4,0,0,4,0,0,0,0,0,2018-03-15 03:34:00,2018,3,Thursday,3,3.5666666666666664
3018,photo,16,5,0,16,0,0,0,0,0,2018-03-15 00:59:00,2018,3,Thursday,3,0.9833333333333333
3019,photo,85,8,3,85,0,0,0,0,0,2018-03-14 09:18:00,2018,3,Wednesday,2,9.3
3020,photo,45,2,3,45,0,0,0,0,0,2018-03-14 09:09:00,2018,3,Wednesday,2,9.15
3021,photo,45,7,3,44,1,0,0,0,0,2018-03-14 05:52:00,2018,3,Wednesday,2,5.866666666666667
3022,video,23,0,1,23,0,0,0,0,0,2018-03-13 08:17:00,2018,3,Tuesday,1,8.283333333333333
3023,photo,29,2,1,29,0,0,0,0,0,2018-03-13 02:05:00,2018,3,Tuesday,1,2.0833333333333335
3024,photo,14,2,0,14,0,0,0,0,0,2018-03-12 08:28:00,2018,3,Monday,0,8.466666666666667
3025,photo,61,7,0,59,2,0,0,0,0,2018-03-12 05:24:00,2018,3,Monday,0,5.4
3026,photo,94,6,2,90,3,1,0,0,0,2018-03-12 01:57:00,2018,3,Monday,0,1.95
3027,photo,316,15,2,309,4,3,0,0,0,2018-03-12 01:23:00,2018,3,Monday,0,1.3833333333333333
3028,photo,176,5,1,168,1,0,7,0,0,2018-03-11 23:19:00,2018,3,Sunday,6,23.316666666666666
3029,photo,14,3,0,14,0,0,0,0,0,2018-03-11 07:56:00,2018,3,Sunday,6,7.933333333333334
3030,photo,94,25,2,93,1,0,0,0,0,2018-03-10 09:41:00,2018,3,Saturday,5,9.683333333333334
3031,photo,98,61,2,98,0,0,0,0,0,2018-03-10 04:51:00,2018,3,Saturday,5,4.85
3032,photo,14,3,2,14,0,0,0,0,0,2018-03-10 03:24:00,2018,3,Saturday,5,3.4
3033,photo,16,1,1,16,0,0,0,0,0,2018-03-10 01:12:00,2018,3,Saturday,5,1.2
3034,video,397,998,274,295,94,4,4,0,0,2018-03-09 22:36:00,2018,3,Friday,4,22.6
3035,photo,11,0,0,11,0,0,0,0,0,2018-03-09 08:57:00,2018,3,Friday,4,8.95
3036,photo,10,0,0,10,0,0,0,0,0,2018-03-09 04:02:00,2018,3,Friday,4,4.033333333333333
3037,photo,19,0,0,19,0,0,0,0,0,2018-03-08 11:09:00,2018,3,Thursday,3,11.15
3038,photo,873,16,21,830,35,7,1,0,0,2018-03-08 02:30:00,2018,3,Thursday,3,2.5
3039,photo,22,4,0,21,0,0,0,1,0,2018-03-08 00:33:00,2018,3,Thursday,3,0.55
3040,photo,17,14,0,17,0,0,0,0,0,2018-03-07 06:49:00,2018,3,Wednesday,2,6.816666666666666
3041,status,82,14,0,78,3,0,0,1,0,2018-03-06 10:05:00,2018,3,Tuesday,1,10.083333333333334
3042,photo,12,5,0,12,0,0,0,0,0,2018-03-06 09:46:00,2018,3,Tuesday,1,9.766666666666667
3043,photo,272,31,0,252,14,5,0,1,0,2018-03-06 05:29:00,2018,3,Tuesday,1,5.483333333333333
3044,video,486,1328,231,345,133,2,5,0,1,2018-03-06 02:25:00,2018,3,Tuesday,1,2.4166666666666665
3045,photo,190,60,1,186,3,1,0,0,0,2018-03-05 23:40:00,2018,3,Monday,0,23.666666666666668
3046,photo,10,6,0,10,0,0,0,0,0,2018-03-05 08:07:00,2018,3,Monday,0,8.116666666666667
3047,photo,1847,51,28,1744,67,26,10,0,0,2018-03-05 05:40:00,2018,3,Monday,0,5.666666666666667
3048,video,166,1,26,154,0,12,0,0,0,2018-03-05 02:05:00,2018,3,Monday,0,2.0833333333333335
3049,photo,21,1,2,21,0,0,0,0,0,2018-03-04 02:01:00,2018,3,Sunday,6,2.0166666666666666
3050,photo,214,2,28,172,0,0,40,2,0,2018-03-03 21:14:00,2018,3,Saturday,5,21.233333333333334
3051,photo,5,0,0,5,0,0,0,0,0,2018-03-03 09:33:00,2018,3,Saturday,5,9.55
3052,photo,103,7,2,102,0,1,0,0,0,2018-03-03 08:19:00,2018,3,Saturday,5,8.316666666666666
3053,photo,28,0,2,27,1,0,0,0,0,2018-03-03 05:22:00,2018,3,Saturday,5,5.366666666666666
3054,photo,8,0,0,8,0,0,0,0,0,2018-03-02 23:33:00,2018,3,Friday,4,23.55
3055,photo,7,0,0,7,0,0,0,0,0,2018-03-02 09:03:00,2018,3,Friday,4,9.05
3056,photo,82,3,0,78,3,1,0,0,0,2018-03-02 06:42:00,2018,3,Friday,4,6.7
3057,photo,134,7,3,128,3,3,0,0,0,2018-03-02 01:25:00,2018,3,Friday,4,1.4166666666666667
3058,photo,10,0,0,10,0,0,0,0,0,2018-03-01 07:15:00,2018,3,Thursday,3,7.25
3059,photo,44,0,1,42,2,0,0,0,0,2018-03-01 04:33:00,2018,3,Thursday,3,4.55
3060,photo,317,8,1,313,3,1,0,0,0,2018-03-01 03:57:00,2018,3,Thursday,3,3.95
3061,photo,140,44,5,138,2,0,0,0,0,2018-03-01 00:13:00,2018,3,Thursday,3,0.21666666666666667
3062,photo,11,0,0,11,0,0,0,0,0,2018-02-28 07:50:00,2018,2,Wednesday,2,7.833333333333333
3063,photo,11,1,0,8,2,0,0,1,0,2018-02-28 01:04:00,2018,2,Wednesday,2,1.0666666666666667
3064,photo,36,1,0,36,0,0,0,0,0,2018-02-28 00:49:00,2018,2,Wednesday,2,0.8166666666666667
3065,photo,6,2,0,6,0,0,0,0,0,2018-02-27 08:42:00,2018,2,Tuesday,1,8.7
3066,photo,33,1,2,32,1,0,0,0,0,2018-02-27 07:41:00,2018,2,Tuesday,1,7.683333333333334
3067,photo,11,1,0,11,0,0,0,0,0,2018-02-27 07:24:00,2018,2,Tuesday,1,7.4
3068,photo,107,21,1,105,1,1,0,0,0,2018-02-27 06:19:00,2018,2,Tuesday,1,6.316666666666666
3069,photo,95,0,2,92,3,0,0,0,0,2018-02-26 23:18:00,2018,2,Monday,0,23.3
3070,photo,154,13,3,146,4,4,0,0,0,2018-02-26 22:05:00,2018,2,Monday,0,22.083333333333332
3071,photo,63,2,0,63,0,0,0,0,0,2018-02-26 08:43:00,2018,2,Monday,0,8.716666666666667
3072,photo,112,2,1,111,1,0,0,0,0,2018-02-26 08:39:00,2018,2,Monday,0,8.65
3073,photo,357,7,16,349,6,2,0,0,0,2018-02-26 01:04:00,2018,2,Monday,0,1.0666666666666667
3074,photo,217,0,7,204,0,0,13,0,0,2018-02-25 23:00:00,2018,2,Sunday,6,23.0
3075,photo,60,8,0,60,0,0,0,0,0,2018-02-25 11:19:00,2018,2,Sunday,6,11.316666666666666
3076,photo,9,0,0,9,0,0,0,0,0,2018-02-25 04:59:00,2018,2,Sunday,6,4.983333333333333
3077,photo,88,28,0,88,0,0,0,0,0,2018-02-25 03:21:00,2018,2,Sunday,6,3.35
3078,photo,1273,13,3,1242,24,6,1,0,0,2018-02-25 02:30:00,2018,2,Sunday,6,2.5
3079,photo,108,0,10,101,6,1,0,0,0,2018-02-25 01:45:00,2018,2,Sunday,6,1.75
3080,photo,7,1,0,7,0,0,0,0,0,2018-02-24 03:49:00,2018,2,Saturday,5,3.8166666666666664
3081,photo,81,3,0,72,2,2,5,0,0,2018-02-24 03:39:00,2018,2,Saturday,5,3.65
3082,photo,955,63,5,936,9,10,0,0,0,2018-02-24 02:03:00,2018,2,Saturday,5,2.05
3083,photo,25,0,1,25,0,0,0,0,0,2018-02-24 00:33:00,2018,2,Saturday,5,0.55
3084,video,277,1092,159,207,65,1,3,0,1,2018-02-23 22:23:00,2018,2,Friday,4,22.383333333333333
3085,photo,6,0,0,6,0,0,0,0,0,2018-02-23 08:06:00,2018,2,Friday,4,8.1
3086,photo,362,89,4,352,6,4,0,0,0,2018-02-23 00:55:00,2018,2,Friday,4,0.9166666666666666
3087,photo,8,0,0,8,0,0,0,0,0,2018-02-22 10:12:00,2018,2,Thursday,3,10.2
3088,photo,10,0,0,10,0,0,0,0,0,2018-02-22 10:12:00,2018,2,Thursday,3,10.2
3089,link,165,0,52,161,1,2,1,0,0,2018-02-22 08:25:00,2018,2,Thursday,3,8.416666666666666
3090,photo,278,5,13,257,10,10,1,0,0,2018-02-22 05:42:00,2018,2,Thursday,3,5.7
3091,photo,94,30,1,94,0,0,0,0,0,2018-02-22 04:00:00,2018,2,Thursday,3,4.0
3092,photo,110,7,0,104,3,3,0,0,0,2018-02-22 01:55:00,2018,2,Thursday,3,1.9166666666666665
3093,video,280,1043,149,195,65,16,3,0,1,2018-02-21 22:12:00,2018,2,Wednesday,2,22.2
3094,photo,235,16,2,232,3,0,0,0,0,2018-02-21 05:19:00,2018,2,Wednesday,2,5.316666666666666
3095,photo,17,0,0,16,1,0,0,0,0,2018-02-21 04:03:00,2018,2,Wednesday,2,4.05
3096,photo,92,14,1,89,3,0,0,0,0,2018-02-21 03:05:00,2018,2,Wednesday,2,3.0833333333333335
3097,photo,12,0,1,12,0,0,0,0,0,2018-02-21 01:03:00,2018,2,Wednesday,2,1.05
3098,photo,149,18,2,140,4,5,0,0,0,2018-02-20 23:06:00,2018,2,Tuesday,1,23.1
3099,photo,9,0,0,8,1,0,0,0,0,2018-02-20 08:46:00,2018,2,Tuesday,1,8.766666666666667
3100,photo,384,60,4,364,13,6,1,0,0,2018-02-20 02:45:00,2018,2,Tuesday,1,2.75
3101,photo,18,2,0,17,1,0,0,0,0,2018-02-19 09:55:00,2018,2,Monday,0,9.916666666666666
3102,status,72,3,1,72,0,0,0,0,0,2018-02-19 03:39:00,2018,2,Monday,0,3.65
3103,photo,25,2,0,25,0,0,0,0,0,2018-02-19 01:17:00,2018,2,Monday,0,1.2833333333333332
3104,photo,11,0,0,11,0,0,0,0,0,2018-02-18 08:10:00,2018,2,Sunday,6,8.166666666666666
3105,photo,270,15,0,259,10,1,0,0,0,2018-02-18 06:12:00,2018,2,Sunday,6,6.2
3106,status,609,18,14,604,2,3,0,0,0,2018-02-17 21:55:00,2018,2,Saturday,5,21.916666666666668
3107,photo,241,4,32,216,1,0,24,0,0,2018-02-17 21:39:00,2018,2,Saturday,5,21.65
3108,photo,187,10,2,185,2,0,0,0,0,2018-02-17 08:20:00,2018,2,Saturday,5,8.333333333333334
3109,photo,5,0,0,5,0,0,0,0,0,2018-02-17 03:15:00,2018,2,Saturday,5,3.25
3110,video,216,679,191,160,52,2,2,0,0,2018-02-17 00:00:00,2018,2,Saturday,5,0.0
3111,photo,122,25,1,121,1,0,0,0,0,2018-02-16 08:49:00,2018,2,Friday,4,8.816666666666666
3112,photo,10,0,0,10,0,0,0,0,0,2018-02-16 08:30:00,2018,2,Friday,4,8.5
3113,photo,9,1,0,9,0,0,0,0,0,2018-02-16 03:50:00,2018,2,Friday,4,3.8333333333333335
3114,photo,114,13,2,111,1,2,0,0,0,2018-02-16 02:28:00,2018,2,Friday,4,2.466666666666667
3115,photo,19,1,1,19,0,0,0,0,0,2018-02-16 01:02:00,2018,2,Friday,4,1.0333333333333334
3116,video,255,926,181,142,108,0,5,0,0,2018-02-15 22:55:00,2018,2,Thursday,3,22.916666666666668
3117,photo,0,0,0,0,0,0,0,0,0,2018-02-15 00:40:00,2018,2,Thursday,3,0.6666666666666666
3118,video,243,1121,334,191,51,0,0,1,0,2018-02-14 22:57:00,2018,2,Wednesday,2,22.95
3119,photo,65,0,6,65,0,0,0,0,0,2018-02-14 20:33:00,2018,2,Wednesday,2,20.55
3120,photo,5,0,1,5,0,0,0,0,0,2018-02-14 06:47:00,2018,2,Wednesday,2,6.783333333333333
3121,photo,12,0,1,12,0,0,0,0,0,2018-02-14 06:38:00,2018,2,Wednesday,2,6.633333333333333
3122,photo,230,32,7,222,7,1,0,0,0,2018-02-13 23:33:00,2018,2,Tuesday,1,23.55
3123,photo,12,1,1,11,1,0,0,0,0,2018-02-13 08:33:00,2018,2,Tuesday,1,8.55
3124,photo,35,1,1,35,0,0,0,0,0,2018-02-13 08:32:00,2018,2,Tuesday,1,8.533333333333333
3125,photo,124,20,3,122,2,0,0,0,0,2018-02-13 08:25:00,2018,2,Tuesday,1,8.416666666666666
3126,photo,5,1,1,5,0,0,0,0,0,2018-02-13 07:56:00,2018,2,Tuesday,1,7.933333333333334
3127,photo,4,0,1,4,0,0,0,0,0,2018-02-13 07:38:00,2018,2,Tuesday,1,7.633333333333333
3128,photo,149,19,2,148,1,0,0,0,0,2018-02-13 03:59:00,2018,2,Tuesday,1,3.9833333333333334
3129,photo,24,1,1,24,0,0,0,0,0,2018-02-13 02:00:00,2018,2,Tuesday,1,2.0
3130,photo,201,66,5,197,1,3,0,0,0,2018-02-12 11:28:00,2018,2,Monday,0,11.466666666666667
3131,photo,14,3,1,13,1,0,0,0,0,2018-02-12 09:31:00,2018,2,Monday,0,9.516666666666667
3132,photo,51,1,1,50,0,1,0,0,0,2018-02-12 08:07:00,2018,2,Monday,0,8.116666666666667
3133,photo,14,5,1,14,0,0,0,0,0,2018-02-12 03:08:00,2018,2,Monday,0,3.1333333333333333
3134,status,271,20,2,263,8,0,0,0,0,2018-02-11 23:17:00,2018,2,Sunday,6,23.283333333333335
3135,photo,51,1,6,49,1,1,0,0,0,2018-02-11 06:33:00,2018,2,Sunday,6,6.55
3136,photo,58,2,26,54,1,0,3,0,0,2018-02-11 05:23:00,2018,2,Sunday,6,5.383333333333334
3137,photo,22,5,1,22,0,0,0,0,0,2018-02-11 02:49:00,2018,2,Sunday,6,2.8166666666666664
3138,photo,228,16,1,223,4,1,0,0,0,2018-02-11 02:28:00,2018,2,Sunday,6,2.466666666666667
3139,photo,12,1,0,12,0,0,0,0,0,2018-02-10 08:54:00,2018,2,Saturday,5,8.9
3140,status,186,7,1,169,17,0,0,0,0,2018-02-10 08:19:00,2018,2,Saturday,5,8.316666666666666
3141,photo,15,2,0,15,0,0,0,0,0,2018-02-10 04:20:00,2018,2,Saturday,5,4.333333333333333
3142,photo,81,13,2,79,0,0,0,2,0,2018-02-09 20:51:00,2018,2,Friday,4,20.85
3143,photo,17,3,1,17,0,0,0,0,0,2018-02-09 15:39:00,2018,2,Friday,4,15.65
3144,photo,10,1,0,9,0,0,0,1,0,2018-02-09 05:18:00,2018,2,Friday,4,5.3
3145,photo,88,11,2,85,2,1,0,0,0,2018-02-09 04:02:00,2018,2,Friday,4,4.033333333333333
3146,photo,241,54,5,238,3,0,0,0,0,2018-02-08 23:46:00,2018,2,Thursday,3,23.766666666666666
3147,photo,83,0,1,83,0,0,0,0,0,2018-02-08 09:35:00,2018,2,Thursday,3,9.583333333333334
3148,photo,19,5,0,17,1,0,0,1,0,2018-02-08 07:29:00,2018,2,Thursday,3,7.483333333333333
3149,photo,35,1,1,35,0,0,0,0,0,2018-02-08 04:17:00,2018,2,Thursday,3,4.283333333333333
3150,photo,362,87,5,357,1,4,0,0,0,2018-02-08 02:40:00,2018,2,Thursday,3,2.6666666666666665
3151,photo,17,0,0,17,0,0,0,0,0,2018-02-07 23:48:00,2018,2,Wednesday,2,23.8
3152,video,300,1000,114,230,67,0,3,0,0,2018-02-06 22:56:00,2018,2,Tuesday,1,22.933333333333334
3153,photo,66,14,1,66,0,0,0,0,0,2018-02-06 04:57:00,2018,2,Tuesday,1,4.95
3154,video,636,3014,268,398,225,0,10,2,1,2018-02-05 23:53:00,2018,2,Monday,0,23.883333333333333
3155,photo,155,4,4,154,1,0,0,0,0,2018-02-05 10:56:00,2018,2,Monday,0,10.933333333333334
3156,photo,223,119,6,219,1,3,0,0,0,2018-02-05 10:34:00,2018,2,Monday,0,10.566666666666666
3157,photo,26,3,0,25,1,0,0,0,0,2018-02-05 08:40:00,2018,2,Monday,0,8.666666666666666
3158,photo,179,13,2,172,5,2,0,0,0,2018-02-05 08:39:00,2018,2,Monday,0,8.65
3159,photo,8,0,0,7,0,1,0,0,0,2018-02-05 08:38:00,2018,2,Monday,0,8.633333333333333
3160,photo,24,1,0,24,0,0,0,0,0,2018-02-05 00:31:00,2018,2,Monday,0,0.5166666666666667
3161,photo,496,18,0,478,16,2,0,0,0,2018-02-04 08:52:00,2018,2,Sunday,6,8.866666666666667
3162,photo,11,1,0,10,1,0,0,0,0,2018-02-04 03:35:00,2018,2,Sunday,6,3.5833333333333335
3163,photo,8,0,0,8,0,0,0,0,0,2018-02-04 03:33:00,2018,2,Sunday,6,3.55
3164,video,177,505,73,150,24,0,3,0,0,2018-02-03 23:36:00,2018,2,Saturday,5,23.6
3165,photo,519,6,0,498,18,3,0,0,0,2018-02-03 22:41:00,2018,2,Saturday,5,22.683333333333334
3166,video,144,45,4,120,14,9,1,0,0,2018-02-03 10:40:00,2018,2,Saturday,5,10.666666666666666
3167,video,117,330,46,98,16,0,0,3,0,2018-02-03 00:35:00,2018,2,Saturday,5,0.5833333333333334
3168,video,176,540,54,152,20,0,1,2,1,2018-02-02 23:42:00,2018,2,Friday,4,23.7
3169,video,179,495,144,162,14,1,0,1,1,2018-02-02 23:19:00,2018,2,Friday,4,23.316666666666666
3170,photo,217,23,5,211,4,2,0,0,0,2018-02-02 22:55:00,2018,2,Friday,4,22.916666666666668
3171,photo,97,0,4,92,2,3,0,0,0,2018-02-02 22:01:00,2018,2,Friday,4,22.016666666666666
3172,photo,6,1,0,6,0,0,0,0,0,2018-02-02 09:53:00,2018,2,Friday,4,9.883333333333333
3173,photo,32,0,1,32,0,0,0,0,0,2018-02-02 05:14:00,2018,2,Friday,4,5.233333333333333
3174,photo,18,3,0,17,1,0,0,0,0,2018-02-02 01:17:00,2018,2,Friday,4,1.2833333333333332
3175,video,223,944,93,184,37,0,1,0,1,2018-02-01 23:10:00,2018,2,Thursday,3,23.166666666666668
3176,video,200,649,133,174,26,0,0,0,0,2018-02-01 22:39:00,2018,2,Thursday,3,22.65
3177,photo,11,2,0,11,0,0,0,0,0,2018-02-01 15:02:00,2018,2,Thursday,3,15.033333333333333
3178,photo,20,0,0,20,0,0,0,0,0,2018-01-31 02:49:00,2018,1,Wednesday,2,2.8166666666666664
3179,video,366,1566,276,275,84,1,6,0,0,2018-01-31 00:20:00,2018,1,Wednesday,2,0.3333333333333333
3180,photo,5,1,0,5,0,0,0,0,0,2018-01-30 08:08:00,2018,1,Tuesday,1,8.133333333333333
3181,photo,26,4,0,24,0,0,0,2,0,2018-01-30 06:51:00,2018,1,Tuesday,1,6.85
3182,photo,499,35,0,482,15,2,0,0,0,2018-01-30 00:02:00,2018,1,Tuesday,1,0.03333333333333333
3183,photo,196,3,38,185,5,5,0,1,0,2018-01-29 21:45:00,2018,1,Monday,0,21.75
3184,status,61,2,1,60,1,0,0,0,0,2018-01-29 10:35:00,2018,1,Monday,0,10.583333333333334
3185,photo,16,0,0,16,0,0,0,0,0,2018-01-29 07:16:00,2018,1,Monday,0,7.266666666666667
3186,photo,48,4,1,48,0,0,0,0,0,2018-01-29 07:14:00,2018,1,Monday,0,7.233333333333333
3187,photo,2,2,0,2,0,0,0,0,0,2018-01-29 06:03:00,2018,1,Monday,0,6.05
3188,video,352,1828,93,256,91,1,3,0,1,2018-01-29 03:09:00,2018,1,Monday,0,3.15
3189,photo,13,0,0,13,0,0,0,0,0,2018-01-28 04:04:00,2018,1,Sunday,6,4.066666666666666
3190,photo,6,0,0,6,0,0,0,0,0,2018-01-28 03:53:00,2018,1,Sunday,6,3.8833333333333333
3191,photo,22,0,0,22,0,0,0,0,0,2018-01-27 05:21:00,2018,1,Saturday,5,5.35
3192,photo,9,1,0,9,0,0,0,0,0,2018-01-27 03:18:00,2018,1,Saturday,5,3.3
3193,photo,3,2,0,3,0,0,0,0,0,2018-01-26 05:23:00,2018,1,Friday,4,5.383333333333334
3194,photo,10,3,0,10,0,0,0,0,0,2018-01-25 06:58:00,2018,1,Thursday,3,6.966666666666667
3195,video,370,1491,231,306,61,2,1,0,0,2018-01-24 23:15:00,2018,1,Wednesday,2,23.25
3196,photo,7,0,0,7,0,0,0,0,0,2018-01-24 02:31:00,2018,1,Wednesday,2,2.5166666666666666
3197,photo,23,5,0,22,0,1,0,0,0,2018-01-24 01:22:00,2018,1,Wednesday,2,1.3666666666666667
3198,video,315,1086,157,252,58,3,2,0,0,2018-01-23 22:40:00,2018,1,Tuesday,1,22.666666666666668
3199,photo,10,1,0,10,0,0,0,0,0,2018-01-23 04:54:00,2018,1,Tuesday,1,4.9
3200,photo,2,1,0,2,0,0,0,0,0,2018-01-22 03:20:00,2018,1,Monday,0,3.3333333333333335
3201,photo,8,0,0,8,0,0,0,0,0,2018-01-22 00:15:00,2018,1,Monday,0,0.25
3202,video,82,1,1,79,3,0,0,0,0,2018-01-21 22:52:00,2018,1,Sunday,6,22.866666666666667
3203,video,137,508,89,92,44,0,1,0,0,2018-01-21 22:50:00,2018,1,Sunday,6,22.833333333333332
3204,photo,2,1,0,2,0,0,0,0,0,2018-01-21 12:46:00,2018,1,Sunday,6,12.766666666666667
3205,photo,32,0,0,32,0,0,0,0,0,2018-01-21 04:42:00,2018,1,Sunday,6,4.7
3206,video,307,2099,208,258,43,2,2,1,1,2018-01-21 02:22:00,2018,1,Sunday,6,2.3666666666666667
3207,photo,99,4,4,98,1,0,0,0,0,2018-01-21 00:53:00,2018,1,Sunday,6,0.8833333333333333
3208,photo,85,8,0,84,1,0,0,0,0,2018-01-21 00:24:00,2018,1,Sunday,6,0.4
3209,photo,9,3,0,9,0,0,0,0,0,2018-01-20 05:21:00,2018,1,Saturday,5,5.35
3210,video,304,677,108,247,53,1,2,0,1,2018-01-20 00:26:00,2018,1,Saturday,5,0.43333333333333335
3211,photo,15,0,1,15,0,0,0,0,0,2018-01-19 23:03:00,2018,1,Friday,4,23.05
3212,photo,15,4,0,15,0,0,0,0,0,2018-01-19 01:06:00,2018,1,Friday,4,1.1
3213,video,135,1,1,134,1,0,0,0,0,2018-01-18 22:59:00,2018,1,Thursday,3,22.983333333333334
3214,video,170,657,56,129,41,0,0,0,0,2018-01-18 22:58:00,2018,1,Thursday,3,22.966666666666665
3215,photo,3,0,0,3,0,0,0,0,0,2018-01-18 07:06:00,2018,1,Thursday,3,7.1
3216,photo,13,0,0,13,0,0,0,0,0,2018-01-17 08:03:00,2018,1,Wednesday,2,8.05
3217,photo,15,1,0,14,1,0,0,0,0,2018-01-17 00:56:00,2018,1,Wednesday,2,0.9333333333333333
3218,video,230,517,86,193,36,1,0,0,0,2018-01-16 22:38:00,2018,1,Tuesday,1,22.633333333333333
3219,photo,9,0,0,9,0,0,0,0,0,2018-01-16 03:08:00,2018,1,Tuesday,1,3.1333333333333333
3220,video,317,1354,169,254,55,3,3,1,1,2018-01-16 01:07:00,2018,1,Tuesday,1,1.1166666666666667
3221,photo,233,60,6,225,8,0,0,0,0,2018-01-15 21:32:00,2018,1,Monday,0,21.533333333333335
3222,photo,10,1,0,10,0,0,0,0,0,2018-01-15 08:23:00,2018,1,Monday,0,8.383333333333333
3223,photo,9,0,0,9,0,0,0,0,0,2018-01-15 03:53:00,2018,1,Monday,0,3.8833333333333333
3224,photo,316,15,5,313,0,3,0,0,0,2018-01-14 03:50:00,2018,1,Sunday,6,3.8333333333333335
3225,photo,8,1,0,8,0,0,0,0,0,2018-01-14 03:12:00,2018,1,Sunday,6,3.2
3226,video,418,1489,281,337,80,0,0,0,1,2018-01-14 01:27:00,2018,1,Sunday,6,1.45
3227,photo,9,6,0,9,0,0,0,0,0,2018-01-13 01:48:00,2018,1,Saturday,5,1.8
3228,video,384,2297,607,326,51,4,2,0,1,2018-01-13 00:11:00,2018,1,Saturday,5,0.18333333333333332
3229,photo,10,0,0,10,0,0,0,0,0,2018-01-12 22:25:00,2018,1,Friday,4,22.416666666666668
3230,photo,70,6,1,65,2,1,2,0,0,2018-01-12 09:34:00,2018,1,Friday,4,9.566666666666666
3231,video,60,0,0,60,0,0,0,0,0,2018-01-12 04:50:00,2018,1,Friday,4,4.833333333333333
3232,video,252,504,89,215,35,2,0,0,0,2018-01-11 22:54:00,2018,1,Thursday,3,22.9
3233,photo,9,1,0,9,0,0,0,0,0,2018-01-11 09:00:00,2018,1,Thursday,3,9.0
3234,photo,10,0,0,10,0,0,0,0,0,2018-01-11 04:37:00,2018,1,Thursday,3,4.616666666666667
3235,video,278,583,72,223,53,2,0,0,0,2018-01-11 03:14:00,2018,1,Thursday,3,3.2333333333333334
3236,photo,15,4,2,15,0,0,0,0,0,2018-01-10 22:14:00,2018,1,Wednesday,2,22.233333333333334
3237,photo,53,0,2,53,0,0,0,0,0,2018-01-10 07:21:00,2018,1,Wednesday,2,7.35
3238,photo,37,0,6,37,0,0,0,0,0,2018-01-10 04:17:00,2018,1,Wednesday,2,4.283333333333333
3239,photo,99,5,2,95,2,2,0,0,0,2018-01-10 02:49:00,2018,1,Wednesday,2,2.8166666666666664
3240,photo,10,1,1,10,0,0,0,0,0,2018-01-10 02:12:00,2018,1,Wednesday,2,2.2
3241,video,267,516,73,211,52,3,0,1,0,2018-01-10 01:03:00,2018,1,Wednesday,2,1.05
3242,photo,9,7,1,7,1,0,0,1,0,2018-01-09 07:13:00,2018,1,Tuesday,1,7.216666666666667
3243,photo,17,0,1,17,0,0,0,0,0,2018-01-09 00:39:00,2018,1,Tuesday,1,0.65
3244,video,384,1158,120,276,103,3,0,2,0,2018-01-08 22:59:00,2018,1,Monday,0,22.983333333333334
3245,photo,11,1,0,11,0,0,0,0,0,2018-01-08 03:09:00,2018,1,Monday,0,3.15
3246,video,624,12003,856,516,94,4,8,2,0,2018-01-08 01:10:00,2018,1,Monday,0,1.1666666666666667
3247,photo,154,3,15,150,3,1,0,0,0,2018-01-07 22:03:00,2018,1,Sunday,6,22.05
3248,photo,21,2,0,21,0,0,0,0,0,2018-01-07 07:58:00,2018,1,Sunday,6,7.966666666666667
3249,photo,10,3,0,10,0,0,0,0,0,2018-01-06 07:46:00,2018,1,Saturday,5,7.766666666666667
3250,video,616,7130,734,528,81,3,2,2,0,2018-01-05 23:15:00,2018,1,Friday,4,23.25
3251,photo,414,35,11,406,2,6,0,0,0,2018-01-05 22:49:00,2018,1,Friday,4,22.816666666666666
3252,photo,10,9,1,10,0,0,0,0,0,2018-01-05 04:23:00,2018,1,Friday,4,4.383333333333334
3253,video,298,614,118,251,43,2,2,0,0,2018-01-05 03:26:00,2018,1,Friday,4,3.4333333333333336
3254,photo,111,7,30,109,1,1,0,0,0,2018-01-05 00:22:00,2018,1,Friday,4,0.36666666666666664
3255,photo,19,6,0,17,0,0,0,2,0,2018-01-04 04:04:00,2018,1,Thursday,3,4.066666666666666
3256,video,311,869,71,258,51,0,0,0,2,2018-01-03 23:21:00,2018,1,Wednesday,2,23.35
3257,photo,92,2,5,90,1,1,0,0,0,2018-01-03 22:02:00,2018,1,Wednesday,2,22.033333333333335
3258,photo,12,2,1,12,0,0,0,0,0,2018-01-03 04:15:00,2018,1,Wednesday,2,4.25
3259,photo,18,3,0,18,0,0,0,0,0,2018-01-03 01:14:00,2018,1,Wednesday,2,1.2333333333333334
3260,video,317,1215,74,269,41,4,2,1,0,2018-01-02 22:52:00,2018,1,Tuesday,1,22.866666666666667
3261,photo,5,0,0,5,0,0,0,0,0,2018-01-02 05:37:00,2018,1,Tuesday,1,5.616666666666667
3262,photo,7,0,0,7,0,0,0,0,0,2018-01-02 00:15:00,2018,1,Tuesday,1,0.25
3263,photo,89,5,46,89,0,0,0,0,0,2018-01-01 23:41:00,2018,1,Monday,0,23.683333333333334
3264,video,296,869,58,252,39,2,2,1,0,2018-01-01 01:39:00,2018,1,Monday,0,1.65
3265,photo,45,2,0,45,0,0,0,0,0,2017-12-31 22:15:00,2017,12,Sunday,6,22.25
3266,photo,15,0,1,15,0,0,0,0,0,2017-12-31 05:45:00,2017,12,Sunday,6,5.75
3267,photo,57,0,59,57,0,0,0,0,0,2017-12-30 04:12:00,2017,12,Saturday,5,4.2
3268,photo,74,5,1,67,3,4,0,0,0,2017-12-30 03:21:00,2017,12,Saturday,5,3.35
3269,photo,15,0,0,15,0,0,0,0,0,2017-12-29 04:32:00,2017,12,Friday,4,4.533333333333333
3270,photo,63,1,36,62,1,0,0,0,0,2017-12-28 22:53:00,2017,12,Thursday,3,22.883333333333333
3271,photo,23,0,0,23,0,0,0,0,0,2017-12-28 05:57:00,2017,12,Thursday,3,5.95
3272,photo,60,2,59,60,0,0,0,0,0,2017-12-27 21:25:00,2017,12,Wednesday,2,21.416666666666668
3273,photo,11,0,1,11,0,0,0,0,0,2017-12-27 08:59:00,2017,12,Wednesday,2,8.983333333333333
3274,photo,105,2,2,102,0,3,0,0,0,2017-12-27 06:37:00,2017,12,Wednesday,2,6.616666666666667
3275,photo,35,1,2,35,0,0,0,0,0,2017-12-27 06:29:00,2017,12,Wednesday,2,6.483333333333333
3276,photo,25,0,1,25,0,0,0,0,0,2017-12-27 06:25:00,2017,12,Wednesday,2,6.416666666666667
3277,photo,18,0,1,18,0,0,0,0,0,2017-12-27 06:24:00,2017,12,Wednesday,2,6.4
3278,photo,18,2,1,18,0,0,0,0,0,2017-12-27 06:21:00,2017,12,Wednesday,2,6.35
3279,photo,8,0,0,8,0,0,0,0,0,2017-12-27 05:42:00,2017,12,Wednesday,2,5.7
3280,link,76,0,6,76,0,0,0,0,0,2017-12-27 02:41:00,2017,12,Wednesday,2,2.6833333333333336
3281,photo,10,0,0,10,0,0,0,0,0,2017-12-26 07:08:00,2017,12,Tuesday,1,7.133333333333334
3282,photo,44,0,18,44,0,0,0,0,0,2017-12-26 02:18:00,2017,12,Tuesday,1,2.3
3283,photo,82,4,19,82,0,0,0,0,0,2017-12-25 04:52:00,2017,12,Monday,0,4.866666666666667
3284,photo,33,6,1,33,0,0,0,0,0,2017-12-25 03:12:00,2017,12,Monday,0,3.2
3285,photo,114,1,0,112,1,1,0,0,0,2017-12-24 23:11:00,2017,12,Sunday,6,23.183333333333334
3286,photo,219,7,2,212,6,1,0,0,0,2017-12-24 22:58:00,2017,12,Sunday,6,22.966666666666665
3287,photo,16,8,0,12,1,0,0,3,0,2017-12-24 06:23:00,2017,12,Sunday,6,6.383333333333334
3288,photo,17,3,0,16,1,0,0,0,0,2017-12-23 07:54:00,2017,12,Saturday,5,7.9
3289,photo,54,6,1,52,0,2,0,0,0,2017-12-23 01:12:00,2017,12,Saturday,5,1.2
3290,photo,6,3,0,6,0,0,0,0,0,2017-12-22 23:56:00,2017,12,Friday,4,23.933333333333334
3291,video,194,551,92,162,32,0,0,0,0,2017-12-22 22:35:00,2017,12,Friday,4,22.583333333333332
3292,photo,21,10,0,16,3,0,0,1,1,2017-12-22 09:16:00,2017,12,Friday,4,9.266666666666667
3293,photo,637,50,3,578,38,21,0,0,0,2017-12-22 04:30:00,2017,12,Friday,4,4.5
3294,photo,5,8,0,5,0,0,0,0,0,2017-12-22 02:49:00,2017,12,Friday,4,2.8166666666666664
3295,video,247,810,224,207,38,1,1,0,0,2017-12-22 01:19:00,2017,12,Friday,4,1.3166666666666667
3296,photo,20,6,0,19,0,1,0,0,0,2017-12-21 07:22:00,2017,12,Thursday,3,7.366666666666666
3297,video,439,5006,698,340,91,3,2,2,1,2017-12-21 04:16:00,2017,12,Thursday,3,4.266666666666667
3298,photo,65,8,2,62,3,0,0,0,0,2017-12-21 03:34:00,2017,12,Thursday,3,3.5666666666666664
3299,photo,76,0,6,75,1,0,0,0,0,2017-12-21 03:27:00,2017,12,Thursday,3,3.45
3300,video,292,579,176,241,48,0,3,0,0,2017-12-21 01:15:00,2017,12,Thursday,3,1.25
3301,photo,12,1,0,12,0,0,0,0,0,2017-12-20 05:30:00,2017,12,Wednesday,2,5.5
3302,status,51,7,0,49,2,0,0,0,0,2017-12-20 04:16:00,2017,12,Wednesday,2,4.266666666666667
3303,photo,12,1,0,12,0,0,0,0,0,2017-12-20 00:07:00,2017,12,Wednesday,2,0.11666666666666667
3304,video,545,4741,482,455,81,1,5,2,1,2017-12-19 22:16:00,2017,12,Tuesday,1,22.266666666666666
3305,photo,356,50,3,345,10,1,0,0,0,2017-12-19 07:59:00,2017,12,Tuesday,1,7.983333333333333
3306,photo,75,3,1,74,0,0,1,0,0,2017-12-19 05:56:00,2017,12,Tuesday,1,5.933333333333334
3307,photo,14,5,0,13,1,0,0,0,0,2017-12-19 04:27:00,2017,12,Tuesday,1,4.45
3308,photo,51,1,0,51,0,0,0,0,0,2017-12-19 00:21:00,2017,12,Tuesday,1,0.35
3309,link,30,0,0,29,1,0,0,0,0,2017-12-19 00:13:00,2017,12,Tuesday,1,0.21666666666666667
3310,photo,11,1,1,11,0,0,0,0,0,2017-12-18 04:30:00,2017,12,Monday,0,4.5
3311,photo,3,0,0,3,0,0,0,0,0,2017-12-18 04:30:00,2017,12,Monday,0,4.5
3312,photo,10,0,0,10,0,0,0,0,0,2017-12-17 09:30:00,2017,12,Sunday,6,9.5
3313,photo,215,44,0,176,1,3,4,0,31,2017-12-17 08:16:00,2017,12,Sunday,6,8.266666666666667
3314,photo,5,2,0,5,0,0,0,0,0,2017-12-17 01:51:00,2017,12,Sunday,6,1.85
3315,photo,9,2,0,9,0,0,0,0,0,2017-12-16 02:46:00,2017,12,Saturday,5,2.7666666666666666
3316,photo,63,8,2,63,0,0,0,0,0,2017-12-16 01:59:00,2017,12,Saturday,5,1.9833333333333334
3317,photo,17,3,1,17,0,0,0,0,0,2017-12-16 01:36:00,2017,12,Saturday,5,1.6
3318,photo,67,2,0,62,2,3,0,0,0,2017-12-15 22:21:00,2017,12,Friday,4,22.35
3319,video,17,0,0,17,0,0,0,0,0,2017-12-15 22:00:00,2017,12,Friday,4,22.0
3320,photo,12,3,0,12,0,0,0,0,0,2017-12-15 08:00:00,2017,12,Friday,4,8.0
3321,photo,12,0,0,12,0,0,0,0,0,2017-12-15 06:42:00,2017,12,Friday,4,6.7
3322,photo,153,11,4,148,2,3,0,0,0,2017-12-15 03:07:00,2017,12,Friday,4,3.1166666666666667
3323,video,360,1543,128,315,35,6,4,0,0,2017-12-14 06:53:00,2017,12,Thursday,3,6.883333333333333
3324,photo,17,6,0,17,0,0,0,0,0,2017-12-14 06:24:00,2017,12,Thursday,3,6.4
3325,photo,11,2,0,11,0,0,0,0,0,2017-12-14 02:45:00,2017,12,Thursday,3,2.75
3326,video,352,4162,293,284,60,3,3,2,0,2017-12-14 00:43:00,2017,12,Thursday,3,0.7166666666666667
3327,photo,48,0,1,48,0,0,0,0,0,2017-12-13 05:32:00,2017,12,Wednesday,2,5.533333333333333
3328,photo,225,17,3,212,11,2,0,0,0,2017-12-13 05:08:00,2017,12,Wednesday,2,5.133333333333334
3329,photo,4,7,1,4,0,0,0,0,0,2017-12-13 05:00:00,2017,12,Wednesday,2,5.0
3330,photo,12,7,0,11,1,0,0,0,0,2017-12-13 01:46:00,2017,12,Wednesday,2,1.7666666666666666
3331,video,480,3175,458,395,82,2,1,0,0,2017-12-13 00:20:00,2017,12,Wednesday,2,0.3333333333333333
3332,photo,183,14,1,179,4,0,0,0,0,2017-12-12 23:43:00,2017,12,Tuesday,1,23.716666666666665
3333,photo,117,12,6,114,2,1,0,0,0,2017-12-12 09:37:00,2017,12,Tuesday,1,9.616666666666667
3334,video,532,7783,498,444,81,1,3,3,0,2017-12-12 01:28:00,2017,12,Tuesday,1,1.4666666666666668
3335,photo,11,0,8,11,0,0,0,0,0,2017-12-12 01:14:00,2017,12,Tuesday,1,1.2333333333333334
3336,photo,10,1,0,10,0,0,0,0,0,2017-12-11 20:58:00,2017,12,Monday,0,20.966666666666665
3337,photo,11,3,0,11,0,0,0,0,0,2017-12-10 02:33:00,2017,12,Sunday,6,2.55
3338,video,498,3882,287,393,98,1,3,3,0,2017-12-10 02:09:00,2017,12,Sunday,6,2.15
3339,photo,44,0,1,44,0,0,0,0,0,2017-12-09 22:02:00,2017,12,Saturday,5,22.033333333333335
3340,photo,45,4,1,44,1,0,0,0,0,2017-12-09 21:44:00,2017,12,Saturday,5,21.733333333333334
3341,photo,96,5,1,92,3,1,0,0,0,2017-12-09 10:22:00,2017,12,Saturday,5,10.366666666666667
3342,photo,21,0,0,20,1,0,0,0,0,2017-12-09 04:38:00,2017,12,Saturday,5,4.633333333333333
3343,link,144,3,16,144,0,0,0,0,0,2017-12-09 02:25:00,2017,12,Saturday,5,2.4166666666666665
3344,video,32,1,0,32,0,0,0,0,0,2017-12-08 09:09:00,2017,12,Friday,4,9.15
3345,photo,27,0,0,27,0,0,0,0,0,2017-12-08 02:06:00,2017,12,Friday,4,2.1
3346,link,95,0,9,93,1,1,0,0,0,2017-12-07 09:26:00,2017,12,Thursday,3,9.433333333333334
3347,photo,14,3,0,14,0,0,0,0,0,2017-12-07 04:34:00,2017,12,Thursday,3,4.566666666666666
3348,video,425,4761,297,318,95,0,8,4,0,2017-12-06 22:03:00,2017,12,Wednesday,2,22.05
3349,photo,4,0,1,4,0,0,0,0,0,2017-12-06 12:05:00,2017,12,Wednesday,2,12.083333333333334
3350,video,483,4031,328,376,87,5,10,5,0,2017-12-05 21:31:00,2017,12,Tuesday,1,21.516666666666666
3351,video,456,3420,60,276,165,1,10,4,0,2017-12-05 08:34:00,2017,12,Tuesday,1,8.566666666666666
3352,photo,157,43,1,148,7,2,0,0,0,2017-12-05 07:24:00,2017,12,Tuesday,1,7.4
3353,photo,134,11,8,127,5,2,0,0,0,2017-12-05 05:39:00,2017,12,Tuesday,1,5.65
3354,photo,16,1,1,16,0,0,0,0,0,2017-12-05 02:50:00,2017,12,Tuesday,1,2.8333333333333335
3355,video,583,6151,118,424,119,5,9,23,3,2017-12-04 23:35:00,2017,12,Monday,0,23.583333333333332
3356,photo,395,205,2,376,11,8,0,0,0,2017-12-04 10:08:00,2017,12,Monday,0,10.133333333333333
3357,photo,18,0,0,18,0,0,0,0,0,2017-12-04 05:17:00,2017,12,Monday,0,5.283333333333333
3358,video,303,714,52,241,58,3,1,0,0,2017-12-04 03:10:00,2017,12,Monday,0,3.1666666666666665
3359,photo,98,12,2,91,1,5,0,1,0,2017-12-04 02:32:00,2017,12,Monday,0,2.533333333333333
3360,photo,76,34,2,76,0,0,0,0,0,2017-12-04 00:25:00,2017,12,Monday,0,0.4166666666666667
3361,photo,50,3,2,48,2,0,0,0,0,2017-12-03 22:35:00,2017,12,Sunday,6,22.583333333333332
3362,photo,12,0,0,12,0,0,0,0,0,2017-12-03 04:22:00,2017,12,Sunday,6,4.366666666666666
3363,photo,6,0,0,6,0,0,0,0,0,2017-12-03 04:16:00,2017,12,Sunday,6,4.266666666666667
3364,photo,36,3,1,34,2,0,0,0,0,2017-12-02 04:45:00,2017,12,Saturday,5,4.75
3365,photo,6,0,0,6,0,0,0,0,0,2017-12-02 02:11:00,2017,12,Saturday,5,2.183333333333333
3366,photo,166,17,2,164,2,0,0,0,0,2017-12-01 23:29:00,2017,12,Friday,4,23.483333333333334
3367,photo,96,3,1,96,0,0,0,0,0,2017-12-01 20:21:00,2017,12,Friday,4,20.35
3368,photo,12,1,1,12,0,0,0,0,0,2017-12-01 08:11:00,2017,12,Friday,4,8.183333333333334
3369,photo,394,97,5,378,5,11,0,0,0,2017-11-30 21:48:00,2017,11,Thursday,3,21.8
3370,photo,13,0,1,13,0,0,0,0,0,2017-11-30 04:08:00,2017,11,Thursday,3,4.133333333333334
3371,photo,6,1,1,6,0,0,0,0,0,2017-11-29 04:52:00,2017,11,Wednesday,2,4.866666666666667
3372,status,141,13,3,137,4,0,0,0,0,2017-11-29 01:18:00,2017,11,Wednesday,2,1.3
3373,photo,167,63,8,167,0,0,0,0,0,2017-11-28 23:33:00,2017,11,Tuesday,1,23.55
3374,photo,40,2,2,39,0,1,0,0,0,2017-11-28 12:26:00,2017,11,Tuesday,1,12.433333333333334
3375,photo,10,0,1,10,0,0,0,0,0,2017-11-28 11:57:00,2017,11,Tuesday,1,11.95
3376,photo,10,0,1,10,0,0,0,0,0,2017-11-28 11:55:00,2017,11,Tuesday,1,11.916666666666666
3377,photo,30,3,2,30,0,0,0,0,0,2017-11-28 11:52:00,2017,11,Tuesday,1,11.866666666666667
3378,photo,7,0,1,7,0,0,0,0,0,2017-11-28 04:25:00,2017,11,Tuesday,1,4.416666666666667
3379,photo,148,15,2,140,3,5,0,0,0,2017-11-27 23:49:00,2017,11,Monday,0,23.816666666666666
3380,link,10,0,0,10,0,0,0,0,0,2017-11-27 23:39:00,2017,11,Monday,0,23.65
3381,photo,83,0,3,78,4,1,0,0,0,2017-11-27 21:05:00,2017,11,Monday,0,21.083333333333332
3382,video,245,351,41,194,42,0,3,5,1,2017-11-27 04:48:00,2017,11,Monday,0,4.8
3383,photo,249,7,3,241,5,2,1,0,0,2017-11-27 02:00:00,2017,11,Monday,0,2.0
3384,photo,11,0,1,11,0,0,0,0,0,2017-11-27 01:00:00,2017,11,Monday,0,1.0
3385,video,265,708,33,190,70,1,4,0,0,2017-11-26 02:59:00,2017,11,Sunday,6,2.9833333333333334
3386,photo,3,0,1,3,0,0,0,0,0,2017-11-26 02:13:00,2017,11,Sunday,6,2.216666666666667
3387,photo,90,26,1,86,2,2,0,0,0,2017-11-26 02:12:00,2017,11,Sunday,6,2.2
3388,status,124,24,1,119,4,0,0,1,0,2017-11-26 00:44:00,2017,11,Sunday,6,0.7333333333333333
3389,video,326,970,63,260,62,2,2,0,0,2017-11-24 23:53:00,2017,11,Friday,4,23.883333333333333
3390,link,10,0,7,9,1,0,0,0,0,2017-11-24 23:34:00,2017,11,Friday,4,23.566666666666666
3391,photo,234,9,23,214,12,1,7,0,0,2017-11-24 22:11:00,2017,11,Friday,4,22.183333333333334
3392,video,274,605,45,213,53,2,4,2,0,2017-11-24 00:58:00,2017,11,Friday,4,0.9666666666666667
3393,photo,151,19,2,147,2,2,0,0,0,2017-11-23 22:58:00,2017,11,Thursday,3,22.966666666666665
3394,photo,8,2,1,8,0,0,0,0,0,2017-11-23 05:05:00,2017,11,Thursday,3,5.083333333333333
3395,photo,46,3,6,40,0,5,0,0,1,2017-11-23 04:03:00,2017,11,Thursday,3,4.05
3396,photo,42,2,1,41,1,0,0,0,0,2017-11-23 03:49:00,2017,11,Thursday,3,3.8166666666666664
3397,photo,76,5,1,74,1,1,0,0,0,2017-11-23 01:25:00,2017,11,Thursday,3,1.4166666666666667
3398,photo,28,6,1,27,0,1,0,0,0,2017-11-23 01:24:00,2017,11,Thursday,3,1.4
3399,video,299,955,88,235,59,1,4,0,0,2017-11-22 21:43:00,2017,11,Wednesday,2,21.716666666666665
3400,photo,91,12,1,87,3,1,0,0,0,2017-11-22 21:02:00,2017,11,Wednesday,2,21.033333333333335
3401,photo,12,3,1,9,2,0,0,1,0,2017-11-22 05:21:00,2017,11,Wednesday,2,5.35
3402,video,206,438,96,174,31,1,0,0,0,2017-11-22 00:44:00,2017,11,Wednesday,2,0.7333333333333333
3403,photo,40,2,0,40,0,0,0,0,0,2017-11-21 23:22:00,2017,11,Tuesday,1,23.366666666666667
3404,link,334,0,20,333,1,0,0,0,0,2017-11-21 04:00:00,2017,11,Tuesday,1,4.0
3405,photo,11,0,1,10,1,0,0,0,0,2017-11-21 03:05:00,2017,11,Tuesday,1,3.0833333333333335
3406,link,57,0,10,57,0,0,0,0,0,2017-11-21 00:53:00,2017,11,Tuesday,1,0.8833333333333333
3407,video,259,799,85,190,67,1,1,0,0,2017-11-20 22:08:00,2017,11,Monday,0,22.133333333333333
3408,photo,6,0,0,6,0,0,0,0,0,2017-11-20 03:18:00,2017,11,Monday,0,3.3
3409,video,300,965,72,234,64,0,2,0,0,2017-11-20 00:58:00,2017,11,Monday,0,0.9666666666666667
3410,photo,120,37,2,118,2,0,0,0,0,2017-11-20 00:00:00,2017,11,Monday,0,0.0
3411,photo,46,3,1,46,0,0,0,0,0,2017-11-19 23:16:00,2017,11,Sunday,6,23.266666666666666
3412,photo,18,1,0,18,0,0,0,0,0,2017-11-19 23:11:00,2017,11,Sunday,6,23.183333333333334
3413,photo,18,3,2,18,0,0,0,0,0,2017-11-19 23:07:00,2017,11,Sunday,6,23.116666666666667
3414,photo,36,3,2,36,0,0,0,0,0,2017-11-19 23:04:00,2017,11,Sunday,6,23.066666666666666
3415,photo,11,0,2,11,0,0,0,0,0,2017-11-19 23:01:00,2017,11,Sunday,6,23.016666666666666
3416,photo,25,0,1,25,0,0,0,0,0,2017-11-19 22:58:00,2017,11,Sunday,6,22.966666666666665
3417,photo,8,2,2,8,0,0,0,0,0,2017-11-19 22:53:00,2017,11,Sunday,6,22.883333333333333
3418,photo,17,0,1,17,0,0,0,0,0,2017-11-19 22:49:00,2017,11,Sunday,6,22.816666666666666
3419,photo,8,0,0,8,0,0,0,0,0,2017-11-19 22:47:00,2017,11,Sunday,6,22.783333333333335
3420,photo,14,0,1,14,0,0,0,0,0,2017-11-19 22:41:00,2017,11,Sunday,6,22.683333333333334
3421,photo,11,0,1,11,0,0,0,0,0,2017-11-19 22:39:00,2017,11,Sunday,6,22.65
3422,photo,10,0,1,10,0,0,0,0,0,2017-11-19 22:35:00,2017,11,Sunday,6,22.583333333333332
3423,photo,16,0,0,16,0,0,0,0,0,2017-11-19 22:32:00,2017,11,Sunday,6,22.533333333333335
3424,photo,47,1,0,45,2,0,0,0,0,2017-11-19 03:27:00,2017,11,Sunday,6,3.45
3425,photo,72,4,8,71,1,0,0,0,0,2017-11-19 02:22:00,2017,11,Sunday,6,2.3666666666666667
3426,video,230,622,81,193,35,1,1,0,0,2017-11-18 23:59:00,2017,11,Saturday,5,23.983333333333334
3427,photo,8,1,0,8,0,0,0,0,0,2017-11-18 23:50:00,2017,11,Saturday,5,23.833333333333332
3428,video,231,939,117,191,38,0,0,2,0,2017-11-18 04:01:00,2017,11,Saturday,5,4.016666666666667
3429,photo,103,23,0,100,3,0,0,0,0,2017-11-18 03:11:00,2017,11,Saturday,5,3.183333333333333
3430,photo,5,2,0,5,0,0,0,0,0,2017-11-18 01:15:00,2017,11,Saturday,5,1.25
3431,photo,21,4,0,21,0,0,0,0,0,2017-11-18 01:09:00,2017,11,Saturday,5,1.15
3432,photo,5,0,0,5,0,0,0,0,0,2017-11-17 03:23:00,2017,11,Friday,4,3.3833333333333333
3433,video,276,744,75,217,55,0,3,1,0,2017-11-16 23:41:00,2017,11,Thursday,3,23.683333333333334
3434,photo,18,1,0,17,1,0,0,0,0,2017-11-16 08:46:00,2017,11,Thursday,3,8.766666666666667
3435,photo,54,0,2,53,1,0,0,0,0,2017-11-16 06:44:00,2017,11,Thursday,3,6.733333333333333
3436,photo,5,2,0,5,0,0,0,0,0,2017-11-16 04:14:00,2017,11,Thursday,3,4.233333333333333
3437,video,301,1154,121,242,54,2,3,0,0,2017-11-16 01:01:00,2017,11,Thursday,3,1.0166666666666666
3438,photo,65,0,0,63,2,0,0,0,0,2017-11-15 22:41:00,2017,11,Wednesday,2,22.683333333333334
3439,photo,196,63,2,189,7,0,0,0,0,2017-11-15 21:12:00,2017,11,Wednesday,2,21.2
3440,photo,6,0,0,6,0,0,0,0,0,2017-11-15 00:21:00,2017,11,Wednesday,2,0.35
3441,photo,8,0,0,8,0,0,0,0,0,2017-11-14 02:46:00,2017,11,Tuesday,1,2.7666666666666666
3442,video,221,290,66,174,45,1,1,0,0,2017-11-14 00:11:00,2017,11,Tuesday,1,0.18333333333333332
3443,photo,4,0,0,4,0,0,0,0,0,2017-11-13 11:37:00,2017,11,Monday,0,11.616666666666667
3444,photo,118,13,4,110,7,1,0,0,0,2017-11-13 08:50:00,2017,11,Monday,0,8.833333333333334
3445,video,279,1034,95,216,61,0,1,0,1,2017-11-12 23:26:00,2017,11,Sunday,6,23.433333333333334
3446,photo,136,27,4,132,3,1,0,0,0,2017-11-12 22:48:00,2017,11,Sunday,6,22.8
3447,photo,97,1,67,94,0,3,0,0,0,2017-11-12 04:59:00,2017,11,Sunday,6,4.983333333333333
3448,photo,10,0,0,10,0,0,0,0,0,2017-11-12 01:22:00,2017,11,Sunday,6,1.3666666666666667
3449,photo,8,1,0,8,0,0,0,0,0,2017-11-11 02:28:00,2017,11,Saturday,5,2.466666666666667
3450,photo,72,4,3,72,0,0,0,0,0,2017-11-10 07:28:00,2017,11,Friday,4,7.466666666666667
3451,photo,5,1,0,5,0,0,0,0,0,2017-11-10 00:13:00,2017,11,Friday,4,0.21666666666666667
3452,video,347,2025,200,284,58,0,4,0,1,2017-11-09 01:44:00,2017,11,Thursday,3,1.7333333333333334
3453,photo,7,0,2,7,0,0,0,0,0,2017-11-09 00:39:00,2017,11,Thursday,3,0.65
3454,photo,113,45,2,110,1,1,0,1,0,2017-11-08 22:22:00,2017,11,Wednesday,2,22.366666666666667
3455,photo,37,2,3,35,1,1,0,0,0,2017-11-08 08:08:00,2017,11,Wednesday,2,8.133333333333333
3456,photo,17,0,1,15,1,1,0,0,0,2017-11-08 08:04:00,2017,11,Wednesday,2,8.066666666666666
3457,photo,6,0,1,6,0,0,0,0,0,2017-11-08 04:11:00,2017,11,Wednesday,2,4.183333333333334
3458,photo,61,11,0,58,1,2,0,0,0,2017-11-08 00:57:00,2017,11,Wednesday,2,0.95
3459,link,50,0,3,48,1,1,0,0,0,2017-11-07 09:09:00,2017,11,Tuesday,1,9.15
3460,photo,25,7,0,25,0,0,0,0,0,2017-11-07 04:16:00,2017,11,Tuesday,1,4.266666666666667
3461,photo,6,4,0,6,0,0,0,0,0,2017-11-07 02:11:00,2017,11,Tuesday,1,2.183333333333333
3462,video,265,637,63,218,46,0,0,1,0,2017-11-07 01:24:00,2017,11,Tuesday,1,1.4
3463,photo,419,233,6,403,6,10,0,0,0,2017-11-07 00:02:00,2017,11,Tuesday,1,0.03333333333333333
3464,photo,66,5,1,65,1,0,0,0,0,2017-11-06 07:54:00,2017,11,Monday,0,7.9
3465,photo,12,2,0,12,0,0,0,0,0,2017-11-06 07:46:00,2017,11,Monday,0,7.766666666666667
3466,photo,4,1,0,4,0,0,0,0,0,2017-11-05 23:27:00,2017,11,Sunday,6,23.45
3467,photo,57,5,1,56,1,0,0,0,0,2017-11-05 09:03:00,2017,11,Sunday,6,9.05
3468,photo,46,5,0,45,0,1,0,0,0,2017-11-05 09:02:00,2017,11,Sunday,6,9.033333333333333
3469,photo,7,1,0,6,1,0,0,0,0,2017-11-05 02:39:00,2017,11,Sunday,6,2.65
3470,video,264,1044,51,224,36,2,2,0,0,2017-11-05 01:09:00,2017,11,Sunday,6,1.15
3471,photo,8,1,0,8,0,0,0,0,0,2017-11-04 04:20:00,2017,11,Saturday,5,4.333333333333333
3472,photo,38,6,0,38,0,0,0,0,0,2017-11-03 22:46:00,2017,11,Friday,4,22.766666666666666
3473,photo,186,3,0,179,4,3,0,0,0,2017-11-03 20:55:00,2017,11,Friday,4,20.916666666666668
3474,video,235,593,45,196,36,3,0,0,0,2017-11-03 05:26:00,2017,11,Friday,4,5.433333333333334
3475,status,50,6,0,48,2,0,0,0,0,2017-11-03 05:08:00,2017,11,Friday,4,5.133333333333334
3476,photo,5,0,0,5,0,0,0,0,0,2017-11-03 02:48:00,2017,11,Friday,4,2.8
3477,photo,70,2,1,66,3,1,0,0,0,2017-11-03 01:17:00,2017,11,Friday,4,1.2833333333333332
3478,photo,168,40,2,162,5,1,0,0,0,2017-11-02 05:06:00,2017,11,Thursday,3,5.1
3479,photo,29,0,1,28,1,0,0,0,0,2017-11-02 04:58:00,2017,11,Thursday,3,4.966666666666667
3480,photo,28,4,1,28,0,0,0,0,0,2017-11-02 04:55:00,2017,11,Thursday,3,4.916666666666667
3481,photo,9,0,0,9,0,0,0,0,0,2017-11-02 01:42:00,2017,11,Thursday,3,1.7
3482,photo,82,3,0,81,1,0,0,0,0,2017-11-01 21:39:00,2017,11,Wednesday,2,21.65
3483,photo,175,7,1,167,4,4,0,0,0,2017-11-01 09:32:00,2017,11,Wednesday,2,9.533333333333333
3484,photo,13,3,1,12,0,0,0,1,0,2017-11-01 01:31:00,2017,11,Wednesday,2,1.5166666666666666
3485,video,329,1372,69,239,82,2,5,1,0,2017-11-01 01:25:00,2017,11,Wednesday,2,1.4166666666666667
3486,photo,169,16,1,163,3,3,0,0,0,2017-10-31 22:31:00,2017,10,Tuesday,1,22.516666666666666
3487,photo,200,6,0,187,8,4,1,0,0,2017-10-31 06:16:00,2017,10,Tuesday,1,6.266666666666667
3488,video,264,959,140,214,46,1,2,1,0,2017-10-31 00:42:00,2017,10,Tuesday,1,0.7
3489,photo,7,1,0,7,0,0,0,0,0,2017-10-31 00:16:00,2017,10,Tuesday,1,0.26666666666666666
3490,photo,24,0,2,24,0,0,0,0,0,2017-10-30 22:21:00,2017,10,Monday,0,22.35
3491,link,20,0,3,20,0,0,0,0,0,2017-10-30 22:06:00,2017,10,Monday,0,22.1
3492,photo,19,0,0,19,0,0,0,0,0,2017-10-30 22:02:00,2017,10,Monday,0,22.033333333333335
3493,photo,33,8,0,33,0,0,0,0,0,2017-10-30 08:19:00,2017,10,Monday,0,8.316666666666666
3494,photo,22,5,0,21,1,0,0,0,0,2017-10-30 08:16:00,2017,10,Monday,0,8.266666666666667
3495,status,122,20,0,118,2,0,0,2,0,2017-10-30 04:19:00,2017,10,Monday,0,4.316666666666666
3496,photo,5,3,0,5,0,0,0,0,0,2017-10-30 00:42:00,2017,10,Monday,0,0.7
3497,photo,474,5,0,453,20,1,0,0,0,2017-10-29 06:01:00,2017,10,Sunday,6,6.016666666666667
3498,video,482,1278,176,351,124,2,5,0,0,2017-10-28 22:53:00,2017,10,Saturday,5,22.883333333333333
3499,photo,61,5,2,60,1,0,0,0,0,2017-10-28 20:14:00,2017,10,Saturday,5,20.233333333333334
3500,photo,5,4,0,5,0,0,0,0,0,2017-10-28 00:56:00,2017,10,Saturday,5,0.9333333333333333
3501,video,406,1156,139,310,94,1,0,1,0,2017-10-27 22:33:00,2017,10,Friday,4,22.55
3502,link,53,0,10,51,2,0,0,0,0,2017-10-27 10:13:00,2017,10,Friday,4,10.216666666666667
3503,video,413,1418,131,308,93,3,5,1,3,2017-10-27 01:12:00,2017,10,Friday,4,1.2
3504,status,50,0,0,50,0,0,0,0,0,2017-10-27 00:27:00,2017,10,Friday,4,0.45
3505,photo,6,0,0,6,0,0,0,0,0,2017-10-26 23:48:00,2017,10,Thursday,3,23.8
3506,photo,216,15,2,214,2,0,0,0,0,2017-10-26 22:58:00,2017,10,Thursday,3,22.966666666666665
3507,photo,8,2,0,8,0,0,0,0,0,2017-10-25 09:28:00,2017,10,Wednesday,2,9.466666666666667
3508,photo,568,11,0,554,14,0,0,0,0,2017-10-25 05:52:00,2017,10,Wednesday,2,5.866666666666667
3509,photo,8,0,0,8,0,0,0,0,0,2017-10-24 03:05:00,2017,10,Tuesday,1,3.0833333333333335
3510,photo,3,0,0,3,0,0,0,0,0,2017-10-23 04:35:00,2017,10,Monday,0,4.583333333333333
3511,photo,73,3,0,72,1,0,0,0,0,2017-10-23 02:56:00,2017,10,Monday,0,2.9333333333333336
3512,video,249,481,24,225,19,2,3,0,0,2017-10-23 02:19:00,2017,10,Monday,0,2.3166666666666664
3513,video,294,994,106,235,55,1,3,0,0,2017-10-22 23:09:00,2017,10,Sunday,6,23.15
3514,photo,232,4,3,224,7,1,0,0,0,2017-10-22 07:54:00,2017,10,Sunday,6,7.9
3515,photo,219,8,0,215,3,1,0,0,0,2017-10-22 07:46:00,2017,10,Sunday,6,7.766666666666667
3516,photo,6,0,0,6,0,0,0,0,0,2017-10-22 02:19:00,2017,10,Sunday,6,2.3166666666666664
3517,photo,8,0,0,8,0,0,0,0,0,2017-10-21 02:28:00,2017,10,Saturday,5,2.466666666666667
3518,video,450,1346,192,312,124,5,6,1,2,2017-10-20 22:35:00,2017,10,Friday,4,22.583333333333332
3519,photo,6,0,1,6,0,0,0,0,0,2017-10-20 05:02:00,2017,10,Friday,4,5.033333333333333
3520,video,303,764,70,234,62,1,3,2,1,2017-10-20 00:13:00,2017,10,Friday,4,0.21666666666666667
3521,photo,7,2,0,7,0,0,0,0,0,2017-10-19 05:53:00,2017,10,Thursday,3,5.883333333333333
3522,video,307,593,72,259,43,4,1,0,0,2017-10-19 00:36:00,2017,10,Thursday,3,0.6
3523,video,26,0,0,26,0,0,0,0,0,2017-10-18 07:51:00,2017,10,Wednesday,2,7.85
3524,video,384,1789,210,280,92,2,6,1,3,2017-10-18 06:21:00,2017,10,Wednesday,2,6.35
3525,photo,14,0,0,14,0,0,0,0,0,2017-10-18 01:50:00,2017,10,Wednesday,2,1.8333333333333335
3526,photo,222,16,3,204,11,7,0,0,0,2017-10-17 23:51:00,2017,10,Tuesday,1,23.85
3527,photo,154,14,0,150,3,1,0,0,0,2017-10-17 19:02:00,2017,10,Tuesday,1,19.033333333333335
3528,photo,14,0,0,11,0,0,0,3,0,2017-10-17 01:59:00,2017,10,Tuesday,1,1.9833333333333334
3529,video,378,1053,142,267,102,6,2,1,0,2017-10-16 22:08:00,2017,10,Monday,0,22.133333333333333
3530,video,750,5839,477,580,145,8,3,10,4,2017-10-15 23:49:00,2017,10,Sunday,6,23.816666666666666
3531,photo,13,0,0,13,0,0,0,0,0,2017-10-15 23:41:00,2017,10,Sunday,6,23.683333333333334
3532,video,333,982,93,240,88,1,3,1,0,2017-10-14 07:19:00,2017,10,Saturday,5,7.316666666666666
3533,status,193,182,12,183,10,0,0,0,0,2017-10-14 01:13:00,2017,10,Saturday,5,1.2166666666666668
3534,photo,5,0,0,5,0,0,0,0,0,2017-10-14 01:07:00,2017,10,Saturday,5,1.1166666666666667
3535,video,397,1250,85,289,98,3,5,1,1,2017-10-13 04:48:00,2017,10,Friday,4,4.8
3536,photo,10,0,0,10,0,0,0,0,0,2017-10-13 02:20:00,2017,10,Friday,4,2.3333333333333335
3537,photo,3,0,0,3,0,0,0,0,0,2017-10-13 02:19:00,2017,10,Friday,4,2.3166666666666664
3538,video,300,633,55,263,37,0,0,0,0,2017-10-11 23:16:00,2017,10,Wednesday,2,23.266666666666666
3539,video,257,799,64,214,41,0,2,0,0,2017-10-11 00:39:00,2017,10,Wednesday,2,0.65
3540,photo,11,0,0,11,0,0,0,0,0,2017-10-11 00:37:00,2017,10,Wednesday,2,0.6166666666666667
3541,photo,31,2,1,31,0,0,0,0,0,2017-10-09 23:51:00,2017,10,Monday,0,23.85
3542,photo,7,1,1,7,0,0,0,0,0,2017-10-09 23:46:00,2017,10,Monday,0,23.766666666666666
3543,video,285,866,53,221,62,0,2,0,0,2017-10-09 01:01:00,2017,10,Monday,0,1.0166666666666666
3544,photo,91,5,1,91,0,0,0,0,0,2017-10-08 23:03:00,2017,10,Sunday,6,23.05
3545,photo,57,3,1,57,0,0,0,0,0,2017-10-08 23:02:00,2017,10,Sunday,6,23.033333333333335
3546,photo,3,0,0,3,0,0,0,0,0,2017-10-08 22:54:00,2017,10,Sunday,6,22.9
3547,photo,7,0,0,7,0,0,0,0,0,2017-10-08 00:24:00,2017,10,Sunday,6,0.4
3548,photo,95,3,0,93,1,1,0,0,0,2017-10-07 20:24:00,2017,10,Saturday,5,20.4
3549,photo,9,0,0,9,0,0,0,0,0,2017-10-07 05:57:00,2017,10,Saturday,5,5.95
3550,video,328,662,62,222,104,0,1,1,0,2017-10-07 00:56:00,2017,10,Saturday,5,0.9333333333333333
3551,photo,557,27,2,517,36,3,1,0,0,2017-10-06 23:06:00,2017,10,Friday,4,23.1
3552,photo,11,0,0,11,0,0,0,0,0,2017-10-06 01:04:00,2017,10,Friday,4,1.0666666666666667
3553,video,228,507,42,184,40,1,2,0,1,2017-10-05 23:42:00,2017,10,Thursday,3,23.7
3554,photo,15,10,0,14,1,0,0,0,0,2017-10-05 09:02:00,2017,10,Thursday,3,9.033333333333333
3555,video,187,315,39,168,19,0,0,0,0,2017-10-05 00:18:00,2017,10,Thursday,3,0.3
3556,photo,74,1,0,71,3,0,0,0,0,2017-10-04 07:47:00,2017,10,Wednesday,2,7.783333333333333
3557,photo,5,0,0,5,0,0,0,0,0,2017-10-04 03:19:00,2017,10,Wednesday,2,3.3166666666666664
3558,video,240,769,37,209,28,2,1,0,0,2017-10-03 23:28:00,2017,10,Tuesday,1,23.466666666666665
3559,photo,70,2,0,69,0,1,0,0,0,2017-10-03 22:55:00,2017,10,Tuesday,1,22.916666666666668
3560,photo,54,2,1,52,0,2,0,0,0,2017-10-03 22:53:00,2017,10,Tuesday,1,22.883333333333333
3561,video,194,645,28,158,35,1,0,0,0,2017-10-03 02:32:00,2017,10,Tuesday,1,2.533333333333333
3562,photo,7,0,0,7,0,0,0,0,0,2017-10-03 01:07:00,2017,10,Tuesday,1,1.1166666666666667
3563,photo,38,0,7,38,0,0,0,0,0,2017-10-03 00:23:00,2017,10,Tuesday,1,0.38333333333333336
3564,photo,130,12,0,128,2,0,0,0,0,2017-10-02 11:45:00,2017,10,Monday,0,11.75
3565,photo,4,1,0,4,0,0,0,0,0,2017-10-02 02:06:00,2017,10,Monday,0,2.1
3566,video,211,677,23,172,38,0,1,0,0,2017-10-01 23:25:00,2017,10,Sunday,6,23.416666666666668
3567,video,253,841,41,211,39,2,1,0,0,2017-09-30 23:25:00,2017,9,Saturday,5,23.416666666666668
3568,video,229,803,36,195,31,0,3,0,0,2017-09-29 23:16:00,2017,9,Friday,4,23.266666666666666
3569,photo,59,12,1,57,1,1,0,0,0,2017-09-29 22:22:00,2017,9,Friday,4,22.366666666666667
3570,photo,12,1,0,12,0,0,0,0,0,2017-09-29 22:17:00,2017,9,Friday,4,22.283333333333335
3571,photo,37,3,0,37,0,0,0,0,0,2017-09-29 22:11:00,2017,9,Friday,4,22.183333333333334
3572,photo,69,5,0,69,0,0,0,0,0,2017-09-29 22:04:00,2017,9,Friday,4,22.066666666666666
3573,photo,33,3,0,33,0,0,0,0,0,2017-09-29 07:20:00,2017,9,Friday,4,7.333333333333333
3574,photo,20,0,0,20,0,0,0,0,0,2017-09-29 07:15:00,2017,9,Friday,4,7.25
3575,photo,8,3,1,8,0,0,0,0,0,2017-09-29 07:07:00,2017,9,Friday,4,7.116666666666666
3576,photo,20,3,0,20,0,0,0,0,0,2017-09-29 07:02:00,2017,9,Friday,4,7.033333333333333
3577,photo,12,0,0,12,0,0,0,0,0,2017-09-29 07:00:00,2017,9,Friday,4,7.0
3578,video,214,778,56,181,29,1,2,0,1,2017-09-28 22:44:00,2017,9,Thursday,3,22.733333333333334
3579,photo,407,58,0,392,15,0,0,0,0,2017-09-27 00:22:00,2017,9,Wednesday,2,0.36666666666666664
3580,photo,36,1,1,35,1,0,0,0,0,2017-09-25 23:07:00,2017,9,Monday,0,23.116666666666667
3581,photo,19,3,0,18,1,0,0,0,0,2017-09-25 23:01:00,2017,9,Monday,0,23.016666666666666
3582,photo,14,4,0,14,0,0,0,0,0,2017-09-25 22:59:00,2017,9,Monday,0,22.983333333333334
3583,photo,11,0,0,11,0,0,0,0,0,2017-09-25 22:54:00,2017,9,Monday,0,22.9
3584,photo,8,1,0,8,0,0,0,0,0,2017-09-25 22:52:00,2017,9,Monday,0,22.866666666666667
3585,photo,14,0,1,13,1,0,0,0,0,2017-09-25 22:46:00,2017,9,Monday,0,22.766666666666666
3586,photo,69,9,0,68,1,0,0,0,0,2017-09-25 22:43:00,2017,9,Monday,0,22.716666666666665
3587,photo,55,2,0,53,2,0,0,0,0,2017-09-25 22:20:00,2017,9,Monday,0,22.333333333333332
3588,video,247,606,26,191,54,0,1,0,1,2017-09-24 23:50:00,2017,9,Sunday,6,23.833333333333332
3589,video,278,860,56,230,44,3,0,1,0,2017-09-24 00:25:00,2017,9,Sunday,6,0.4166666666666667
3590,photo,16,2,0,16,0,0,0,0,0,2017-09-22 08:56:00,2017,9,Friday,4,8.933333333333334
3591,photo,30,3,0,29,1,0,0,0,0,2017-09-22 08:52:00,2017,9,Friday,4,8.866666666666667
3592,photo,86,9,1,80,2,4,0,0,0,2017-09-22 08:50:00,2017,9,Friday,4,8.833333333333334
3593,photo,31,2,0,31,0,0,0,0,0,2017-09-22 08:45:00,2017,9,Friday,4,8.75
3594,photo,10,1,0,10,0,0,0,0,0,2017-09-22 08:40:00,2017,9,Friday,4,8.666666666666666
3595,video,206,464,64,172,33,0,1,0,0,2017-09-22 00:35:00,2017,9,Friday,4,0.5833333333333334
3596,photo,391,4,0,387,4,0,0,0,0,2017-09-21 02:24:00,2017,9,Thursday,3,2.4
3597,photo,54,1,0,53,1,0,0,0,0,2017-09-19 03:13:00,2017,9,Tuesday,1,3.216666666666667
3598,video,279,570,88,235,41,1,2,0,0,2017-09-18 05:51:00,2017,9,Monday,0,5.85
3599,photo,85,0,0,83,2,0,0,0,0,2017-09-18 03:45:00,2017,9,Monday,0,3.75
3600,status,39,3,0,38,1,0,0,0,0,2017-09-18 00:39:00,2017,9,Monday,0,0.65
3601,photo,41,0,0,40,1,0,0,0,0,2017-09-17 07:55:00,2017,9,Sunday,6,7.916666666666667
3602,video,358,1037,100,296,55,3,2,1,1,2017-09-16 22:57:00,2017,9,Saturday,5,22.95
3603,photo,92,9,0,92,0,0,0,0,0,2017-09-16 08:00:00,2017,9,Saturday,5,8.0
3604,photo,25,2,0,25,0,0,0,0,0,2017-09-16 07:57:00,2017,9,Saturday,5,7.95
3605,photo,32,3,0,32,0,0,0,0,0,2017-09-16 07:55:00,2017,9,Saturday,5,7.916666666666667
3606,video,249,784,119,197,51,1,0,0,0,2017-09-16 03:34:00,2017,9,Saturday,5,3.5666666666666664
3607,photo,64,1,0,62,2,0,0,0,0,2017-09-15 23:48:00,2017,9,Friday,4,23.8
3608,video,126,969,79,75,49,0,2,0,0,2017-09-15 01:21:00,2017,9,Friday,4,1.35
3609,status,95,30,0,91,2,2,0,0,0,2017-09-14 23:04:00,2017,9,Thursday,3,23.066666666666666
3610,photo,75,6,3,75,0,0,0,0,0,2017-09-14 21:59:00,2017,9,Thursday,3,21.983333333333334
3611,photo,144,11,0,137,2,4,1,0,0,2017-09-13 11:20:00,2017,9,Wednesday,2,11.333333333333334
3612,photo,99,5,0,92,1,5,1,0,0,2017-09-12 19:39:00,2017,9,Tuesday,1,19.65
3613,video,378,931,95,320,53,1,2,1,1,2017-09-11 22:52:00,2017,9,Monday,0,22.866666666666667
3614,video,284,562,93,249,32,1,2,0,0,2017-09-09 22:43:00,2017,9,Saturday,5,22.716666666666665
3615,video,509,1776,138,381,123,4,1,0,0,2017-09-08 23:43:00,2017,9,Friday,4,23.716666666666665
3616,photo,164,3,3,159,2,2,1,0,0,2017-09-08 01:37:00,2017,9,Friday,4,1.6166666666666667
3617,photo,25,9,0,24,0,0,0,1,0,2017-09-07 10:47:00,2017,9,Thursday,3,10.783333333333333
3618,photo,92,5,0,89,0,3,0,0,0,2017-09-07 02:24:00,2017,9,Thursday,3,2.4
3619,photo,108,10,1,106,1,0,0,1,0,2017-09-05 08:40:00,2017,9,Tuesday,1,8.666666666666666
3620,photo,144,8,0,135,4,5,0,0,0,2017-09-04 12:13:00,2017,9,Monday,0,12.216666666666667
3621,video,20,0,0,18,0,2,0,0,0,2017-09-04 10:26:00,2017,9,Monday,0,10.433333333333334
3622,photo,30,0,0,30,0,0,0,0,0,2017-09-04 02:36:00,2017,9,Monday,0,2.6
3623,photo,69,0,1,67,1,1,0,0,0,2017-09-04 02:31:00,2017,9,Monday,0,2.5166666666666666
3624,video,87,217,28,73,14,0,0,0,0,2017-08-31 22:46:00,2017,8,Thursday,3,22.766666666666666
3625,photo,26,0,0,26,0,0,0,0,0,2017-08-31 07:40:00,2017,8,Thursday,3,7.666666666666667
3626,photo,7,0,0,7,0,0,0,0,0,2017-08-31 04:22:00,2017,8,Thursday,3,4.366666666666666
3627,video,131,566,43,107,18,1,4,1,0,2017-08-29 22:40:00,2017,8,Tuesday,1,22.666666666666668
3628,photo,22,1,0,22,0,0,0,0,0,2017-08-29 06:30:00,2017,8,Tuesday,1,6.5
3629,photo,113,7,0,112,0,1,0,0,0,2017-08-29 06:00:00,2017,8,Tuesday,1,6.0
3630,video,100,280,58,83,17,0,0,0,0,2017-08-27 22:06:00,2017,8,Sunday,6,22.1
3631,photo,40,0,1,39,1,0,0,0,0,2017-08-27 09:16:00,2017,8,Sunday,6,9.266666666666667
3632,status,13,0,0,12,1,0,0,0,0,2017-08-26 22:28:00,2017,8,Saturday,5,22.466666666666665
3633,photo,100,4,0,94,3,3,0,0,0,2017-08-26 21:09:00,2017,8,Saturday,5,21.15
3634,photo,64,7,0,61,2,1,0,0,0,2017-08-26 09:41:00,2017,8,Saturday,5,9.683333333333334
3635,video,142,683,49,118,21,0,1,1,1,2017-08-25 23:04:00,2017,8,Friday,4,23.066666666666666
3636,video,150,559,38,133,16,1,0,0,0,2017-08-24 23:24:00,2017,8,Thursday,3,23.4
3637,photo,37,0,0,34,1,1,0,1,0,2017-08-24 01:31:00,2017,8,Thursday,3,1.5166666666666666
3638,video,139,627,53,123,14,1,1,0,0,2017-08-23 22:19:00,2017,8,Wednesday,2,22.316666666666666
3639,photo,11,2,0,10,0,1,0,0,0,2017-08-23 10:56:00,2017,8,Wednesday,2,10.933333333333334
3640,photo,4,0,0,3,0,1,0,0,0,2017-08-23 10:56:00,2017,8,Wednesday,2,10.933333333333334
3641,photo,16,1,0,15,0,1,0,0,0,2017-08-23 10:42:00,2017,8,Wednesday,2,10.7
3642,photo,5,0,0,5,0,0,0,0,0,2017-08-23 10:38:00,2017,8,Wednesday,2,10.633333333333333
3643,video,100,382,41,82,16,1,1,0,0,2017-08-22 22:08:00,2017,8,Tuesday,1,22.133333333333333
3644,video,68,240,20,53,14,0,1,0,0,2017-08-22 05:36:00,2017,8,Tuesday,1,5.6
3645,video,61,257,19,51,9,0,1,0,0,2017-08-20 22:55:00,2017,8,Sunday,6,22.916666666666668
3646,photo,21,0,0,21,0,0,0,0,0,2017-08-20 22:09:00,2017,8,Sunday,6,22.15
3647,photo,9,1,2,9,0,0,0,0,0,2017-08-20 09:37:00,2017,8,Sunday,6,9.616666666666667
3648,photo,12,0,1,12,0,0,0,0,0,2017-08-20 09:34:00,2017,8,Sunday,6,9.566666666666666
3649,video,130,175,30,107,16,2,2,1,2,2017-08-19 09:06:00,2017,8,Saturday,5,9.1
3650,video,51,81,18,47,3,0,0,0,1,2017-08-19 08:04:00,2017,8,Saturday,5,8.066666666666666
3651,photo,43,3,1,40,2,1,0,0,0,2017-08-19 06:15:00,2017,8,Saturday,5,6.25
3652,video,49,183,74,43,4,0,0,1,1,2017-08-17 08:55:00,2017,8,Thursday,3,8.916666666666666
3653,video,19,82,4,18,1,0,0,0,0,2017-08-16 09:13:00,2017,8,Wednesday,2,9.216666666666667
3654,video,69,290,34,60,9,0,0,0,0,2017-08-16 07:59:00,2017,8,Wednesday,2,7.983333333333333
3655,photo,13,0,0,13,0,0,0,0,0,2017-08-16 07:23:00,2017,8,Wednesday,2,7.383333333333334
3656,video,51,126,7,45,6,0,0,0,0,2017-08-15 05:03:00,2017,8,Tuesday,1,5.05
3657,photo,19,3,1,19,0,0,0,0,0,2017-08-14 03:27:00,2017,8,Monday,0,3.45
3658,photo,13,4,0,12,1,0,0,0,0,2017-08-13 04:47:00,2017,8,Sunday,6,4.783333333333333
3659,video,19,35,1,19,0,0,0,0,0,2017-08-12 02:14:00,2017,8,Saturday,5,2.2333333333333334
3660,photo,11,1,0,11,0,0,0,0,0,2017-08-12 01:16:00,2017,8,Saturday,5,1.2666666666666666
3661,video,28,68,7,23,5,0,0,0,0,2017-08-11 02:53:00,2017,8,Friday,4,2.8833333333333333
3662,photo,10,2,0,10,0,0,0,0,0,2017-08-11 02:16:00,2017,8,Friday,4,2.2666666666666666
3663,photo,10,0,0,10,0,0,0,0,0,2017-08-09 05:53:00,2017,8,Wednesday,2,5.883333333333333
3664,photo,2,0,0,2,0,0,0,0,0,2017-08-09 02:11:00,2017,8,Wednesday,2,2.183333333333333
3665,photo,1,0,0,1,0,0,0,0,0,2017-08-09 02:11:00,2017,8,Wednesday,2,2.183333333333333
3666,photo,17,0,0,17,0,0,0,0,0,2017-08-08 10:23:00,2017,8,Tuesday,1,10.383333333333333
3667,video,33,130,5,25,6,1,1,0,0,2017-08-08 02:28:00,2017,8,Tuesday,1,2.466666666666667
3668,photo,20,0,0,20,0,0,0,0,0,2017-08-07 04:29:00,2017,8,Monday,0,4.483333333333333
3669,video,35,132,2,32,3,0,0,0,0,2017-08-07 00:41:00,2017,8,Monday,0,0.6833333333333333
3670,photo,29,7,0,29,0,0,0,0,0,2017-08-06 23:09:00,2017,8,Sunday,6,23.15
3671,video,12,2,0,12,0,0,0,0,0,2017-08-06 02:36:00,2017,8,Sunday,6,2.6
3672,photo,3,1,0,3,0,0,0,0,0,2017-08-06 01:35:00,2017,8,Sunday,6,1.5833333333333335
3673,photo,3,0,0,3,0,0,0,0,0,2017-08-06 01:30:00,2017,8,Sunday,6,1.5
3674,video,61,278,13,53,8,0,0,0,0,2017-08-05 04:43:00,2017,8,Saturday,5,4.716666666666667
3675,photo,12,3,0,12,0,0,0,0,0,2017-08-05 03:08:00,2017,8,Saturday,5,3.1333333333333333
3676,photo,0,0,0,0,0,0,0,0,0,2017-08-04 09:32:00,2017,8,Friday,4,9.533333333333333
3677,photo,2,0,0,2,0,0,0,0,0,2017-08-04 08:30:00,2017,8,Friday,4,8.5
3678,photo,1,0,0,1,0,0,0,0,0,2017-08-04 08:25:00,2017,8,Friday,4,8.416666666666666
3679,photo,3,0,0,3,0,0,0,0,0,2017-08-04 08:22:00,2017,8,Friday,4,8.366666666666667
3680,photo,2,0,0,2,0,0,0,0,0,2017-08-04 08:20:00,2017,8,Friday,4,8.333333333333334
3681,photo,1,0,0,1,0,0,0,0,0,2017-08-04 08:13:00,2017,8,Friday,4,8.216666666666667
3682,photo,0,0,0,0,0,0,0,0,0,2017-08-04 08:03:00,2017,8,Friday,4,8.05
3683,photo,2,0,1,2,0,0,0,0,0,2017-08-04 08:01:00,2017,8,Friday,4,8.016666666666667
3684,photo,0,0,0,0,0,0,0,0,0,2017-08-04 07:59:00,2017,8,Friday,4,7.983333333333333
3685,photo,2,1,0,2,0,0,0,0,0,2017-08-04 07:57:00,2017,8,Friday,4,7.95
3686,video,34,104,5,29,3,1,1,0,0,2017-08-04 01:22:00,2017,8,Friday,4,1.3666666666666667
3687,photo,23,4,0,23,0,0,0,0,0,2017-08-04 00:10:00,2017,8,Friday,4,0.16666666666666666
3688,photo,1,0,0,1,0,0,0,0,0,2017-08-03 23:53:00,2017,8,Thursday,3,23.883333333333333
3689,photo,3,3,0,3,0,0,0,0,0,2017-08-03 09:22:00,2017,8,Thursday,3,9.366666666666667
3690,photo,2,2,0,2,0,0,0,0,0,2017-08-03 09:22:00,2017,8,Thursday,3,9.366666666666667
3691,photo,12,0,0,11,1,0,0,0,0,2017-08-02 06:17:00,2017,8,Wednesday,2,6.283333333333333
3692,photo,9,0,0,8,1,0,0,0,0,2017-08-01 08:55:00,2017,8,Tuesday,1,8.916666666666666
3693,status,5,0,0,5,0,0,0,0,0,2017-08-01 04:01:00,2017,8,Tuesday,1,4.016666666666667
3694,video,54,236,17,43,10,1,0,0,0,2017-08-01 03:01:00,2017,8,Tuesday,1,3.0166666666666666
3695,photo,31,14,2,31,0,0,0,0,0,2017-08-01 01:47:00,2017,8,Tuesday,1,1.7833333333333332
3696,video,4,0,0,3,1,0,0,0,0,2017-07-31 05:48:00,2017,7,Monday,0,5.8
3697,video,30,182,17,20,10,0,0,0,0,2017-07-31 05:12:00,2017,7,Monday,0,5.2
3698,photo,22,4,0,22,0,0,0,0,0,2017-07-31 04:49:00,2017,7,Monday,0,4.816666666666666
3699,photo,20,2,0,20,0,0,0,0,0,2017-07-30 00:43:00,2017,7,Sunday,6,0.7166666666666667
3700,photo,4,0,0,4,0,0,0,0,0,2017-07-29 08:56:00,2017,7,Saturday,5,8.933333333333334
3701,photo,48,3,0,44,3,0,0,0,1,2017-07-29 05:39:00,2017,7,Saturday,5,5.65
3702,photo,3,0,0,3,0,0,0,0,0,2017-07-28 08:07:00,2017,7,Friday,4,8.116666666666667
3703,photo,21,0,0,20,1,0,0,0,0,2017-07-28 07:58:00,2017,7,Friday,4,7.966666666666667
3704,video,39,237,16,34,5,0,0,0,0,2017-07-28 05:23:00,2017,7,Friday,4,5.383333333333334
3705,photo,26,8,0,26,0,0,0,0,0,2017-07-28 04:06:00,2017,7,Friday,4,4.1
3706,photo,12,2,0,12,0,0,0,0,0,2017-07-28 03:47:00,2017,7,Friday,4,3.783333333333333
3707,photo,0,0,0,0,0,0,0,0,0,2017-07-27 08:19:00,2017,7,Thursday,3,8.316666666666666
3708,video,30,197,4,24,6,0,0,0,0,2017-07-27 04:32:00,2017,7,Thursday,3,4.533333333333333
3709,status,3,0,0,3,0,0,0,0,0,2017-07-27 04:26:00,2017,7,Thursday,3,4.433333333333334
3710,photo,44,11,0,44,0,0,0,0,0,2017-07-27 03:04:00,2017,7,Thursday,3,3.066666666666667
3711,photo,64,32,1,64,0,0,0,0,0,2017-07-27 00:51:00,2017,7,Thursday,3,0.85
3712,photo,3,0,0,3,0,0,0,0,0,2017-07-26 09:37:00,2017,7,Wednesday,2,9.616666666666667
3713,photo,3,0,0,3,0,0,0,0,0,2017-07-25 09:00:00,2017,7,Tuesday,1,9.0
3714,photo,17,0,0,17,0,0,0,0,0,2017-07-25 07:04:00,2017,7,Tuesday,1,7.066666666666666
3715,video,72,252,30,61,11,0,0,0,0,2017-07-24 04:04:00,2017,7,Monday,0,4.066666666666666
3716,photo,21,4,0,20,1,0,0,0,0,2017-07-24 01:55:00,2017,7,Monday,0,1.9166666666666665
3717,photo,8,0,0,6,1,1,0,0,0,2017-07-24 00:45:00,2017,7,Monday,0,0.75
3718,photo,336,4,18,333,2,1,0,0,0,2017-07-24 00:16:00,2017,7,Monday,0,0.26666666666666666
3719,photo,6,0,0,6,0,0,0,0,0,2017-07-23 06:07:00,2017,7,Sunday,6,6.116666666666666
3720,photo,2,0,0,2,0,0,0,0,0,2017-07-23 06:02:00,2017,7,Sunday,6,6.033333333333333
3721,photo,2,0,0,2,0,0,0,0,0,2017-07-23 05:59:00,2017,7,Sunday,6,5.983333333333333
3722,photo,4,0,0,4,0,0,0,0,0,2017-07-23 04:01:00,2017,7,Sunday,6,4.016666666666667
3723,photo,12,0,0,12,0,0,0,0,0,2017-07-23 03:18:00,2017,7,Sunday,6,3.3
3724,video,7,3,1,7,0,0,0,0,0,2017-07-23 03:11:00,2017,7,Sunday,6,3.183333333333333
3725,photo,2,0,0,2,0,0,0,0,0,2017-07-22 03:49:00,2017,7,Saturday,5,3.8166666666666664
3726,photo,4,0,0,4,0,0,0,0,0,2017-07-22 03:19:00,2017,7,Saturday,5,3.3166666666666664
3727,photo,0,0,0,0,0,0,0,0,0,2017-07-20 11:03:00,2017,7,Thursday,3,11.05
3728,photo,5,0,0,5,0,0,0,0,0,2017-07-20 10:50:00,2017,7,Thursday,3,10.833333333333334
3729,photo,0,0,0,0,0,0,0,0,0,2017-07-20 03:15:00,2017,7,Thursday,3,3.25
3730,photo,2,0,0,2,0,0,0,0,0,2017-07-19 08:48:00,2017,7,Wednesday,2,8.8
3731,photo,8,0,0,8,0,0,0,0,0,2017-07-18 06:24:00,2017,7,Tuesday,1,6.4
3732,photo,2,0,0,2,0,0,0,0,0,2017-07-18 04:22:00,2017,7,Tuesday,1,4.366666666666666
3733,photo,7,0,0,7,0,0,0,0,0,2017-07-18 00:10:00,2017,7,Tuesday,1,0.16666666666666666
3734,photo,5,0,0,5,0,0,0,0,0,2017-07-17 23:50:00,2017,7,Monday,0,23.833333333333332
3735,photo,5,0,1,5,0,0,0,0,0,2017-07-17 23:30:00,2017,7,Monday,0,23.5
3736,photo,0,0,0,0,0,0,0,0,0,2017-07-17 08:38:00,2017,7,Monday,0,8.633333333333333
3737,photo,1,0,0,1,0,0,0,0,0,2017-07-17 07:13:00,2017,7,Monday,0,7.216666666666667
3738,photo,0,0,0,0,0,0,0,0,0,2017-07-17 07:11:00,2017,7,Monday,0,7.183333333333334
3739,photo,0,0,0,0,0,0,0,0,0,2017-07-17 07:11:00,2017,7,Monday,0,7.183333333333334
3740,photo,4,0,0,4,0,0,0,0,0,2017-07-17 06:47:00,2017,7,Monday,0,6.783333333333333
3741,photo,1,0,0,1,0,0,0,0,0,2017-07-17 06:42:00,2017,7,Monday,0,6.7
3742,photo,2,0,0,2,0,0,0,0,0,2017-07-17 06:33:00,2017,7,Monday,0,6.55
3743,photo,5,0,0,5,0,0,0,0,0,2017-07-17 03:25:00,2017,7,Monday,0,3.4166666666666665
3744,photo,3,0,0,3,0,0,0,0,0,2017-07-17 02:47:00,2017,7,Monday,0,2.783333333333333
3745,photo,1,0,0,1,0,0,0,0,0,2017-07-17 02:45:00,2017,7,Monday,0,2.75
3746,photo,2,0,0,2,0,0,0,0,0,2017-07-17 02:10:00,2017,7,Monday,0,2.1666666666666665
3747,photo,626,3,88,601,3,0,22,0,0,2017-07-17 00:50:00,2017,7,Monday,0,0.8333333333333334
3748,status,4,0,0,4,0,0,0,0,0,2017-07-17 00:27:00,2017,7,Monday,0,0.45
3749,photo,12,0,3,12,0,0,0,0,0,2017-07-15 04:20:00,2017,7,Saturday,5,4.333333333333333
3750,photo,8,0,0,8,0,0,0,0,0,2017-07-14 02:19:00,2017,7,Friday,4,2.3166666666666664
3751,photo,0,0,0,0,0,0,0,0,0,2017-07-13 09:24:00,2017,7,Thursday,3,9.4
3752,photo,2,0,0,2,0,0,0,0,0,2017-07-13 09:13:00,2017,7,Thursday,3,9.216666666666667
3753,photo,1,0,0,1,0,0,0,0,0,2017-07-13 09:11:00,2017,7,Thursday,3,9.183333333333334
3754,photo,7,0,0,7,0,0,0,0,0,2017-07-12 23:45:00,2017,7,Wednesday,2,23.75
3755,photo,1,0,0,1,0,0,0,0,0,2017-07-12 07:58:00,2017,7,Wednesday,2,7.966666666666667
3756,photo,1,0,0,1,0,0,0,0,0,2017-07-11 08:58:00,2017,7,Tuesday,1,8.966666666666667
3757,photo,15,0,0,15,0,0,0,0,0,2017-07-11 03:27:00,2017,7,Tuesday,1,3.45
3758,photo,10,0,0,10,0,0,0,0,0,2017-07-11 03:05:00,2017,7,Tuesday,1,3.0833333333333335
3759,photo,3,0,0,3,0,0,0,0,0,2017-07-11 02:14:00,2017,7,Tuesday,1,2.2333333333333334
3760,photo,6,0,1,5,1,0,0,0,0,2017-07-11 01:59:00,2017,7,Tuesday,1,1.9833333333333334
3761,photo,4,0,0,4,0,0,0,0,0,2017-07-10 23:25:00,2017,7,Monday,0,23.416666666666668
3762,photo,0,0,0,0,0,0,0,0,0,2017-07-10 08:41:00,2017,7,Monday,0,8.683333333333334
3763,photo,0,0,0,0,0,0,0,0,0,2017-07-10 08:41:00,2017,7,Monday,0,8.683333333333334
3764,photo,3,0,0,3,0,0,0,0,0,2017-07-10 04:38:00,2017,7,Monday,0,4.633333333333333
3765,photo,3,0,0,3,0,0,0,0,0,2017-07-10 03:44:00,2017,7,Monday,0,3.7333333333333334
3766,photo,3,0,0,3,0,0,0,0,0,2017-07-10 03:29:00,2017,7,Monday,0,3.4833333333333334
3767,photo,1,0,0,1,0,0,0,0,0,2017-07-10 03:18:00,2017,7,Monday,0,3.3
3768,photo,3,0,0,3,0,0,0,0,0,2017-07-10 03:16:00,2017,7,Monday,0,3.2666666666666666
3769,photo,4,1,0,4,0,0,0,0,0,2017-07-10 00:52:00,2017,7,Monday,0,0.8666666666666667
3770,photo,1,0,0,1,0,0,0,0,0,2017-07-09 05:51:00,2017,7,Sunday,6,5.85
3771,video,23,3,0,23,0,0,0,0,0,2017-07-09 05:03:00,2017,7,Sunday,6,5.05
3772,photo,3,0,0,3,0,0,0,0,0,2017-07-09 04:19:00,2017,7,Sunday,6,4.316666666666666
3773,photo,2,0,0,2,0,0,0,0,0,2017-07-09 04:14:00,2017,7,Sunday,6,4.233333333333333
3774,photo,4,0,0,4,0,0,0,0,0,2017-07-09 04:00:00,2017,7,Sunday,6,4.0
3775,photo,1,0,0,1,0,0,0,0,0,2017-07-08 07:17:00,2017,7,Saturday,5,7.283333333333333
3776,photo,0,0,0,0,0,0,0,0,0,2017-07-08 07:09:00,2017,7,Saturday,5,7.15
3777,photo,1,0,0,1,0,0,0,0,0,2017-07-07 23:22:00,2017,7,Friday,4,23.366666666666667
3778,photo,3,0,0,3,0,0,0,0,0,2017-07-07 23:21:00,2017,7,Friday,4,23.35
3779,photo,1,0,0,1,0,0,0,0,0,2017-07-07 23:19:00,2017,7,Friday,4,23.316666666666666
3780,photo,1,0,0,1,0,0,0,0,0,2017-07-07 09:00:00,2017,7,Friday,4,9.0
3781,photo,13,0,0,13,0,0,0,0,0,2017-07-06 21:35:00,2017,7,Thursday,3,21.583333333333332
3782,photo,0,0,0,0,0,0,0,0,0,2017-07-06 08:18:00,2017,7,Thursday,3,8.3
3783,video,11,0,0,11,0,0,0,0,0,2017-07-06 05:52:00,2017,7,Thursday,3,5.866666666666667
3784,photo,4,0,0,4,0,0,0,0,0,2017-07-06 02:02:00,2017,7,Thursday,3,2.033333333333333
3785,photo,3,0,0,3,0,0,0,0,0,2017-07-05 05:24:00,2017,7,Wednesday,2,5.4
3786,photo,1,0,0,1,0,0,0,0,0,2017-07-04 09:48:00,2017,7,Tuesday,1,9.8
3787,photo,1,0,0,1,0,0,0,0,0,2017-07-04 04:53:00,2017,7,Tuesday,1,4.883333333333333
3788,photo,2,0,0,2,0,0,0,0,0,2017-07-04 03:51:00,2017,7,Tuesday,1,3.85
3789,photo,5,0,0,5,0,0,0,0,0,2017-07-04 03:50:00,2017,7,Tuesday,1,3.8333333333333335
3790,photo,10,0,0,10,0,0,0,0,0,2017-07-04 01:58:00,2017,7,Tuesday,1,1.9666666666666668
3791,photo,1,0,0,1,0,0,0,0,0,2017-07-03 09:13:00,2017,7,Monday,0,9.216666666666667
3792,photo,1,0,0,1,0,0,0,0,0,2017-07-03 09:07:00,2017,7,Monday,0,9.116666666666667
3793,photo,6,0,0,6,0,0,0,0,0,2017-07-03 05:24:00,2017,7,Monday,0,5.4
3794,photo,0,0,0,0,0,0,0,0,0,2017-07-03 05:21:00,2017,7,Monday,0,5.35
3795,photo,0,0,0,0,0,0,0,0,0,2017-07-03 05:20:00,2017,7,Monday,0,5.333333333333333
3796,photo,2,0,0,2,0,0,0,0,0,2017-07-03 05:17:00,2017,7,Monday,0,5.283333333333333
3797,photo,10,0,0,10,0,0,0,0,0,2017-07-02 02:13:00,2017,7,Sunday,6,2.216666666666667
3798,photo,1,0,0,1,0,0,0,0,0,2017-07-01 09:53:00,2017,7,Saturday,5,9.883333333333333
3799,photo,2,0,0,2,0,0,0,0,0,2017-06-30 22:08:00,2017,6,Friday,4,22.133333333333333
3800,photo,2,0,0,2,0,0,0,0,0,2017-06-30 08:20:00,2017,6,Friday,4,8.333333333333334
3801,photo,6,1,0,6,0,0,0,0,0,2017-06-30 05:42:00,2017,6,Friday,4,5.7
3802,photo,1,0,0,1,0,0,0,0,0,2017-06-29 09:13:00,2017,6,Thursday,3,9.216666666666667
3803,photo,1,0,0,1,0,0,0,0,0,2017-06-29 01:30:00,2017,6,Thursday,3,1.5
3804,photo,1,0,0,1,0,0,0,0,0,2017-06-28 08:26:00,2017,6,Wednesday,2,8.433333333333334
3805,photo,6,1,0,6,0,0,0,0,0,2017-06-28 04:50:00,2017,6,Wednesday,2,4.833333333333333
3806,photo,2,0,0,2,0,0,0,0,0,2017-06-27 23:04:00,2017,6,Tuesday,1,23.066666666666666
3807,photo,1,0,0,1,0,0,0,0,0,2017-06-27 05:28:00,2017,6,Tuesday,1,5.466666666666667
3808,photo,2,0,0,2,0,0,0,0,0,2017-06-27 05:08:00,2017,6,Tuesday,1,5.133333333333334
3809,photo,4,0,0,4,0,0,0,0,0,2017-06-27 04:28:00,2017,6,Tuesday,1,4.466666666666667
3810,photo,2,0,0,2,0,0,0,0,0,2017-06-27 04:25:00,2017,6,Tuesday,1,4.416666666666667
3811,photo,1,0,0,1,0,0,0,0,0,2017-06-26 07:46:00,2017,6,Monday,0,7.766666666666667
3812,photo,1,0,0,1,0,0,0,0,0,2017-06-26 06:15:00,2017,6,Monday,0,6.25
3813,photo,1,0,0,1,0,0,0,0,0,2017-06-26 06:13:00,2017,6,Monday,0,6.216666666666667
3814,photo,2,0,0,2,0,0,0,0,0,2017-06-26 05:35:00,2017,6,Monday,0,5.583333333333333
3815,video,0,0,0,0,0,0,0,0,0,2017-06-26 05:22:00,2017,6,Monday,0,5.366666666666666
3816,video,134,5,1,133,1,0,0,0,0,2017-06-26 02:44:00,2017,6,Monday,0,2.7333333333333334
3817,photo,1,1,0,0,0,1,0,0,0,2017-06-26 01:51:00,2017,6,Monday,0,1.85
3818,photo,2,0,0,2,0,0,0,0,0,2017-06-26 01:50:00,2017,6,Monday,0,1.8333333333333335
3819,photo,4,0,0,4,0,0,0,0,0,2017-06-26 01:28:00,2017,6,Monday,0,1.4666666666666668
3820,photo,1,0,0,1,0,0,0,0,0,2017-06-24 07:34:00,2017,6,Saturday,5,7.566666666666666
3821,photo,2,0,0,2,0,0,0,0,0,2017-06-24 05:15:00,2017,6,Saturday,5,5.25
3822,photo,2,0,0,2,0,0,0,0,0,2017-06-24 03:34:00,2017,6,Saturday,5,3.5666666666666664
3823,photo,0,0,0,0,0,0,0,0,0,2017-06-24 03:31:00,2017,6,Saturday,5,3.5166666666666666
3824,photo,2,0,0,2,0,0,0,0,0,2017-06-23 19:45:00,2017,6,Friday,4,19.75
3825,photo,3,0,0,3,0,0,0,0,0,2017-06-23 19:44:00,2017,6,Friday,4,19.733333333333334
3826,photo,1,0,0,1,0,0,0,0,0,2017-06-23 09:24:00,2017,6,Friday,4,9.4
3827,photo,3,0,0,3,0,0,0,0,0,2017-06-23 04:54:00,2017,6,Friday,4,4.9
3828,photo,2,0,0,2,0,0,0,0,0,2017-06-23 03:55:00,2017,6,Friday,4,3.9166666666666665
3829,photo,1,0,0,1,0,0,0,0,0,2017-06-23 03:45:00,2017,6,Friday,4,3.75
3830,photo,3,0,0,3,0,0,0,0,0,2017-06-23 03:13:00,2017,6,Friday,4,3.216666666666667
3831,photo,3,0,0,3,0,0,0,0,0,2017-06-22 21:59:00,2017,6,Thursday,3,21.983333333333334
3832,photo,3,3,1,3,0,0,0,0,0,2017-06-22 09:15:00,2017,6,Thursday,3,9.25
3833,photo,2,0,0,2,0,0,0,0,0,2017-06-21 04:00:00,2017,6,Wednesday,2,4.0
3834,photo,1,0,1,1,0,0,0,0,0,2017-06-21 03:59:00,2017,6,Wednesday,2,3.9833333333333334
3835,photo,0,0,0,0,0,0,0,0,0,2017-06-21 03:58:00,2017,6,Wednesday,2,3.966666666666667
3836,photo,2,0,0,2,0,0,0,0,0,2017-06-21 03:35:00,2017,6,Wednesday,2,3.5833333333333335
3837,photo,2,0,0,2,0,0,0,0,0,2017-06-21 03:30:00,2017,6,Wednesday,2,3.5
3838,photo,0,0,0,0,0,0,0,0,0,2017-06-18 23:23:00,2017,6,Sunday,6,23.383333333333333
3839,photo,1,0,0,1,0,0,0,0,0,2017-06-18 23:15:00,2017,6,Sunday,6,23.25
3840,photo,2,0,0,2,0,0,0,0,0,2017-06-17 05:00:00,2017,6,Saturday,5,5.0
3841,photo,2,0,0,2,0,0,0,0,0,2017-06-17 02:05:00,2017,6,Saturday,5,2.0833333333333335
3842,photo,3,0,0,3,0,0,0,0,0,2017-06-16 09:14:00,2017,6,Friday,4,9.233333333333333
3843,photo,1,0,0,1,0,0,0,0,0,2017-06-16 09:12:00,2017,6,Friday,4,9.2
3844,photo,4,0,0,2,2,0,0,0,0,2017-06-16 09:09:00,2017,6,Friday,4,9.15
3845,photo,5,0,0,5,0,0,0,0,0,2017-06-02 07:25:00,2017,6,Friday,4,7.416666666666667
3846,photo,4,0,3,4,0,0,0,0,0,2017-06-02 07:23:00,2017,6,Friday,4,7.383333333333334
3847,photo,529,226,5,515,5,9,0,0,0,2018-06-12 01:04:00,2018,6,Tuesday,1,1.0666666666666667
3848,video,984,5166,690,768,200,4,11,0,1,2018-06-11 08:31:00,2018,6,Monday,0,8.516666666666667
3849,photo,373,54,1,362,7,4,0,0,0,2018-06-11 04:48:00,2018,6,Monday,0,4.8
3850,video,256,535,52,220,34,0,2,0,0,2018-06-09 12:29:00,2018,6,Saturday,5,12.483333333333333
3851,video,1238,7895,1101,981,233,8,14,1,1,2018-06-09 08:28:00,2018,6,Saturday,5,8.466666666666667
3852,photo,315,34,1,309,3,3,0,0,0,2018-06-09 07:19:00,2018,6,Saturday,5,7.316666666666666
3853,video,252,733,77,220,25,2,5,0,0,2018-06-08 12:27:00,2018,6,Friday,4,12.45
3854,video,1140,6523,879,901,214,7,10,3,5,2018-06-08 08:26:00,2018,6,Friday,4,8.433333333333334
3855,photo,624,11,104,616,6,0,2,0,0,2018-06-07 15:39:00,2018,6,Thursday,3,15.65
3856,video,174,324,31,151,21,0,2,0,0,2018-06-07 12:24:00,2018,6,Thursday,3,12.4
3857,video,245,477,61,210,31,2,2,0,0,2018-06-07 11:50:00,2018,6,Thursday,3,11.833333333333334
3858,video,1156,7208,997,845,282,10,14,2,3,2018-06-07 07:44:00,2018,6,Thursday,3,7.733333333333333
3859,photo,1818,33,5,1775,29,6,8,0,0,2018-06-06 09:39:00,2018,6,Wednesday,2,9.65
3860,photo,876,133,4,865,5,6,0,0,0,2018-06-06 07:40:00,2018,6,Wednesday,2,7.666666666666667
3861,photo,185,31,1,182,2,1,0,0,0,2018-06-06 07:33:00,2018,6,Wednesday,2,7.55
3862,video,763,4083,784,597,159,3,4,0,0,2018-06-03 08:30:00,2018,6,Sunday,6,8.5
3863,video,288,1715,89,234,45,0,8,0,1,2018-06-02 12:02:00,2018,6,Saturday,5,12.033333333333333
3864,video,910,5963,874,695,198,5,10,1,1,2018-06-02 08:28:00,2018,6,Saturday,5,8.466666666666667
3865,photo,352,29,3,323,2,3,23,1,0,2018-06-02 04:32:00,2018,6,Saturday,5,4.533333333333333
3866,photo,565,25,2,549,7,7,2,0,0,2018-06-01 06:07:00,2018,6,Friday,4,6.116666666666666
3867,video,856,5204,793,647,187,6,11,3,2,2018-05-31 08:35:00,2018,5,Thursday,3,8.583333333333334
3868,video,509,17,131,386,3,18,102,0,0,2018-05-31 04:46:00,2018,5,Thursday,3,4.766666666666667
3869,status,257,28,0,248,5,1,0,3,0,2018-05-30 09:12:00,2018,5,Wednesday,2,9.2
3870,video,1059,6535,915,827,215,3,8,3,3,2018-05-29 08:36:00,2018,5,Tuesday,1,8.6
3871,video,835,3919,684,606,217,2,4,1,5,2018-05-27 09:15:00,2018,5,Sunday,6,9.25
3872,video,820,4829,739,523,276,6,13,2,0,2018-05-26 02:25:00,2018,5,Saturday,5,2.4166666666666665
3873,video,291,895,167,243,46,0,2,0,0,2018-05-25 12:25:00,2018,5,Friday,4,12.416666666666666
3874,video,1004,7061,1003,746,237,3,16,0,2,2018-05-25 08:23:00,2018,5,Friday,4,8.383333333333333
3875,photo,359,47,3,350,4,4,1,0,0,2018-05-25 02:03:00,2018,5,Friday,4,2.05
3876,video,846,3692,1636,680,141,3,16,4,2,2018-05-24 08:25:00,2018,5,Thursday,3,8.416666666666666
3877,photo,426,40,5,420,6,0,0,0,0,2018-05-24 01:45:00,2018,5,Thursday,3,1.75
3878,photo,2402,97,3,2344,41,17,0,0,0,2018-05-23 08:30:00,2018,5,Wednesday,2,8.5
3879,photo,258,37,3,250,5,3,0,0,0,2018-05-22 22:44:00,2018,5,Tuesday,1,22.733333333333334
3880,video,329,1909,137,240,85,1,2,0,1,2018-05-20 12:17:00,2018,5,Sunday,6,12.283333333333333
3881,video,808,5516,760,597,198,6,5,1,1,2018-05-20 08:19:00,2018,5,Sunday,6,8.316666666666666
3882,video,892,6622,1026,612,260,9,9,1,1,2018-05-19 08:33:00,2018,5,Saturday,5,8.55
3883,photo,195,22,2,191,3,0,1,0,0,2018-05-19 03:19:00,2018,5,Saturday,5,3.3166666666666664
3884,video,914,7013,1011,584,251,57,17,3,2,2018-05-18 08:52:00,2018,5,Friday,4,8.866666666666667
3885,video,1048,3740,974,866,165,5,8,1,3,2018-05-17 08:30:00,2018,5,Thursday,3,8.5
3886,photo,563,28,5,554,4,4,1,0,0,2018-05-17 03:30:00,2018,5,Thursday,3,3.5
3887,video,703,4007,844,548,139,4,7,3,2,2018-05-13 08:40:00,2018,5,Sunday,6,8.666666666666666
3888,photo,707,63,3,694,7,6,0,0,0,2018-05-12 02:51:00,2018,5,Saturday,5,2.85
3889,photo,213,5,2,209,3,1,0,0,0,2018-05-11 03:33:00,2018,5,Friday,4,3.55
3890,video,250,1061,54,213,36,0,0,1,0,2018-05-10 11:57:00,2018,5,Thursday,3,11.95
3891,video,829,6940,1055,648,166,5,4,2,4,2018-05-10 08:00:00,2018,5,Thursday,3,8.0
3892,video,1078,9452,1379,820,234,8,10,3,3,2018-05-09 08:17:00,2018,5,Wednesday,2,8.283333333333333
3893,photo,287,65,3,280,1,6,0,0,0,2018-05-09 01:25:00,2018,5,Wednesday,2,1.4166666666666667
3894,video,305,1724,223,248,49,3,2,2,1,2018-05-05 12:15:00,2018,5,Saturday,5,12.25
3895,video,543,2041,476,445,87,3,8,0,0,2018-05-05 06:22:00,2018,5,Saturday,5,6.366666666666666
3896,video,300,297,60,267,29,3,1,0,0,2018-05-05 05:05:00,2018,5,Saturday,5,5.083333333333333
3897,video,840,7145,1136,624,196,6,8,2,4,2018-05-04 09:25:00,2018,5,Friday,4,9.416666666666666
3898,video,840,4018,1412,683,144,6,6,0,1,2018-05-03 08:43:00,2018,5,Thursday,3,8.716666666666667
3899,photo,273,69,5,260,6,7,0,0,0,2018-05-02 07:55:00,2018,5,Wednesday,2,7.916666666666667
3900,photo,576,158,8,562,10,4,0,0,0,2018-05-02 07:28:00,2018,5,Wednesday,2,7.466666666666667
3901,photo,293,0,1,286,7,0,0,0,0,2018-04-27 13:33:00,2018,4,Friday,4,13.55
3902,photo,581,20,0,545,6,28,1,1,0,2018-04-26 05:31:00,2018,4,Thursday,3,5.516666666666667
3903,photo,751,35,2,733,7,11,0,0,0,2018-04-25 01:58:00,2018,4,Wednesday,2,1.9666666666666668
3904,status,473,83,4,450,20,0,3,0,0,2018-04-24 07:49:00,2018,4,Tuesday,1,7.816666666666666
3905,photo,1386,51,6,1367,9,10,0,0,0,2018-04-19 22:48:00,2018,4,Thursday,3,22.8
3906,photo,434,58,17,420,7,6,1,0,0,2018-04-19 07:51:00,2018,4,Thursday,3,7.85
3907,photo,391,8,48,278,0,13,97,1,2,2018-04-18 06:32:00,2018,4,Wednesday,2,6.533333333333333
3908,photo,280,29,4,277,3,0,0,0,0,2018-04-17 01:57:00,2018,4,Tuesday,1,1.95
3909,photo,345,70,2,335,4,5,1,0,0,2018-04-16 20:08:00,2018,4,Monday,0,20.133333333333333
3910,photo,296,31,5,291,1,4,0,0,0,2018-04-07 00:01:00,2018,4,Saturday,5,0.016666666666666666
3911,photo,186,19,1,174,5,7,0,0,0,2018-04-05 07:43:00,2018,4,Thursday,3,7.716666666666667
3912,photo,358,12,2,348,4,5,1,0,0,2018-04-05 02:57:00,2018,4,Thursday,3,2.95
3913,photo,414,5,61,356,0,1,57,0,0,2018-04-04 04:59:00,2018,4,Wednesday,2,4.983333333333333
3914,photo,429,88,0,415,3,10,1,0,0,2018-04-02 23:14:00,2018,4,Monday,0,23.233333333333334
3915,photo,136,18,1,134,2,0,0,0,0,2018-04-02 12:17:00,2018,4,Monday,0,12.283333333333333
3916,photo,125,4,2,123,1,0,1,0,0,2018-04-01 01:18:00,2018,4,Sunday,6,1.3
3917,photo,251,18,2,246,3,2,0,0,0,2018-03-31 10:40:00,2018,3,Saturday,5,10.666666666666666
3918,photo,158,9,1,157,1,0,0,0,0,2018-03-31 03:04:00,2018,3,Saturday,5,3.066666666666667
3919,photo,177,16,1,171,3,3,0,0,0,2018-03-30 03:23:00,2018,3,Friday,4,3.3833333333333333
3920,photo,287,38,2,260,0,12,2,1,12,2018-03-30 00:33:00,2018,3,Friday,4,0.55
3921,photo,153,7,42,148,0,2,3,0,0,2018-03-28 12:21:00,2018,3,Wednesday,2,12.35
3922,photo,214,18,1,211,1,2,0,0,0,2018-03-27 05:27:00,2018,3,Tuesday,1,5.45
3923,photo,806,51,0,770,23,12,1,0,0,2018-03-26 02:00:00,2018,3,Monday,0,2.0
3924,photo,312,37,6,303,5,4,0,0,0,2018-03-25 08:37:00,2018,3,Sunday,6,8.616666666666667
3925,photo,244,30,5,237,3,4,0,0,0,2018-03-24 01:12:00,2018,3,Saturday,5,1.2
3926,photo,637,64,8,627,8,2,0,0,0,2018-03-22 22:59:00,2018,3,Thursday,3,22.983333333333334
3927,photo,195,15,0,188,4,3,0,0,0,2018-03-20 09:32:00,2018,3,Tuesday,1,9.533333333333333
3928,photo,287,43,3,281,4,2,0,0,0,2018-03-20 09:01:00,2018,3,Tuesday,1,9.016666666666667
3929,photo,357,59,3,341,6,10,0,0,0,2018-03-13 09:42:00,2018,3,Tuesday,1,9.7
3930,photo,182,27,1,176,4,2,0,0,0,2018-03-11 00:56:00,2018,3,Sunday,6,0.9333333333333333
3931,photo,307,51,4,301,5,1,0,0,0,2018-03-10 08:19:00,2018,3,Saturday,5,8.316666666666666
3932,photo,403,89,4,391,8,4,0,0,0,2018-03-08 03:06:00,2018,3,Thursday,3,3.1
3933,photo,211,24,1,209,2,0,0,0,0,2018-03-06 08:34:00,2018,3,Tuesday,1,8.566666666666666
3934,photo,300,46,1,285,0,8,7,0,0,2018-03-06 07:39:00,2018,3,Tuesday,1,7.65
3935,photo,287,29,3,278,4,5,0,0,0,2018-02-27 06:26:00,2018,2,Tuesday,1,6.433333333333334
3936,photo,223,19,1,211,7,1,0,4,0,2018-02-26 06:49:00,2018,2,Monday,0,6.816666666666666
3937,photo,181,15,0,179,2,0,0,0,0,2018-02-26 06:37:00,2018,2,Monday,0,6.616666666666667
3938,photo,56,3,0,54,1,1,0,0,0,2018-02-26 06:29:00,2018,2,Monday,0,6.483333333333333
3939,photo,378,48,3,367,4,6,0,1,0,2018-02-23 23:20:00,2018,2,Friday,4,23.333333333333332
3940,photo,397,87,10,383,5,9,0,0,0,2018-02-22 04:06:00,2018,2,Thursday,3,4.1
3941,photo,397,76,4,382,9,6,0,0,0,2018-02-18 03:29:00,2018,2,Sunday,6,3.4833333333333334
3942,photo,940,49,1,862,40,38,0,0,0,2018-02-14 10:58:00,2018,2,Wednesday,2,10.966666666666667
3943,photo,138,8,0,136,2,0,0,0,0,2018-02-14 03:13:00,2018,2,Wednesday,2,3.216666666666667
3944,photo,78,5,1,78,0,0,0,0,0,2018-02-14 03:11:00,2018,2,Wednesday,2,3.183333333333333
3945,photo,128,5,4,123,1,4,0,0,0,2018-02-06 06:42:00,2018,2,Tuesday,1,6.7
3946,photo,306,32,4,302,2,2,0,0,0,2018-02-02 23:32:00,2018,2,Friday,4,23.533333333333335
3947,photo,128,12,1,123,1,4,0,0,0,2018-01-30 23:10:00,2018,1,Tuesday,1,23.166666666666668
3948,photo,119,9,0,115,2,1,1,0,0,2018-01-30 08:47:00,2018,1,Tuesday,1,8.783333333333333
3949,photo,96,5,2,92,0,3,0,1,0,2018-01-29 11:57:00,2018,1,Monday,0,11.95
3950,photo,354,66,2,348,3,3,0,0,0,2018-01-29 07:37:00,2018,1,Monday,0,7.616666666666667
3951,photo,121,11,1,114,7,0,0,0,0,2018-01-23 05:32:00,2018,1,Tuesday,1,5.533333333333333
3952,photo,94,9,1,90,0,3,0,1,0,2018-01-15 12:01:00,2018,1,Monday,0,12.016666666666667
3953,photo,164,15,5,158,0,6,0,0,0,2018-01-13 06:37:00,2018,1,Saturday,5,6.616666666666667
3954,photo,342,34,1,326,12,4,0,0,0,2018-01-01 08:57:00,2018,1,Monday,0,8.95
3955,photo,163,13,0,159,4,0,0,0,0,2017-12-29 09:02:00,2017,12,Friday,4,9.033333333333333
3956,photo,73,11,0,71,1,1,0,0,0,2017-12-28 13:03:00,2017,12,Thursday,3,13.05
3957,photo,247,17,1,241,3,1,2,0,0,2017-12-28 08:09:00,2017,12,Thursday,3,8.15
3958,photo,53,3,0,50,3,0,0,0,0,2017-12-28 07:08:00,2017,12,Thursday,3,7.133333333333334
3959,status,120,17,0,117,3,0,0,0,0,2017-12-28 00:08:00,2017,12,Thursday,3,0.13333333333333333
3960,photo,155,31,1,144,4,7,0,0,0,2017-12-25 12:22:00,2017,12,Monday,0,12.366666666666667
3961,photo,431,27,0,414,10,6,1,0,0,2017-12-22 09:01:00,2017,12,Friday,4,9.016666666666667
3962,status,110,15,0,108,2,0,0,0,0,2017-12-21 23:41:00,2017,12,Thursday,3,23.683333333333334
3963,photo,187,18,0,183,4,0,0,0,0,2017-12-21 12:25:00,2017,12,Thursday,3,12.416666666666666
3964,photo,105,20,0,104,0,1,0,0,0,2017-12-19 10:07:00,2017,12,Tuesday,1,10.116666666666667
3965,photo,99,16,0,97,2,0,0,0,0,2017-12-19 01:56:00,2017,12,Tuesday,1,1.9333333333333333
3966,status,161,18,0,158,3,0,0,0,0,2017-12-15 04:07:00,2017,12,Friday,4,4.116666666666666
3967,status,91,6,0,82,0,0,0,8,1,2017-12-15 02:27:00,2017,12,Friday,4,2.45
3968,photo,316,65,16,306,4,6,0,0,0,2017-12-13 09:15:00,2017,12,Wednesday,2,9.25
3969,photo,91,5,0,87,2,2,0,0,0,2017-12-12 05:21:00,2017,12,Tuesday,1,5.35
3970,photo,151,9,1,147,1,3,0,0,0,2017-12-10 06:23:00,2017,12,Sunday,6,6.383333333333334
3971,status,70,12,0,66,0,2,1,1,0,2017-12-09 11:13:00,2017,12,Saturday,5,11.216666666666667
3972,video,154,821,75,120,32,0,2,0,0,2018-06-12 21:08:00,2018,6,Tuesday,1,21.133333333333333
3973,video,208,981,108,165,37,1,3,2,0,2018-06-12 07:19:00,2018,6,Tuesday,1,7.316666666666666
3974,video,2,0,0,2,0,0,0,0,0,2018-06-12 03:05:00,2018,6,Tuesday,1,3.0833333333333335
3975,video,17,0,1,16,1,0,0,0,0,2018-06-12 01:52:00,2018,6,Tuesday,1,1.8666666666666667
3976,video,9,0,1,9,0,0,0,0,0,2018-06-12 01:37:00,2018,6,Tuesday,1,1.6166666666666667
3977,video,123,524,56,100,21,0,1,1,0,2018-06-12 01:36:00,2018,6,Tuesday,1,1.6
3978,video,157,591,61,123,29,1,3,1,0,2018-06-11 21:03:00,2018,6,Monday,0,21.05
3979,video,24,0,0,24,0,0,0,0,0,2018-06-11 07:58:00,2018,6,Monday,0,7.966666666666667
3980,video,27,0,4,27,0,0,0,0,0,2018-06-11 07:20:00,2018,6,Monday,0,7.333333333333333
3981,video,190,723,85,127,55,1,5,0,2,2018-06-11 07:20:00,2018,6,Monday,0,7.333333333333333
3982,video,19,0,0,19,0,0,0,0,0,2018-06-11 02:50:00,2018,6,Monday,0,2.8333333333333335
3983,video,22,2,1,22,0,0,0,0,0,2018-06-11 01:47:00,2018,6,Monday,0,1.7833333333333332
3984,video,164,1120,67,120,40,0,2,2,0,2018-06-11 01:42:00,2018,6,Monday,0,1.7
3985,video,186,817,68,154,27,2,3,0,0,2018-06-10 21:03:00,2018,6,Sunday,6,21.05
3986,video,41,0,0,41,0,0,0,0,0,2018-06-10 07:23:00,2018,6,Sunday,6,7.383333333333334
3987,video,249,1734,247,198,47,1,3,0,0,2018-06-10 07:15:00,2018,6,Sunday,6,7.25
3988,video,83,272,14,73,10,0,0,0,0,2018-06-10 03:13:00,2018,6,Sunday,6,3.216666666666667
3989,video,156,333,97,124,30,1,0,0,1,2018-06-10 01:39:00,2018,6,Sunday,6,1.65
3990,video,219,994,112,174,40,3,1,0,1,2018-06-09 21:09:00,2018,6,Saturday,5,21.15
3991,video,7,0,0,7,0,0,0,0,0,2018-06-09 08:41:00,2018,6,Saturday,5,8.683333333333334
3992,video,123,574,49,103,18,0,2,0,0,2018-06-09 08:03:00,2018,6,Saturday,5,8.05
3993,video,171,408,38,143,27,1,0,0,0,2018-06-09 07:14:00,2018,6,Saturday,5,7.233333333333333
3994,video,180,1002,76,148,28,2,0,1,1,2018-06-09 01:36:00,2018,6,Saturday,5,1.6
3995,photo,325,10,1,319,4,1,1,0,0,2018-06-08 22:43:00,2018,6,Friday,4,22.716666666666665
3996,video,164,518,40,138,23,1,2,0,0,2018-06-08 21:06:00,2018,6,Friday,4,21.1
3997,video,24,0,1,23,1,0,0,0,0,2018-06-08 07:21:00,2018,6,Friday,4,7.35
3998,video,215,1229,84,167,44,0,2,1,1,2018-06-08 07:06:00,2018,6,Friday,4,7.1
3999,video,75,450,25,63,12,0,0,0,0,2018-06-08 03:18:00,2018,6,Friday,4,3.3
4000,video,134,360,65,107,27,0,0,0,0,2018-06-08 01:45:00,2018,6,Friday,4,1.75
4001,video,145,746,61,113,31,0,1,0,0,2018-06-07 21:07:00,2018,6,Thursday,3,21.116666666666667
4002,photo,68,4,0,68,0,0,0,0,0,2018-06-07 07:28:00,2018,6,Thursday,3,7.466666666666667
4003,video,22,4,0,21,1,0,0,0,0,2018-06-07 07:23:00,2018,6,Thursday,3,7.383333333333334
4004,video,160,1020,61,122,38,0,0,0,0,2018-06-07 07:16:00,2018,6,Thursday,3,7.266666666666667
4005,video,91,432,32,77,14,0,0,0,0,2018-06-07 02:51:00,2018,6,Thursday,3,2.85
4006,video,132,332,56,101,31,0,0,0,0,2018-06-07 01:42:00,2018,6,Thursday,3,1.7
4007,video,20,2,0,20,0,0,0,0,0,2018-06-06 21:40:00,2018,6,Wednesday,2,21.666666666666668
4008,video,150,568,30,110,38,1,1,0,0,2018-06-06 21:02:00,2018,6,Wednesday,2,21.033333333333335
4009,photo,43,2,0,43,0,0,0,0,0,2018-06-06 07:34:00,2018,6,Wednesday,2,7.566666666666666
4010,video,203,775,62,161,37,2,3,0,0,2018-06-06 07:16:00,2018,6,Wednesday,2,7.266666666666667
4011,video,53,134,10,44,9,0,0,0,0,2018-06-06 03:34:00,2018,6,Wednesday,2,3.5666666666666664
4012,video,26,3,3,25,1,0,0,0,0,2018-06-06 01:45:00,2018,6,Wednesday,2,1.75
4013,video,103,440,69,80,20,1,1,0,1,2018-06-06 01:44:00,2018,6,Wednesday,2,1.7333333333333334
4014,video,31,4,0,31,0,0,0,0,0,2018-06-05 21:10:00,2018,6,Tuesday,1,21.166666666666668
4015,video,133,758,52,108,24,0,1,0,0,2018-06-05 21:05:00,2018,6,Tuesday,1,21.083333333333332
4016,video,124,416,41,104,20,0,0,0,0,2018-06-05 07:50:00,2018,6,Tuesday,1,7.833333333333333
4017,photo,34,1,0,34,0,0,0,0,0,2018-06-05 07:29:00,2018,6,Tuesday,1,7.483333333333333
4018,video,28,1,2,28,0,0,0,0,0,2018-06-05 01:32:00,2018,6,Tuesday,1,1.5333333333333332
4019,video,13,0,0,13,0,0,0,0,0,2018-06-05 01:31:00,2018,6,Tuesday,1,1.5166666666666666
4020,video,114,938,59,86,27,1,0,0,0,2018-06-05 01:31:00,2018,6,Tuesday,1,1.5166666666666666
4021,photo,500,9,15,497,1,2,0,0,0,2018-05-31 04:12:00,2018,5,Thursday,3,4.2
4022,photo,15,0,0,15,0,0,0,0,0,2018-05-29 07:43:00,2018,5,Tuesday,1,7.716666666666667
4023,photo,35,0,15,35,0,0,0,0,0,2018-05-28 01:59:00,2018,5,Monday,0,1.9833333333333334
4024,photo,5,0,15,5,0,0,0,0,0,2018-05-26 07:48:00,2018,5,Saturday,5,7.8
4025,photo,5,0,15,5,0,0,0,0,0,2018-05-25 07:50:00,2018,5,Friday,4,7.833333333333333
4026,photo,2,0,15,2,0,0,0,0,0,2018-05-24 08:01:00,2018,5,Thursday,3,8.016666666666667
4027,photo,25,1,1,25,0,0,0,0,0,2018-05-23 07:22:00,2018,5,Wednesday,2,7.366666666666666
4028,video,0,0,0,0,0,0,0,0,0,2018-06-12 02:38:00,2018,6,Tuesday,1,2.6333333333333333
4029,video,1,0,1,1,0,0,0,0,0,2018-06-11 23:29:00,2018,6,Monday,0,23.483333333333334
4030,video,4,0,0,4,0,0,0,0,0,2018-06-09 04:26:00,2018,6,Saturday,5,4.433333333333334
4031,video,0,0,0,0,0,0,0,0,0,2018-06-08 02:32:00,2018,6,Friday,4,2.533333333333333
4032,video,2,0,0,2,0,0,0,0,0,2018-06-07 21:40:00,2018,6,Thursday,3,21.666666666666668
4033,video,1,0,3,1,0,0,0,0,0,2018-06-05 02:00:00,2018,6,Tuesday,1,2.0
4034,video,2,0,0,2,0,0,0,0,0,2018-06-03 23:49:00,2018,6,Sunday,6,23.816666666666666
4035,video,0,0,0,0,0,0,0,0,0,2018-06-02 01:14:00,2018,6,Saturday,5,1.2333333333333334
4036,video,4,0,3,4,0,0,0,0,0,2018-06-01 22:53:00,2018,6,Friday,4,22.883333333333333
4037,video,0,0,0,0,0,0,0,0,0,2018-06-01 05:15:00,2018,6,Friday,4,5.25
4038,video,0,0,0,0,0,0,0,0,0,2018-06-01 04:19:00,2018,6,Friday,4,4.316666666666666
4039,video,0,0,0,0,0,0,0,0,0,2018-05-31 22:47:00,2018,5,Thursday,3,22.783333333333335
4040,video,0,0,0,0,0,0,0,0,0,2018-05-31 05:29:00,2018,5,Thursday,3,5.483333333333333
4041,video,1,0,0,1,0,0,0,0,0,2018-05-29 23:26:00,2018,5,Tuesday,1,23.433333333333334
4042,video,0,0,0,0,0,0,0,0,0,2018-05-29 04:02:00,2018,5,Tuesday,1,4.033333333333333
4043,video,0,0,0,0,0,0,0,0,0,2018-05-29 02:33:00,2018,5,Tuesday,1,2.55
4044,video,1,0,0,1,0,0,0,0,0,2018-05-28 04:05:00,2018,5,Monday,0,4.083333333333333
4045,video,3,0,0,3,0,0,0,0,0,2018-05-28 01:05:00,2018,5,Monday,0,1.0833333333333333
4046,video,0,0,0,0,0,0,0,0,0,2018-05-28 01:04:00,2018,5,Monday,0,1.0666666666666667
4047,video,0,0,0,0,0,0,0,0,0,2018-05-27 01:16:00,2018,5,Sunday,6,1.2666666666666666
4048,video,0,0,0,0,0,0,0,0,0,2018-05-27 01:16:00,2018,5,Sunday,6,1.2666666666666666
4049,video,5,0,0,4,1,0,0,0,0,2018-05-25 07:06:00,2018,5,Friday,4,7.1
4050,video,2,0,0,2,0,0,0,0,0,2018-05-23 22:30:00,2018,5,Wednesday,2,22.5
4051,video,9,0,0,9,0,0,0,0,0,2018-05-23 03:07:00,2018,5,Wednesday,2,3.1166666666666667
4052,video,2,0,0,2,0,0,0,0,0,2018-05-22 02:38:00,2018,5,Tuesday,1,2.6333333333333333
4053,video,2,0,0,2,0,0,0,0,0,2018-05-21 22:47:00,2018,5,Monday,0,22.783333333333335
4054,video,1,0,0,1,0,0,0,0,0,2018-05-21 04:17:00,2018,5,Monday,0,4.283333333333333
4055,video,0,0,0,0,0,0,0,0,0,2018-05-20 23:19:00,2018,5,Sunday,6,23.316666666666666
4056,video,2,0,0,2,0,0,0,0,0,2018-05-20 07:23:00,2018,5,Sunday,6,7.383333333333334
4057,video,0,0,0,0,0,0,0,0,0,2018-05-20 03:56:00,2018,5,Sunday,6,3.9333333333333336
4058,video,1,0,0,1,0,0,0,0,0,2018-05-20 00:16:00,2018,5,Sunday,6,0.26666666666666666
4059,video,1,0,0,1,0,0,0,0,0,2018-05-19 23:00:00,2018,5,Saturday,5,23.0
4060,video,3,0,0,3,0,0,0,0,0,2018-05-17 07:35:00,2018,5,Thursday,3,7.583333333333333
4061,video,0,0,0,0,0,0,0,0,0,2018-05-17 01:41:00,2018,5,Thursday,3,1.6833333333333333
4062,video,1,0,0,1,0,0,0,0,0,2018-05-17 01:31:00,2018,5,Thursday,3,1.5166666666666666
4063,video,0,0,0,0,0,0,0,0,0,2018-05-16 23:18:00,2018,5,Wednesday,2,23.3
4064,video,0,0,0,0,0,0,0,0,0,2018-05-16 22:39:00,2018,5,Wednesday,2,22.65
4065,video,0,0,0,0,0,0,0,0,0,2018-05-16 22:38:00,2018,5,Wednesday,2,22.633333333333333
4066,video,0,0,0,0,0,0,0,0,0,2018-05-15 23:37:00,2018,5,Tuesday,1,23.616666666666667
4067,video,0,0,0,0,0,0,0,0,0,2018-05-15 22:55:00,2018,5,Tuesday,1,22.916666666666668
4068,video,0,0,0,0,0,0,0,0,0,2018-05-15 01:41:00,2018,5,Tuesday,1,1.6833333333333333
4069,video,1,0,0,1,0,0,0,0,0,2018-05-14 22:39:00,2018,5,Monday,0,22.65
4070,video,0,0,0,0,0,0,0,0,0,2018-05-14 07:07:00,2018,5,Monday,0,7.116666666666666
4071,video,1,0,0,1,0,0,0,0,0,2018-05-13 22:57:00,2018,5,Sunday,6,22.95
4072,video,1,0,0,1,0,0,0,0,0,2018-05-13 02:14:00,2018,5,Sunday,6,2.2333333333333334
4073,video,3,0,0,3,0,0,0,0,0,2018-05-12 23:08:00,2018,5,Saturday,5,23.133333333333333
4074,video,0,0,0,0,0,0,0,0,0,2018-05-11 08:21:00,2018,5,Friday,4,8.35
4075,video,1,0,0,1,0,0,0,0,0,2018-05-11 03:20:00,2018,5,Friday,4,3.3333333333333335
4076,video,1,0,0,1,0,0,0,0,0,2018-05-10 03:32:00,2018,5,Thursday,3,3.533333333333333
4077,video,0,0,0,0,0,0,0,0,0,2018-05-08 22:44:00,2018,5,Tuesday,1,22.733333333333334
4078,video,3,0,0,3,0,0,0,0,0,2018-05-08 02:12:00,2018,5,Tuesday,1,2.2
4079,video,5,0,0,5,0,0,0,0,0,2018-05-07 07:55:00,2018,5,Monday,0,7.916666666666667
4080,video,2,0,0,2,0,0,0,0,0,2018-05-06 02:40:00,2018,5,Sunday,6,2.6666666666666665
4081,video,4,0,1,4,0,0,0,0,0,2018-05-05 21:49:00,2018,5,Saturday,5,21.816666666666666
4082,video,0,0,0,0,0,0,0,0,0,2018-05-04 00:45:00,2018,5,Friday,4,0.75
4083,video,0,0,0,0,0,0,0,0,0,2018-05-04 00:30:00,2018,5,Friday,4,0.5
4084,video,1,0,1,1,0,0,0,0,0,2018-05-02 07:52:00,2018,5,Wednesday,2,7.866666666666667
4085,video,2,0,0,2,0,0,0,0,0,2018-04-28 01:12:00,2018,4,Saturday,5,1.2
4086,video,2,0,0,2,0,0,0,0,0,2018-04-26 07:19:00,2018,4,Thursday,3,7.316666666666666
4087,video,0,0,0,0,0,0,0,0,0,2018-04-25 08:03:00,2018,4,Wednesday,2,8.05
4088,video,3,0,0,3,0,0,0,0,0,2018-04-25 00:12:00,2018,4,Wednesday,2,0.2
4089,video,2,0,1,2,0,0,0,0,0,2018-04-24 01:51:00,2018,4,Tuesday,1,1.85
4090,video,0,0,0,0,0,0,0,0,0,2018-04-23 22:51:00,2018,4,Monday,0,22.85
4091,video,3,0,0,3,0,0,0,0,0,2018-04-22 22:42:00,2018,4,Sunday,6,22.7
4092,video,3,0,0,3,0,0,0,0,0,2018-04-21 02:05:00,2018,4,Saturday,5,2.0833333333333335
4093,video,2,0,0,2,0,0,0,0,0,2018-04-20 02:06:00,2018,4,Friday,4,2.1
4094,video,1,0,0,1,0,0,0,0,0,2018-04-09 03:46:00,2018,4,Monday,0,3.7666666666666666
4095,video,2,0,0,2,0,0,0,0,0,2018-04-08 07:29:00,2018,4,Sunday,6,7.483333333333333
4096,video,2,0,0,1,1,0,0,0,0,2018-04-07 07:00:00,2018,4,Saturday,5,7.0
4097,video,1,0,1,1,0,0,0,0,0,2018-04-06 23:21:00,2018,4,Friday,4,23.35
4098,video,2,0,1,2,0,0,0,0,0,2018-04-06 01:53:00,2018,4,Friday,4,1.8833333333333333
4099,video,4,0,0,4,0,0,0,0,0,2018-04-04 02:32:00,2018,4,Wednesday,2,2.533333333333333
4100,video,2,0,0,2,0,0,0,0,0,2018-04-03 09:23:00,2018,4,Tuesday,1,9.383333333333333
4101,video,5,0,0,5,0,0,0,0,0,2018-04-03 07:11:00,2018,4,Tuesday,1,7.183333333333334
4102,video,4,0,0,4,0,0,0,0,0,2018-04-02 04:16:00,2018,4,Monday,0,4.266666666666667
4103,video,0,0,0,0,0,0,0,0,0,2018-04-01 06:13:00,2018,4,Sunday,6,6.216666666666667
4104,video,1,0,0,1,0,0,0,0,0,2018-03-31 08:34:00,2018,3,Saturday,5,8.566666666666666
4105,video,12,1,4,12,0,0,0,0,0,2018-03-31 02:41:00,2018,3,Saturday,5,2.6833333333333336
4106,video,6,0,12,6,0,0,0,0,0,2018-03-29 13:00:00,2018,3,Thursday,3,13.0
4107,video,12,0,14,12,0,0,0,0,0,2018-03-29 08:13:00,2018,3,Thursday,3,8.216666666666667
4108,video,1,0,0,1,0,0,0,0,0,2018-03-29 07:36:00,2018,3,Thursday,3,7.6
4109,video,12,0,8,12,0,0,0,0,0,2018-03-28 20:42:00,2018,3,Wednesday,2,20.7
4110,video,11,0,7,11,0,0,0,0,0,2018-03-28 08:40:00,2018,3,Wednesday,2,8.666666666666666
4111,video,10,0,0,10,0,0,0,0,0,2018-03-27 05:36:00,2018,3,Tuesday,1,5.6
4112,video,4,0,0,4,0,0,0,0,0,2018-03-25 22:38:00,2018,3,Sunday,6,22.633333333333333
4113,video,0,0,0,0,0,0,0,0,0,2018-03-25 08:29:00,2018,3,Sunday,6,8.483333333333333
4114,video,2,0,0,2,0,0,0,0,0,2018-03-25 07:56:00,2018,3,Sunday,6,7.933333333333334
4115,video,0,0,0,0,0,0,0,0,0,2018-03-23 08:34:00,2018,3,Friday,4,8.566666666666666
4116,video,0,0,0,0,0,0,0,0,0,2018-03-23 04:13:00,2018,3,Friday,4,4.216666666666667
4117,video,1,0,0,1,0,0,0,0,0,2018-03-22 22:11:00,2018,3,Thursday,3,22.183333333333334
4118,video,0,0,0,0,0,0,0,0,0,2018-03-22 03:16:00,2018,3,Thursday,3,3.2666666666666666
4119,video,1,0,0,1,0,0,0,0,0,2018-03-22 00:06:00,2018,3,Thursday,3,0.1
4120,video,0,0,0,0,0,0,0,0,0,2018-03-21 08:26:00,2018,3,Wednesday,2,8.433333333333334
4121,video,0,0,0,0,0,0,0,0,0,2018-03-20 06:30:00,2018,3,Tuesday,1,6.5
4122,video,0,0,0,0,0,0,0,0,0,2018-03-20 01:56:00,2018,3,Tuesday,1,1.9333333333333333
4123,video,4,0,0,4,0,0,0,0,0,2018-03-18 07:42:00,2018,3,Sunday,6,7.7
4124,video,1,0,0,1,0,0,0,0,0,2018-03-18 04:03:00,2018,3,Sunday,6,4.05
4125,video,0,0,0,0,0,0,0,0,0,2018-03-17 05:27:00,2018,3,Saturday,5,5.45
4126,video,0,0,0,0,0,0,0,0,0,2018-03-14 08:05:00,2018,3,Wednesday,2,8.083333333333334
4127,video,0,0,0,0,0,0,0,0,0,2018-03-13 07:43:00,2018,3,Tuesday,1,7.716666666666667
4128,video,0,0,0,0,0,0,0,0,0,2018-03-13 07:36:00,2018,3,Tuesday,1,7.6
4129,video,2,0,0,2,0,0,0,0,0,2018-03-11 02:13:00,2018,3,Sunday,6,2.216666666666667
4130,video,2,0,1,2,0,0,0,0,0,2018-03-09 22:53:00,2018,3,Friday,4,22.883333333333333
4131,video,1,0,1,1,0,0,0,0,0,2018-03-09 08:11:00,2018,3,Friday,4,8.183333333333334
4132,video,0,0,1,0,0,0,0,0,0,2018-03-09 07:03:00,2018,3,Friday,4,7.05
4133,video,0,0,0,0,0,0,0,0,0,2018-03-08 08:41:00,2018,3,Thursday,3,8.683333333333334
4134,video,3,0,0,3,0,0,0,0,0,2018-03-08 07:35:00,2018,3,Thursday,3,7.583333333333333
4135,video,0,0,0,0,0,0,0,0,0,2018-03-08 04:57:00,2018,3,Thursday,3,4.95
4136,video,1,0,1,1,0,0,0,0,0,2018-03-07 22:47:00,2018,3,Wednesday,2,22.783333333333335
4137,video,2,0,0,2,0,0,0,0,0,2018-03-07 22:03:00,2018,3,Wednesday,2,22.05
4138,video,0,0,0,0,0,0,0,0,0,2018-03-06 22:12:00,2018,3,Tuesday,1,22.2
4139,video,0,0,0,0,0,0,0,0,0,2018-03-06 09:42:00,2018,3,Tuesday,1,9.7
4140,video,0,0,0,0,0,0,0,0,0,2018-03-05 23:11:00,2018,3,Monday,0,23.183333333333334
4141,video,1,0,0,1,0,0,0,0,0,2018-03-05 08:36:00,2018,3,Monday,0,8.6
4142,video,3,0,0,3,0,0,0,0,0,2018-03-05 03:17:00,2018,3,Monday,0,3.283333333333333
4143,video,1,0,0,1,0,0,0,0,0,2018-03-05 02:11:00,2018,3,Monday,0,2.183333333333333
4144,video,4,0,1,4,0,0,0,0,0,2018-03-04 23:02:00,2018,3,Sunday,6,23.033333333333335
4145,video,3,0,0,3,0,0,0,0,0,2018-03-04 05:07:00,2018,3,Sunday,6,5.116666666666666
4146,video,1,0,0,1,0,0,0,0,0,2018-03-04 02:55:00,2018,3,Sunday,6,2.9166666666666665
4147,video,1,0,0,1,0,0,0,0,0,2018-03-03 02:45:00,2018,3,Saturday,5,2.75
4148,video,1,0,0,0,1,0,0,0,0,2018-03-02 02:47:00,2018,3,Friday,4,2.783333333333333
4149,video,2,0,0,2,0,0,0,0,0,2018-03-01 22:31:00,2018,3,Thursday,3,22.516666666666666
4150,video,0,0,0,0,0,0,0,0,0,2018-03-01 22:28:00,2018,3,Thursday,3,22.466666666666665
4151,video,2,0,1,2,0,0,0,0,0,2018-03-01 03:18:00,2018,3,Thursday,3,3.3
4152,video,64,91,322,54,7,1,2,0,0,2018-03-01 01:57:00,2018,3,Thursday,3,1.95
4153,video,1,0,0,1,0,0,0,0,0,2018-02-28 23:00:00,2018,2,Wednesday,2,23.0
4154,video,34,73,242,27,5,1,0,0,1,2018-02-28 22:21:00,2018,2,Wednesday,2,22.35
4155,video,0,0,0,0,0,0,0,0,0,2018-02-28 08:26:00,2018,2,Wednesday,2,8.433333333333334
4156,video,0,0,0,0,0,0,0,0,0,2018-02-28 07:40:00,2018,2,Wednesday,2,7.666666666666667
4157,video,3,0,1,3,0,0,0,0,0,2018-02-27 07:48:00,2018,2,Tuesday,1,7.8
4158,video,4,0,1,4,0,0,0,0,0,2018-02-26 07:58:00,2018,2,Monday,0,7.966666666666667
4159,video,7,0,0,7,0,0,0,0,0,2018-02-24 05:07:00,2018,2,Saturday,5,5.116666666666666
4160,video,4,0,0,3,1,0,0,0,0,2018-02-23 07:16:00,2018,2,Friday,4,7.266666666666667
4161,video,0,0,0,0,0,0,0,0,0,2018-02-22 08:33:00,2018,2,Thursday,3,8.55
4162,video,1,0,0,1,0,0,0,0,0,2018-02-22 07:14:00,2018,2,Thursday,3,7.233333333333333
4163,video,3,0,0,2,1,0,0,0,0,2018-02-22 04:44:00,2018,2,Thursday,3,4.733333333333333
4164,video,5,0,0,5,0,0,0,0,0,2018-02-20 07:33:00,2018,2,Tuesday,1,7.55
4165,video,4,0,0,4,0,0,0,0,0,2018-02-20 03:48:00,2018,2,Tuesday,1,3.8
4166,photo,1,1,1,1,0,0,0,0,0,2018-02-17 03:31:00,2018,2,Saturday,5,3.5166666666666666
4167,video,1,0,0,1,0,0,0,0,0,2018-02-11 07:29:00,2018,2,Sunday,6,7.483333333333333
4168,video,5,0,1,5,0,0,0,0,0,2018-02-08 07:25:00,2018,2,Thursday,3,7.416666666666667
4169,video,5,0,0,5,0,0,0,0,0,2018-02-08 06:40:00,2018,2,Thursday,3,6.666666666666667
4170,video,0,0,0,0,0,0,0,0,0,2018-02-06 07:36:00,2018,2,Tuesday,1,7.6
4171,video,4,0,1,4,0,0,0,0,0,2018-02-03 06:09:00,2018,2,Saturday,5,6.15
4172,video,3,0,0,3,0,0,0,0,0,2018-01-31 07:49:00,2018,1,Wednesday,2,7.816666666666666
4173,video,7,0,0,7,0,0,0,0,0,2018-01-30 08:00:00,2018,1,Tuesday,1,8.0
4174,video,4,0,0,4,0,0,0,0,0,2018-01-29 04:44:00,2018,1,Monday,0,4.733333333333333
4175,video,3,0,0,3,0,0,0,0,0,2018-01-26 07:25:00,2018,1,Friday,4,7.416666666666667
4176,video,1,0,1,1,0,0,0,0,0,2018-01-26 05:51:00,2018,1,Friday,4,5.85
4177,video,1,0,0,1,0,0,0,0,0,2018-01-25 05:11:00,2018,1,Thursday,3,5.183333333333334
4178,video,0,0,0,0,0,0,0,0,0,2018-01-25 03:59:00,2018,1,Thursday,3,3.9833333333333334
4179,video,1,0,0,1,0,0,0,0,0,2018-01-24 08:17:00,2018,1,Wednesday,2,8.283333333333333
4180,video,2,0,0,2,0,0,0,0,0,2018-01-24 07:12:00,2018,1,Wednesday,2,7.2
4181,video,4,0,0,4,0,0,0,0,0,2018-01-24 05:12:00,2018,1,Wednesday,2,5.2
4182,video,3,0,0,3,0,0,0,0,0,2018-01-23 09:27:00,2018,1,Tuesday,1,9.45
4183,video,3,0,0,3,0,0,0,0,0,2018-01-23 07:06:00,2018,1,Tuesday,1,7.1
4184,video,2,0,0,2,0,0,0,0,0,2018-01-23 06:40:00,2018,1,Tuesday,1,6.666666666666667
4185,video,3,0,0,3,0,0,0,0,0,2018-01-23 05:03:00,2018,1,Tuesday,1,5.05
4186,video,2,0,0,2,0,0,0,0,0,2018-01-22 09:00:00,2018,1,Monday,0,9.0
4187,video,1,0,0,1,0,0,0,0,0,2018-01-20 09:18:00,2018,1,Saturday,5,9.3
4188,video,1,0,0,1,0,0,0,0,0,2018-01-20 07:41:00,2018,1,Saturday,5,7.683333333333334
4189,video,2,0,0,2,0,0,0,0,0,2018-01-20 04:15:00,2018,1,Saturday,5,4.25
4190,video,11,0,0,10,1,0,0,0,0,2018-01-19 01:03:00,2018,1,Friday,4,1.05
4191,video,3,0,0,3,0,0,0,0,0,2018-01-18 07:23:00,2018,1,Thursday,3,7.383333333333334
4192,video,6,0,0,6,0,0,0,0,0,2018-01-15 07:37:00,2018,1,Monday,0,7.616666666666667
4193,video,1,0,0,1,0,0,0,0,0,2018-01-14 02:53:00,2018,1,Sunday,6,2.8833333333333333
4194,video,2,0,0,2,0,0,0,0,0,2018-01-13 07:07:00,2018,1,Saturday,5,7.116666666666666
4195,video,0,0,0,0,0,0,0,0,0,2018-01-12 08:21:00,2018,1,Friday,4,8.35
4196,video,2,0,0,2,0,0,0,0,0,2018-01-12 06:01:00,2018,1,Friday,4,6.016666666666667
4197,video,0,0,0,0,0,0,0,0,0,2018-01-10 08:10:00,2018,1,Wednesday,2,8.166666666666666
4198,video,1,0,0,1,0,0,0,0,0,2018-01-10 07:12:00,2018,1,Wednesday,2,7.2
4199,video,7,1,0,7,0,0,0,0,0,2018-01-09 05:46:00,2018,1,Tuesday,1,5.766666666666667
4200,video,0,0,0,0,0,0,0,0,0,2018-01-08 08:24:00,2018,1,Monday,0,8.4
4201,video,3,0,1,3,0,0,0,0,0,2018-01-08 07:14:00,2018,1,Monday,0,7.233333333333333
4202,video,1,0,0,1,0,0,0,0,0,2018-01-08 07:02:00,2018,1,Monday,0,7.033333333333333
4203,video,1,0,0,1,0,0,0,0,0,2018-01-07 08:42:00,2018,1,Sunday,6,8.7
4204,video,1,0,0,1,0,0,0,0,0,2018-01-07 08:27:00,2018,1,Sunday,6,8.45
4205,video,3,0,0,3,0,0,0,0,0,2018-01-07 08:00:00,2018,1,Sunday,6,8.0
4206,video,0,0,0,0,0,0,0,0,0,2018-01-06 09:06:00,2018,1,Saturday,5,9.1
4207,video,1,0,0,1,0,0,0,0,0,2018-01-06 07:16:00,2018,1,Saturday,5,7.266666666666667
4208,video,4,0,0,4,0,0,0,0,0,2018-01-06 06:24:00,2018,1,Saturday,5,6.4
4209,video,3,0,0,3,0,0,0,0,0,2018-01-05 08:06:00,2018,1,Friday,4,8.1
4210,video,2,0,0,2,0,0,0,0,0,2018-01-05 06:09:00,2018,1,Friday,4,6.15
4211,video,4,0,0,4,0,0,0,0,0,2018-01-04 07:10:00,2018,1,Thursday,3,7.166666666666667
4212,video,0,0,0,0,0,0,0,0,0,2018-01-03 03:54:00,2018,1,Wednesday,2,3.9
4213,video,5,0,0,4,1,0,0,0,0,2018-01-03 01:01:00,2018,1,Wednesday,2,1.0166666666666666
4214,photo,1,0,0,0,1,0,0,0,0,2017-12-30 20:47:00,2017,12,Saturday,5,20.783333333333335
4215,photo,1,1,0,0,1,0,0,0,0,2017-12-30 20:46:00,2017,12,Saturday,5,20.766666666666666
4216,video,9,0,0,9,0,0,0,0,0,2017-12-29 07:08:00,2017,12,Friday,4,7.133333333333334
4217,video,5,0,0,5,0,0,0,0,0,2017-12-29 05:46:00,2017,12,Friday,4,5.766666666666667
4218,video,3,0,0,3,0,0,0,0,0,2017-12-28 08:09:00,2017,12,Thursday,3,8.15
4219,video,7,0,0,7,0,0,0,0,0,2017-12-28 06:51:00,2017,12,Thursday,3,6.85
4220,video,2,0,0,2,0,0,0,0,0,2017-12-28 06:49:00,2017,12,Thursday,3,6.816666666666666
4221,video,4,0,0,4,0,0,0,0,0,2017-12-27 07:41:00,2017,12,Wednesday,2,7.683333333333334
4222,video,5,0,0,5,0,0,0,0,0,2017-12-27 05:27:00,2017,12,Wednesday,2,5.45
4223,video,3,0,0,3,0,0,0,0,0,2017-12-26 08:02:00,2017,12,Tuesday,1,8.033333333333333
4224,video,5,0,0,5,0,0,0,0,0,2017-12-26 07:12:00,2017,12,Tuesday,1,7.2
4225,video,8,0,0,8,0,0,0,0,0,2017-12-25 23:11:00,2017,12,Monday,0,23.183333333333334
4226,video,2,0,0,2,0,0,0,0,0,2017-12-25 04:56:00,2017,12,Monday,0,4.933333333333334
4227,video,3,0,0,3,0,0,0,0,0,2017-12-25 02:08:00,2017,12,Monday,0,2.1333333333333333
4228,video,2,0,0,2,0,0,0,0,0,2017-12-25 00:02:00,2017,12,Monday,0,0.03333333333333333
4229,video,4,0,0,4,0,0,0,0,0,2017-12-24 23:10:00,2017,12,Sunday,6,23.166666666666668
4230,video,3,0,0,3,0,0,0,0,0,2017-12-24 08:20:00,2017,12,Sunday,6,8.333333333333334
4231,video,5,0,0,4,1,0,0,0,0,2017-12-24 07:22:00,2017,12,Sunday,6,7.366666666666666
4232,video,6,0,0,6,0,0,0,0,0,2017-12-24 05:02:00,2017,12,Sunday,6,5.033333333333333
4233,video,3,0,0,3,0,0,0,0,0,2017-12-24 04:14:00,2017,12,Sunday,6,4.233333333333333
4234,video,1,0,0,1,0,0,0,0,0,2017-12-23 07:59:00,2017,12,Saturday,5,7.983333333333333
4235,video,5,0,0,5,0,0,0,0,0,2017-12-23 04:31:00,2017,12,Saturday,5,4.516666666666667
4236,video,4,0,0,4,0,0,0,0,0,2017-12-22 22:52:00,2017,12,Friday,4,22.866666666666667
4237,video,2,0,0,2,0,0,0,0,0,2017-12-19 08:26:00,2017,12,Tuesday,1,8.433333333333334
4238,video,0,0,0,0,0,0,0,0,0,2017-12-19 07:22:00,2017,12,Tuesday,1,7.366666666666666
4239,video,0,0,0,0,0,0,0,0,0,2017-12-18 08:05:00,2017,12,Monday,0,8.083333333333334
4240,video,7,0,0,7,0,0,0,0,0,2017-12-18 07:00:00,2017,12,Monday,0,7.0
4241,video,2,0,0,2,0,0,0,0,0,2017-12-18 05:55:00,2017,12,Monday,0,5.916666666666667
4242,video,9,0,0,9,0,0,0,0,0,2017-12-18 04:46:00,2017,12,Monday,0,4.766666666666667
4243,video,3,0,0,3,0,0,0,0,0,2017-12-17 08:28:00,2017,12,Sunday,6,8.466666666666667
4244,video,4,0,0,4,0,0,0,0,0,2017-12-17 07:32:00,2017,12,Sunday,6,7.533333333333333
4245,video,1,0,0,1,0,0,0,0,0,2017-12-17 05:19:00,2017,12,Sunday,6,5.316666666666666
4246,video,2,0,0,2,0,0,0,0,0,2017-12-17 04:15:00,2017,12,Sunday,6,4.25
4247,video,0,0,0,0,0,0,0,0,0,2017-12-16 08:28:00,2017,12,Saturday,5,8.466666666666667
4248,video,3,0,0,3,0,0,0,0,0,2017-12-16 07:15:00,2017,12,Saturday,5,7.25
4249,video,0,0,0,0,0,0,0,0,0,2017-12-15 09:14:00,2017,12,Friday,4,9.233333333333333
4250,video,2,0,0,2,0,0,0,0,0,2017-12-15 08:29:00,2017,12,Friday,4,8.483333333333333
4251,video,5,0,0,5,0,0,0,0,0,2017-12-15 07:09:00,2017,12,Friday,4,7.15
4252,video,1,0,0,1,0,0,0,0,0,2017-12-14 09:26:00,2017,12,Thursday,3,9.433333333333334
4253,video,2,0,0,2,0,0,0,0,0,2017-12-14 08:32:00,2017,12,Thursday,3,8.533333333333333
4254,video,0,0,0,0,0,0,0,0,0,2017-12-14 07:16:00,2017,12,Thursday,3,7.266666666666667
4255,video,5,0,0,5,0,0,0,0,0,2017-12-14 06:23:00,2017,12,Thursday,3,6.383333333333334
4256,video,1,0,0,1,0,0,0,0,0,2017-12-12 08:46:00,2017,12,Tuesday,1,8.766666666666667
4257,video,11,0,0,11,0,0,0,0,0,2017-12-12 07:18:00,2017,12,Tuesday,1,7.3
4258,video,3,0,0,3,0,0,0,0,0,2017-12-12 05:39:00,2017,12,Tuesday,1,5.65
4259,video,10,0,0,10,0,0,0,0,0,2017-12-11 07:24:00,2017,12,Monday,0,7.4
4260,video,91,91,277,78,13,0,0,0,0,2017-12-11 07:17:00,2017,12,Monday,0,7.283333333333333
4261,video,3,0,0,3,0,0,0,0,0,2017-12-11 03:49:00,2017,12,Monday,0,3.8166666666666664
4262,video,1,0,0,1,0,0,0,0,0,2017-12-10 08:44:00,2017,12,Sunday,6,8.733333333333333
4263,video,1,0,0,1,0,0,0,0,0,2017-12-10 07:54:00,2017,12,Sunday,6,7.9
4264,video,2,0,0,2,0,0,0,0,0,2017-12-10 04:48:00,2017,12,Sunday,6,4.8
4265,video,1,0,0,1,0,0,0,0,0,2017-12-10 03:21:00,2017,12,Sunday,6,3.35
4266,video,0,0,0,0,0,0,0,0,0,2017-12-10 02:53:00,2017,12,Sunday,6,2.8833333333333333
4267,video,7,0,0,7,0,0,0,0,0,2017-12-10 01:55:00,2017,12,Sunday,6,1.9166666666666665
4268,video,1,0,0,1,0,0,0,0,0,2017-12-09 09:26:00,2017,12,Saturday,5,9.433333333333334
4269,video,1,0,0,1,0,0,0,0,0,2017-12-09 08:28:00,2017,12,Saturday,5,8.466666666666667
4270,video,3,0,0,3,0,0,0,0,0,2017-12-09 07:15:00,2017,12,Saturday,5,7.25
4271,video,5,0,0,5,0,0,0,0,0,2017-12-09 05:59:00,2017,12,Saturday,5,5.983333333333333
4272,video,5,0,0,5,0,0,0,0,0,2017-12-09 05:09:00,2017,12,Saturday,5,5.15
4273,video,1,0,0,1,0,0,0,0,0,2017-12-08 08:40:00,2017,12,Friday,4,8.666666666666666
4274,video,5,0,0,5,0,0,0,0,0,2017-12-08 07:22:00,2017,12,Friday,4,7.366666666666666
4275,video,4,1,0,4,0,0,0,0,0,2017-12-08 06:31:00,2017,12,Friday,4,6.516666666666667
4276,video,8,0,0,8,0,0,0,0,0,2017-12-08 05:06:00,2017,12,Friday,4,5.1
4277,video,3,0,0,3,0,0,0,0,0,2017-12-06 08:23:00,2017,12,Wednesday,2,8.383333333333333
4278,video,5,0,0,5,0,0,0,0,0,2017-12-06 07:32:00,2017,12,Wednesday,2,7.533333333333333
4279,video,47,39,8,43,4,0,0,0,0,2017-12-06 05:27:00,2017,12,Wednesday,2,5.45
4280,video,28,39,16,27,1,0,0,0,0,2017-12-06 05:01:00,2017,12,Wednesday,2,5.016666666666667
4281,video,3,0,0,3,0,0,0,0,0,2017-12-05 04:12:00,2017,12,Tuesday,1,4.2
4282,video,3,0,0,3,0,0,0,0,0,2017-12-05 03:24:00,2017,12,Tuesday,1,3.4
4283,video,1,0,0,1,0,0,0,0,0,2017-12-05 02:54:00,2017,12,Tuesday,1,2.9
4284,video,105,136,67,89,15,0,1,0,0,2017-12-05 02:51:00,2017,12,Tuesday,1,2.85
4285,video,8,0,0,8,0,0,0,0,0,2017-12-05 01:32:00,2017,12,Tuesday,1,1.5333333333333332
4286,video,182,235,73,161,20,0,1,0,0,2017-12-05 01:24:00,2017,12,Tuesday,1,1.4
4287,video,1,0,0,1,0,0,0,0,0,2017-12-04 08:57:00,2017,12,Monday,0,8.95
4288,video,4,0,0,4,0,0,0,0,0,2017-12-04 07:46:00,2017,12,Monday,0,7.766666666666667
4289,video,2,0,0,2,0,0,0,0,0,2017-12-03 09:25:00,2017,12,Sunday,6,9.416666666666666
4290,video,3,0,0,3,0,0,0,0,0,2017-12-03 09:03:00,2017,12,Sunday,6,9.05
4291,video,1,0,0,1,0,0,0,0,0,2017-12-03 08:40:00,2017,12,Sunday,6,8.666666666666666
4292,video,0,0,0,0,0,0,0,0,0,2017-12-03 08:26:00,2017,12,Sunday,6,8.433333333333334
4293,video,0,0,0,0,0,0,0,0,0,2017-12-03 08:07:00,2017,12,Sunday,6,8.116666666666667
4294,video,3,0,0,3,0,0,0,0,0,2017-12-03 07:31:00,2017,12,Sunday,6,7.516666666666667
4295,video,116,200,239,94,18,2,2,0,0,2017-12-03 07:17:00,2017,12,Sunday,6,7.283333333333333
4296,video,7,0,0,7,0,0,0,0,0,2017-12-03 05:14:00,2017,12,Sunday,6,5.233333333333333
4297,video,10,0,0,10,0,0,0,0,0,2017-12-03 04:34:00,2017,12,Sunday,6,4.566666666666666
4298,video,42,89,295,35,7,0,0,0,0,2017-12-03 04:33:00,2017,12,Sunday,6,4.55
4299,video,2,0,0,2,0,0,0,0,0,2017-12-03 03:35:00,2017,12,Sunday,6,3.5833333333333335
4300,video,0,0,0,0,0,0,0,0,0,2017-12-03 02:46:00,2017,12,Sunday,6,2.7666666666666666
4301,video,133,157,278,117,16,0,0,0,0,2017-12-03 02:32:00,2017,12,Sunday,6,2.533333333333333
4302,video,4,0,0,4,0,0,0,0,0,2017-12-02 08:04:00,2017,12,Saturday,5,8.066666666666666
4303,video,16,1,0,15,1,0,0,0,0,2017-12-02 07:02:00,2017,12,Saturday,5,7.033333333333333
4304,video,128,164,79,109,18,1,0,0,0,2017-12-02 07:00:00,2017,12,Saturday,5,7.0
4305,video,2,0,0,2,0,0,0,0,0,2017-12-02 06:18:00,2017,12,Saturday,5,6.3
4306,video,3,0,0,3,0,0,0,0,0,2017-12-02 05:54:00,2017,12,Saturday,5,5.9
4307,video,3,0,0,3,0,0,0,0,0,2017-12-02 04:53:00,2017,12,Saturday,5,4.883333333333333
4308,video,54,90,281,47,7,0,0,0,0,2017-12-02 04:45:00,2017,12,Saturday,5,4.75
4309,video,1,0,0,1,0,0,0,0,0,2017-12-02 04:07:00,2017,12,Saturday,5,4.116666666666666
4310,video,2,0,0,2,0,0,0,0,0,2017-12-02 03:42:00,2017,12,Saturday,5,3.7
4311,video,5,0,0,5,0,0,0,0,0,2017-12-02 03:13:00,2017,12,Saturday,5,3.216666666666667
4312,video,71,123,277,58,10,0,2,0,1,2017-12-02 03:03:00,2017,12,Saturday,5,3.05
4313,video,3,0,0,3,0,0,0,0,0,2017-12-01 23:58:00,2017,12,Friday,4,23.966666666666665
4314,video,6,0,0,5,1,0,0,0,0,2017-12-01 22:44:00,2017,12,Friday,4,22.733333333333334
4315,video,88,247,319,72,13,1,1,1,0,2017-12-01 22:39:00,2017,12,Friday,4,22.65
4316,video,3,0,0,3,0,0,0,0,0,2017-12-01 08:45:00,2017,12,Friday,4,8.75
4317,video,0,0,0,0,0,0,0,0,0,2017-12-01 08:12:00,2017,12,Friday,4,8.2
4318,video,0,0,0,0,0,0,0,0,0,2017-12-01 08:11:00,2017,12,Friday,4,8.183333333333334
4319,video,0,0,0,0,0,0,0,0,0,2017-12-01 08:10:00,2017,12,Friday,4,8.166666666666666
4320,video,3,0,0,3,0,0,0,0,0,2017-12-01 08:00:00,2017,12,Friday,4,8.0
4321,video,1,0,0,1,0,0,0,0,0,2017-12-01 08:00:00,2017,12,Friday,4,8.0
4322,video,95,129,56,82,12,0,0,1,0,2017-12-01 07:55:00,2017,12,Friday,4,7.916666666666667
4323,video,1,1,0,1,0,0,0,0,0,2017-12-01 07:32:00,2017,12,Friday,4,7.533333333333333
4324,video,2,0,0,2,0,0,0,0,0,2017-12-01 07:18:00,2017,12,Friday,4,7.3
4325,video,1,1,0,1,0,0,0,0,0,2017-12-01 07:12:00,2017,12,Friday,4,7.2
4326,video,83,96,330,73,9,1,0,0,0,2017-12-01 07:01:00,2017,12,Friday,4,7.016666666666667
4327,video,5,1,0,5,0,0,0,0,0,2017-12-01 05:29:00,2017,12,Friday,4,5.483333333333333
4328,video,103,116,356,87,13,2,1,0,0,2017-12-01 05:25:00,2017,12,Friday,4,5.416666666666667
4329,video,2,1,0,2,0,0,0,0,0,2017-11-30 08:35:00,2017,11,Thursday,3,8.583333333333334
4330,video,237,338,310,186,43,1,5,0,2,2017-11-30 06:56:00,2017,11,Thursday,3,6.933333333333334
4331,video,2,1,0,2,0,0,0,0,0,2017-11-30 05:59:00,2017,11,Thursday,3,5.983333333333333
4332,video,0,1,0,0,0,0,0,0,0,2017-11-30 05:17:00,2017,11,Thursday,3,5.283333333333333
4333,video,3,2,0,3,0,0,0,0,0,2017-11-30 04:42:00,2017,11,Thursday,3,4.7
4334,video,1,1,0,1,0,0,0,0,0,2017-11-29 09:53:00,2017,11,Wednesday,2,9.883333333333333
4335,video,1,1,0,1,0,0,0,0,0,2017-11-29 09:08:00,2017,11,Wednesday,2,9.133333333333333
4336,video,1,0,0,1,0,0,0,0,0,2017-11-29 08:35:00,2017,11,Wednesday,2,8.583333333333334
4337,video,2,1,0,2,0,0,0,0,0,2017-11-29 07:48:00,2017,11,Wednesday,2,7.8
4338,video,136,265,128,103,28,2,2,1,0,2017-11-29 07:27:00,2017,11,Wednesday,2,7.45
4339,video,5,0,0,5,0,0,0,0,0,2017-11-29 04:25:00,2017,11,Wednesday,2,4.416666666666667
4340,video,16,5,4,15,1,0,0,0,0,2017-11-28 08:59:00,2017,11,Tuesday,1,8.983333333333333
4341,video,4,0,0,4,0,0,0,0,0,2017-11-28 08:58:00,2017,11,Tuesday,1,8.966666666666667
4342,video,3,1,0,3,0,0,0,0,0,2017-11-28 06:48:00,2017,11,Tuesday,1,6.8
4343,video,4,0,0,4,0,0,0,0,0,2017-11-28 05:46:00,2017,11,Tuesday,1,5.766666666666667
4344,video,1,0,0,1,0,0,0,0,0,2017-11-27 03:02:00,2017,11,Monday,0,3.033333333333333
4345,video,3,0,0,3,0,0,0,0,0,2017-11-27 01:53:00,2017,11,Monday,0,1.8833333333333333
4346,video,3,0,0,3,0,0,0,0,0,2017-11-27 01:25:00,2017,11,Monday,0,1.4166666666666667
4347,video,1,0,0,1,0,0,0,0,0,2017-11-26 08:50:00,2017,11,Sunday,6,8.833333333333334
4348,video,7,0,0,7,0,0,0,0,0,2017-11-26 07:39:00,2017,11,Sunday,6,7.65
4349,video,2,0,0,2,0,0,0,0,0,2017-11-26 05:53:00,2017,11,Sunday,6,5.883333333333333
4350,video,1,0,0,1,0,0,0,0,0,2017-11-26 05:05:00,2017,11,Sunday,6,5.083333333333333
4351,video,2,0,0,2,0,0,0,0,0,2017-11-26 04:04:00,2017,11,Sunday,6,4.066666666666666
4352,video,1,0,0,1,0,0,0,0,0,2017-11-26 03:11:00,2017,11,Sunday,6,3.183333333333333
4353,video,3,0,0,3,0,0,0,0,0,2017-11-25 08:04:00,2017,11,Saturday,5,8.066666666666666
4354,video,8,0,0,8,0,0,0,0,0,2017-11-25 07:05:00,2017,11,Saturday,5,7.083333333333333
4355,video,3,0,0,3,0,0,0,0,0,2017-11-25 04:59:00,2017,11,Saturday,5,4.983333333333333
4356,video,3,0,0,3,0,0,0,0,0,2017-11-25 04:03:00,2017,11,Saturday,5,4.05
4357,video,0,0,0,0,0,0,0,0,0,2017-11-24 08:32:00,2017,11,Friday,4,8.533333333333333
4358,video,5,0,0,5,0,0,0,0,0,2017-11-24 07:19:00,2017,11,Friday,4,7.316666666666666
4359,video,0,0,0,0,0,0,0,0,0,2017-11-24 06:33:00,2017,11,Friday,4,6.55
4360,video,2,0,0,2,0,0,0,0,0,2017-11-24 05:43:00,2017,11,Friday,4,5.716666666666667
4361,video,3,0,0,3,0,0,0,0,0,2017-11-24 05:08:00,2017,11,Friday,4,5.133333333333334
4362,video,2,0,0,2,0,0,0,0,0,2017-11-24 04:27:00,2017,11,Friday,4,4.45
4363,video,3,0,0,3,0,0,0,0,0,2017-11-24 03:41:00,2017,11,Friday,4,3.6833333333333336
4364,video,2,0,0,2,0,0,0,0,0,2017-11-23 08:23:00,2017,11,Thursday,3,8.383333333333333
4365,video,4,0,0,4,0,0,0,0,0,2017-11-23 07:49:00,2017,11,Thursday,3,7.816666666666666
4366,video,2,0,0,2,0,0,0,0,0,2017-11-23 06:57:00,2017,11,Thursday,3,6.95
4367,video,2,0,0,2,0,0,0,0,0,2017-11-23 06:00:00,2017,11,Thursday,3,6.0
4368,video,8,0,0,8,0,0,0,0,0,2017-11-23 04:57:00,2017,11,Thursday,3,4.95
4369,video,2,0,0,2,0,0,0,0,0,2017-11-21 08:22:00,2017,11,Tuesday,1,8.366666666666667
4370,video,3,0,0,3,0,0,0,0,0,2017-11-21 04:08:00,2017,11,Tuesday,1,4.133333333333334
4371,video,3,0,0,2,1,0,0,0,0,2017-11-21 03:46:00,2017,11,Tuesday,1,3.7666666666666666
4372,video,1,0,0,1,0,0,0,0,0,2017-11-21 02:51:00,2017,11,Tuesday,1,2.85
4373,video,4,0,0,3,1,0,0,0,0,2017-11-21 01:41:00,2017,11,Tuesday,1,1.6833333333333333
4374,video,3,0,0,3,0,0,0,0,0,2017-11-20 09:11:00,2017,11,Monday,0,9.183333333333334
4375,video,3,0,0,3,0,0,0,0,0,2017-11-20 08:43:00,2017,11,Monday,0,8.716666666666667
4376,video,3,0,0,3,0,0,0,0,0,2017-11-20 07:59:00,2017,11,Monday,0,7.983333333333333
4377,video,6,0,0,6,0,0,0,0,0,2017-11-20 07:42:00,2017,11,Monday,0,7.7
4378,video,4,0,0,4,0,0,0,0,0,2017-11-20 04:11:00,2017,11,Monday,0,4.183333333333334
4379,video,7,0,0,7,0,0,0,0,0,2017-11-20 02:24:00,2017,11,Monday,0,2.4
4380,video,7,0,0,7,0,0,0,0,0,2017-11-19 07:28:00,2017,11,Sunday,6,7.466666666666667
4381,video,2,0,0,2,0,0,0,0,0,2017-11-19 06:54:00,2017,11,Sunday,6,6.9
4382,video,2,0,0,2,0,0,0,0,0,2017-11-19 03:55:00,2017,11,Sunday,6,3.9166666666666665
4383,video,0,0,0,0,0,0,0,0,0,2017-11-19 03:32:00,2017,11,Sunday,6,3.533333333333333
4384,video,7,0,0,7,0,0,0,0,0,2017-11-19 02:41:00,2017,11,Sunday,6,2.6833333333333336
4385,video,0,0,0,0,0,0,0,0,0,2017-11-19 01:51:00,2017,11,Sunday,6,1.85
4386,video,5,0,0,5,0,0,0,0,0,2017-11-19 00:59:00,2017,11,Sunday,6,0.9833333333333333
4387,video,2,0,0,2,0,0,0,0,0,2017-11-18 09:04:00,2017,11,Saturday,5,9.066666666666666
4388,video,8,0,0,8,0,0,0,0,0,2017-11-18 08:26:00,2017,11,Saturday,5,8.433333333333334
4389,video,0,0,0,0,0,0,0,0,0,2017-11-18 07:57:00,2017,11,Saturday,5,7.95
4390,video,0,0,0,0,0,0,0,0,0,2017-11-18 07:43:00,2017,11,Saturday,5,7.716666666666667
4391,video,4,1,0,4,0,0,0,0,0,2017-11-18 06:32:00,2017,11,Saturday,5,6.533333333333333
4392,video,14,1,0,14,0,0,0,0,0,2017-11-18 05:37:00,2017,11,Saturday,5,5.616666666666667
4393,video,10,0,0,10,0,0,0,0,0,2017-11-17 09:10:00,2017,11,Friday,4,9.166666666666666
4394,video,9,0,0,9,0,0,0,0,0,2017-11-17 08:02:00,2017,11,Friday,4,8.033333333333333
4395,video,1,0,0,1,0,0,0,0,0,2017-11-17 07:00:00,2017,11,Friday,4,7.0
4396,video,2,0,0,2,0,0,0,0,0,2017-11-17 06:19:00,2017,11,Friday,4,6.316666666666666
4397,video,6,0,0,6,0,0,0,0,0,2017-11-17 05:41:00,2017,11,Friday,4,5.683333333333334
4398,video,0,0,0,0,0,0,0,0,0,2017-11-16 08:24:00,2017,11,Thursday,3,8.4
4399,video,8,0,0,8,0,0,0,0,0,2017-11-16 07:22:00,2017,11,Thursday,3,7.366666666666666
4400,video,6,0,0,6,0,0,0,0,0,2017-11-16 06:00:00,2017,11,Thursday,3,6.0
4401,video,4,0,0,4,0,0,0,0,0,2017-11-16 05:51:00,2017,11,Thursday,3,5.85
4402,video,1,0,0,1,0,0,0,0,0,2017-11-15 09:55:00,2017,11,Wednesday,2,9.916666666666666
4403,video,0,0,0,0,0,0,0,0,0,2017-11-15 09:55:00,2017,11,Wednesday,2,9.916666666666666
4404,video,0,0,0,0,0,0,0,0,0,2017-11-15 09:27:00,2017,11,Wednesday,2,9.45
4405,video,0,0,0,0,0,0,0,0,0,2017-11-15 09:04:00,2017,11,Wednesday,2,9.066666666666666
4406,video,2,0,0,2,0,0,0,0,0,2017-11-15 08:26:00,2017,11,Wednesday,2,8.433333333333334
4407,video,0,0,0,0,0,0,0,0,0,2017-11-15 07:56:00,2017,11,Wednesday,2,7.933333333333334
4408,video,12,0,0,12,0,0,0,0,0,2017-11-15 06:46:00,2017,11,Wednesday,2,6.766666666666667
4409,video,4,0,0,4,0,0,0,0,0,2017-11-14 05:44:00,2017,11,Tuesday,1,5.733333333333333
4410,video,3,0,0,3,0,0,0,0,0,2017-11-14 04:59:00,2017,11,Tuesday,1,4.983333333333333
4411,video,1,0,0,1,0,0,0,0,0,2017-11-14 04:26:00,2017,11,Tuesday,1,4.433333333333334
4412,video,1,0,0,1,0,0,0,0,0,2017-11-14 03:48:00,2017,11,Tuesday,1,3.8
4413,video,5,0,0,5,0,0,0,0,0,2017-11-14 03:17:00,2017,11,Tuesday,1,3.283333333333333
4414,video,0,0,0,0,0,0,0,0,0,2017-11-14 02:52:00,2017,11,Tuesday,1,2.8666666666666667
4415,video,5,0,0,5,0,0,0,0,0,2017-11-14 01:56:00,2017,11,Tuesday,1,1.9333333333333333
4416,video,0,0,0,0,0,0,0,0,0,2017-11-14 01:56:00,2017,11,Tuesday,1,1.9333333333333333
4417,video,6,0,0,6,0,0,0,0,0,2017-11-13 09:14:00,2017,11,Monday,0,9.233333333333333
4418,video,6,0,0,6,0,0,0,0,0,2017-11-13 07:20:00,2017,11,Monday,0,7.333333333333333
4419,video,3,0,0,3,0,0,0,0,0,2017-11-12 04:11:00,2017,11,Sunday,6,4.183333333333334
4420,video,5,0,0,5,0,0,0,0,0,2017-11-12 03:39:00,2017,11,Sunday,6,3.65
4421,video,0,0,0,0,0,0,0,0,0,2017-11-12 03:18:00,2017,11,Sunday,6,3.3
4422,video,2,0,0,2,0,0,0,0,0,2017-11-12 02:13:00,2017,11,Sunday,6,2.216666666666667
4423,video,7,0,0,7,0,0,0,0,0,2017-11-12 01:24:00,2017,11,Sunday,6,1.4
4424,video,2,0,0,2,0,0,0,0,0,2017-11-11 09:50:00,2017,11,Saturday,5,9.833333333333334
4425,video,5,0,0,5,0,0,0,0,0,2017-11-11 09:19:00,2017,11,Saturday,5,9.316666666666666
4426,video,3,0,0,3,0,0,0,0,0,2017-11-11 07:26:00,2017,11,Saturday,5,7.433333333333334
4427,video,5,0,0,5,0,0,0,0,0,2017-11-11 06:44:00,2017,11,Saturday,5,6.733333333333333
4428,video,0,0,0,0,0,0,0,0,0,2017-11-10 09:00:00,2017,11,Friday,4,9.0
4429,video,1,0,0,1,0,0,0,0,0,2017-11-10 08:37:00,2017,11,Friday,4,8.616666666666667
4430,video,1,0,0,1,0,0,0,0,0,2017-11-10 07:41:00,2017,11,Friday,4,7.683333333333334
4431,video,13,0,0,13,0,0,0,0,0,2017-11-10 07:07:00,2017,11,Friday,4,7.116666666666666
4432,video,8,0,0,8,0,0,0,0,0,2017-11-10 04:58:00,2017,11,Friday,4,4.966666666666667
4433,video,90,168,56,75,13,2,0,0,0,2017-11-10 04:43:00,2017,11,Friday,4,4.716666666666667
4434,video,3,0,0,3,0,0,0,0,0,2017-11-09 05:52:00,2017,11,Thursday,3,5.866666666666667
4435,video,3,0,0,3,0,0,0,0,0,2017-11-09 05:18:00,2017,11,Thursday,3,5.3
4436,video,103,330,152,84,17,0,1,0,1,2017-11-09 04:41:00,2017,11,Thursday,3,4.683333333333334
4437,video,1,0,0,1,0,0,0,0,0,2017-11-09 02:28:00,2017,11,Thursday,3,2.466666666666667
4438,video,3,0,0,3,0,0,0,0,0,2017-11-09 02:01:00,2017,11,Thursday,3,2.0166666666666666
4439,video,113,525,124,92,18,3,0,0,0,2017-11-09 01:47:00,2017,11,Thursday,3,1.7833333333333332
4440,video,1,0,0,1,0,0,0,0,0,2017-11-09 01:05:00,2017,11,Thursday,3,1.0833333333333333
4441,video,5,0,0,5,0,0,0,0,0,2017-11-09 00:14:00,2017,11,Thursday,3,0.23333333333333334
4442,video,8,0,0,8,0,0,0,0,0,2017-11-08 23:34:00,2017,11,Wednesday,2,23.566666666666666
4443,video,166,336,147,145,18,2,1,0,0,2017-11-08 23:26:00,2017,11,Wednesday,2,23.433333333333334
4444,video,2,0,0,2,0,0,0,0,0,2017-11-08 09:21:00,2017,11,Wednesday,2,9.35
4445,video,4,0,0,4,0,0,0,0,0,2017-11-08 08:31:00,2017,11,Wednesday,2,8.516666666666667
4446,video,2,0,0,2,0,0,0,0,0,2017-11-08 07:44:00,2017,11,Wednesday,2,7.733333333333333
4447,video,5,0,0,5,0,0,0,0,0,2017-11-08 06:31:00,2017,11,Wednesday,2,6.516666666666667
4448,video,300,860,274,259,35,2,4,0,0,2017-11-08 05:48:00,2017,11,Wednesday,2,5.8
4449,video,8,1,0,8,0,0,0,0,0,2017-11-07 08:51:00,2017,11,Tuesday,1,8.85
4450,video,3,1,0,3,0,0,0,0,0,2017-11-07 07:57:00,2017,11,Tuesday,1,7.95
4451,video,171,437,129,135,28,1,5,0,2,2017-11-07 07:14:00,2017,11,Tuesday,1,7.233333333333333
4452,video,95,131,65,81,13,0,1,0,0,2017-11-07 05:18:00,2017,11,Tuesday,1,5.3
4453,video,100,204,94,78,18,0,4,0,0,2017-11-07 01:52:00,2017,11,Tuesday,1,1.8666666666666667
4454,video,2,0,0,2,0,0,0,0,0,2017-11-06 09:53:00,2017,11,Monday,0,9.883333333333333
4455,video,1,0,0,1,0,0,0,0,0,2017-11-06 09:03:00,2017,11,Monday,0,9.05
4456,video,4,0,0,3,1,0,0,0,0,2017-11-06 07:49:00,2017,11,Monday,0,7.816666666666666
4457,video,5,0,0,4,1,0,0,0,0,2017-11-06 07:07:00,2017,11,Monday,0,7.116666666666666
4458,video,2,1,0,2,0,0,0,0,0,2017-11-06 06:33:00,2017,11,Monday,0,6.55
4459,video,275,401,351,221,49,4,1,0,0,2017-11-06 06:29:00,2017,11,Monday,0,6.483333333333333
4460,video,0,0,0,0,0,0,0,0,0,2017-11-06 05:21:00,2017,11,Monday,0,5.35
4461,video,0,0,0,0,0,0,0,0,0,2017-11-06 05:00:00,2017,11,Monday,0,5.0
4462,video,0,0,0,0,0,0,0,0,0,2017-11-06 04:32:00,2017,11,Monday,0,4.533333333333333
4463,video,1,0,0,1,0,0,0,0,0,2017-11-06 04:01:00,2017,11,Monday,0,4.016666666666667
4464,video,0,0,0,0,0,0,0,0,0,2017-11-06 03:40:00,2017,11,Monday,0,3.6666666666666665
4465,video,0,0,0,0,0,0,0,0,0,2017-11-06 03:09:00,2017,11,Monday,0,3.15
4466,video,1,0,0,1,0,0,0,0,0,2017-11-06 02:48:00,2017,11,Monday,0,2.8
4467,video,106,283,179,86,16,1,2,0,1,2017-11-06 02:35:00,2017,11,Monday,0,2.5833333333333335
4468,photo,10,1,0,10,0,0,0,0,0,2017-11-05 20:59:00,2017,11,Sunday,6,20.983333333333334
4469,video,1,0,0,1,0,0,0,0,0,2017-11-05 09:16:00,2017,11,Sunday,6,9.266666666666667
4470,video,3,0,0,3,0,0,0,0,0,2017-11-05 08:47:00,2017,11,Sunday,6,8.783333333333333
4471,video,60,442,85,52,8,0,0,0,0,2017-11-05 08:44:00,2017,11,Sunday,6,8.733333333333333
4472,video,2,0,0,2,0,0,0,0,0,2017-11-05 08:04:00,2017,11,Sunday,6,8.066666666666666
4473,video,1,1,0,1,0,0,0,0,0,2017-11-05 07:20:00,2017,11,Sunday,6,7.333333333333333
4474,video,231,331,197,180,46,1,2,1,1,2017-11-05 06:53:00,2017,11,Sunday,6,6.883333333333333
4475,video,2,0,0,2,0,0,0,0,0,2017-11-05 06:37:00,2017,11,Sunday,6,6.616666666666667
4476,video,0,0,0,0,0,0,0,0,0,2017-11-05 06:15:00,2017,11,Sunday,6,6.25
4477,video,138,119,81,116,19,2,0,0,1,2017-11-05 06:01:00,2017,11,Sunday,6,6.016666666666667
4478,photo,799,112,22,788,4,7,0,0,0,2018-06-11 09:35:00,2018,6,Monday,0,9.583333333333334
4479,status,1304,525,5,1265,8,31,0,0,0,2018-06-11 08:30:00,2018,6,Monday,0,8.5
4480,photo,16,50,0,16,0,0,0,0,0,2018-06-11 00:00:00,2018,6,Monday,0,0.0
4481,video,993,1131,351,894,90,4,3,2,0,2018-06-10 08:40:00,2018,6,Sunday,6,8.666666666666666
4482,video,1179,902,532,975,152,46,3,2,1,2018-06-10 06:23:00,2018,6,Sunday,6,6.383333333333334
4483,video,1143,1242,588,909,220,5,5,1,3,2018-06-09 08:37:00,2018,6,Saturday,5,8.616666666666667
4484,video,337,0,41,335,2,0,0,0,0,2018-06-09 06:31:00,2018,6,Saturday,5,6.516666666666667
4485,video,795,799,564,658,129,2,2,1,3,2018-06-09 06:26:00,2018,6,Saturday,5,6.433333333333334
4486,video,875,1177,366,764,102,3,3,1,2,2018-06-08 09:01:00,2018,6,Friday,4,9.016666666666667
4487,video,1120,909,601,960,150,4,3,0,3,2018-06-08 06:33:00,2018,6,Friday,4,6.55
4488,video,1172,1561,1100,1028,132,4,8,0,0,2018-06-07 08:41:00,2018,6,Thursday,3,8.683333333333334
4489,video,1360,1358,597,978,278,98,5,0,1,2018-06-07 06:35:00,2018,6,Thursday,3,6.583333333333333
4490,video,1490,2117,503,1344,129,5,8,1,3,2018-06-06 08:40:00,2018,6,Wednesday,2,8.666666666666666
4491,video,1405,1156,607,1041,237,114,9,3,1,2018-06-06 06:28:00,2018,6,Wednesday,2,6.466666666666667
4492,video,958,1249,335,855,97,3,2,1,0,2018-06-02 08:44:00,2018,6,Saturday,5,8.733333333333333
4493,video,355,4,29,355,0,0,0,0,0,2018-06-02 06:46:00,2018,6,Saturday,5,6.766666666666667
4494,video,874,1099,541,657,120,90,4,2,1,2018-06-02 06:41:00,2018,6,Saturday,5,6.683333333333334
4495,video,1174,1473,404,931,236,3,1,1,2,2018-06-01 08:37:00,2018,6,Friday,4,8.616666666666667
4496,video,1119,1585,544,1001,108,3,3,1,3,2018-06-01 06:35:00,2018,6,Friday,4,6.583333333333333
4497,photo,1206,144,5,1166,17,22,0,0,1,2018-06-01 03:04:00,2018,6,Friday,4,3.066666666666667
4498,video,1245,1325,352,1026,207,2,6,2,2,2018-05-31 09:06:00,2018,5,Thursday,3,9.1
4499,video,1280,923,529,1154,119,1,4,0,2,2018-05-31 07:04:00,2018,5,Thursday,3,7.066666666666666
4500,status,798,75,0,785,4,9,0,0,0,2018-05-29 10:22:00,2018,5,Tuesday,1,10.366666666666667
4501,video,1237,1230,341,1061,164,6,5,1,0,2018-05-29 08:37:00,2018,5,Tuesday,1,8.616666666666667
4502,video,1406,1609,726,1097,221,76,10,1,1,2018-05-29 06:14:00,2018,5,Tuesday,1,6.233333333333333
4503,video,1215,1131,364,1048,162,3,1,0,1,2018-05-28 08:49:00,2018,5,Monday,0,8.816666666666666
4504,video,1380,1330,506,1156,206,4,6,3,5,2018-05-28 06:17:00,2018,5,Monday,0,6.283333333333333
4505,video,1319,1293,377,1063,246,5,3,1,1,2018-05-27 08:39:00,2018,5,Sunday,6,8.65
4506,video,1695,2279,677,1387,289,13,4,1,1,2018-05-27 06:24:00,2018,5,Sunday,6,6.4
4507,photo,1090,176,11,1057,6,26,1,0,0,2018-05-27 03:04:00,2018,5,Sunday,6,3.066666666666667
4508,video,1159,1153,415,1009,138,6,5,0,1,2018-05-25 08:29:00,2018,5,Friday,4,8.483333333333333
4509,video,1355,1484,517,1182,160,4,6,1,2,2018-05-25 06:18:00,2018,5,Friday,4,6.3
4510,video,1312,1765,570,1139,160,7,4,2,0,2018-05-24 08:35:00,2018,5,Thursday,3,8.583333333333334
4511,video,1585,1913,628,1306,264,6,4,1,4,2018-05-24 06:22:00,2018,5,Thursday,3,6.366666666666666
4512,status,1482,588,5,1450,14,17,1,0,0,2018-05-24 03:26:00,2018,5,Thursday,3,3.4333333333333336
4513,video,1126,1220,375,976,141,4,4,1,0,2018-05-22 08:40:00,2018,5,Tuesday,1,8.666666666666666
4514,video,1959,6174,1330,1737,202,9,5,1,5,2018-05-22 06:17:00,2018,5,Tuesday,1,6.283333333333333
4515,video,1197,1727,416,1035,150,4,7,0,1,2018-05-21 08:40:00,2018,5,Monday,0,8.666666666666666
4516,video,565,3,83,561,3,1,0,0,0,2018-05-21 06:27:00,2018,5,Monday,0,6.45
4517,video,1368,1794,718,980,306,74,3,4,1,2018-05-21 06:18:00,2018,5,Monday,0,6.3
4518,video,1741,2257,2139,1155,504,69,11,2,0,2018-05-20 08:40:00,2018,5,Sunday,6,8.666666666666666
4519,video,1490,1671,568,1300,176,3,5,3,3,2018-05-20 06:23:00,2018,5,Sunday,6,6.383333333333334
4520,video,260,11,29,257,2,1,0,0,0,2018-05-19 09:14:00,2018,5,Saturday,5,9.233333333333333
4521,video,1172,1469,429,1019,132,9,4,6,2,2018-05-19 08:39:00,2018,5,Saturday,5,8.65
4522,video,426,5,70,422,2,1,1,0,0,2018-05-19 06:30:00,2018,5,Saturday,5,6.5
4523,video,1334,1846,770,998,310,8,13,0,5,2018-05-19 06:16:00,2018,5,Saturday,5,6.266666666666667
4524,video,1503,1920,866,1111,330,51,9,1,1,2018-05-18 08:35:00,2018,5,Friday,4,8.583333333333334
4525,video,1280,1568,476,1078,194,4,3,1,0,2018-05-18 06:22:00,2018,5,Friday,4,6.366666666666666
4526,video,1678,1499,685,1227,165,278,8,0,0,2018-05-17 08:38:00,2018,5,Thursday,3,8.633333333333333
4527,video,1290,1530,627,1032,149,106,3,0,0,2018-05-17 06:06:00,2018,5,Thursday,3,6.1
4528,video,1309,1267,413,1006,100,200,3,0,0,2018-05-16 09:23:00,2018,5,Wednesday,2,9.383333333333333
4529,video,1220,1478,905,1071,131,8,2,6,2,2018-05-16 08:35:00,2018,5,Wednesday,2,8.583333333333334
4530,video,1212,2092,750,834,336,35,3,2,2,2018-05-16 06:17:00,2018,5,Wednesday,2,6.283333333333333
4531,photo,350,24,2,346,4,0,0,0,0,2018-05-15 23:19:00,2018,5,Tuesday,1,23.316666666666666
4532,video,1307,1250,747,1001,293,3,5,3,2,2018-05-15 08:24:00,2018,5,Tuesday,1,8.4
4533,video,1309,1489,684,1035,188,35,48,1,2,2018-05-15 06:01:00,2018,5,Tuesday,1,6.016666666666667
4534,video,1554,2185,1122,1206,329,9,5,3,2,2018-05-14 08:38:00,2018,5,Monday,0,8.633333333333333
4535,video,1758,1890,718,1181,385,89,100,2,1,2018-05-14 06:28:00,2018,5,Monday,0,6.466666666666667
4536,video,285,0,24,281,4,0,0,0,0,2018-05-13 09:11:00,2018,5,Sunday,6,9.183333333333334
4537,video,1372,1778,1618,1013,326,25,5,2,1,2018-05-13 08:37:00,2018,5,Sunday,6,8.616666666666667
4538,video,1753,1936,525,1460,264,9,13,4,3,2018-05-13 06:25:00,2018,5,Sunday,6,6.416666666666667
4539,status,818,39,5,815,1,2,0,0,0,2018-05-12 05:55:00,2018,5,Saturday,5,5.916666666666667
4540,video,252,5,24,249,3,0,0,0,0,2018-05-10 09:14:00,2018,5,Thursday,3,9.233333333333333
4541,video,1386,1440,410,1017,349,6,9,1,4,2018-05-10 08:32:00,2018,5,Thursday,3,8.533333333333333
4542,video,1611,2314,1041,1139,316,104,50,2,0,2018-05-10 06:01:00,2018,5,Thursday,3,6.016666666666667
4543,video,1970,2903,3424,1330,482,138,13,5,2,2018-05-09 08:33:00,2018,5,Wednesday,2,8.55
4544,status,863,121,22,854,4,5,0,0,0,2018-05-09 08:11:00,2018,5,Wednesday,2,8.183333333333334
4545,video,396,2,67,391,1,4,0,0,0,2018-05-09 06:17:00,2018,5,Wednesday,2,6.283333333333333
4546,video,1303,2153,796,969,291,32,8,1,2,2018-05-09 06:13:00,2018,5,Wednesday,2,6.216666666666667
4547,photo,816,33,25,807,3,5,0,0,1,2018-05-08 05:59:00,2018,5,Tuesday,1,5.983333333333333
4548,video,1355,1360,536,1068,228,45,10,3,1,2018-05-06 07:22:00,2018,5,Sunday,6,7.366666666666666
4549,video,1236,771,334,1082,142,4,5,2,1,2018-05-06 06:24:00,2018,5,Sunday,6,6.4
4550,video,813,542,165,721,83,2,5,0,2,2018-05-05 09:30:00,2018,5,Saturday,5,9.5
4551,video,1134,1076,295,952,163,5,13,1,0,2018-05-05 08:32:00,2018,5,Saturday,5,8.533333333333333
4552,video,310,3,27,307,3,0,0,0,0,2018-05-05 08:05:00,2018,5,Saturday,5,8.083333333333334
4553,video,1615,1497,550,1309,263,15,22,4,2,2018-05-05 07:21:00,2018,5,Saturday,5,7.35
4554,status,518,16,0,513,1,4,0,0,0,2018-05-05 06:19:00,2018,5,Saturday,5,6.316666666666666
4555,video,1041,1151,340,880,141,6,10,2,2,2018-05-02 08:46:00,2018,5,Wednesday,2,8.766666666666667
4556,video,239,3,20,238,1,0,0,0,0,2018-05-02 08:05:00,2018,5,Wednesday,2,8.083333333333334
4557,video,1228,887,408,865,259,89,9,3,3,2018-05-02 07:39:00,2018,5,Wednesday,2,7.65
4558,video,1203,647,241,1042,145,7,8,0,1,2018-04-30 08:26:00,2018,4,Monday,0,8.433333333333334
4559,video,1841,1389,526,1513,299,13,12,0,4,2018-04-30 07:19:00,2018,4,Monday,0,7.316666666666666
4560,status,386,19,1,383,2,1,0,0,0,2018-04-29 21:27:00,2018,4,Sunday,6,21.45
4561,status,333,27,0,330,0,3,0,0,0,2018-04-29 21:26:00,2018,4,Sunday,6,21.433333333333334
4562,video,2173,2925,818,1739,403,7,17,1,6,2018-04-29 07:32:00,2018,4,Sunday,6,7.533333333333333
4563,status,464,13,2,450,4,2,0,8,0,2018-04-28 09:59:00,2018,4,Saturday,5,9.983333333333333
4564,video,1517,1132,318,1348,145,12,7,1,4,2018-04-28 09:15:00,2018,4,Saturday,5,9.25
4565,video,2237,2571,815,1591,376,252,15,1,2,2018-04-28 07:24:00,2018,4,Saturday,5,7.4
4566,status,701,57,0,695,2,4,0,0,0,2018-04-28 04:26:00,2018,4,Saturday,5,4.433333333333334
4567,video,352,3,35,349,3,0,0,0,0,2018-04-25 08:35:00,2018,4,Wednesday,2,8.583333333333334
4568,video,1166,878,254,825,320,8,9,3,1,2018-04-25 08:30:00,2018,4,Wednesday,2,8.5
4569,video,153,0,12,150,2,1,0,0,0,2018-04-25 07:54:00,2018,4,Wednesday,2,7.9
4570,video,1412,1247,739,1117,265,10,18,0,2,2018-04-25 07:12:00,2018,4,Wednesday,2,7.2
4571,video,1513,1309,396,1197,159,150,7,0,0,2018-04-24 09:07:00,2018,4,Tuesday,1,9.116666666666667
4572,video,173,0,11,173,0,0,0,0,0,2018-04-24 08:34:00,2018,4,Tuesday,1,8.566666666666666
4573,video,1886,2059,544,1437,407,13,24,1,4,2018-04-24 07:21:00,2018,4,Tuesday,1,7.35
4574,video,341,0,51,339,2,0,0,0,0,2018-04-22 08:55:00,2018,4,Sunday,6,8.916666666666666
4575,video,1012,916,396,667,220,111,13,1,0,2018-04-22 08:51:00,2018,4,Sunday,6,8.85
4576,video,238,0,19,236,2,0,0,0,0,2018-04-22 07:37:00,2018,4,Sunday,6,7.616666666666667
4577,video,1411,1276,454,1043,234,123,9,0,2,2018-04-22 07:16:00,2018,4,Sunday,6,7.266666666666667
4578,status,369,58,1,369,0,0,0,0,0,2018-04-22 02:05:00,2018,4,Sunday,6,2.0833333333333335
4579,status,855,93,4,840,6,9,0,0,0,2018-04-21 22:02:00,2018,4,Saturday,5,22.033333333333335
4580,video,721,436,113,651,62,4,1,2,1,2018-04-21 10:02:00,2018,4,Saturday,5,10.033333333333333
4581,video,98,1,9,96,1,1,0,0,0,2018-04-21 09:55:00,2018,4,Saturday,5,9.916666666666666
4582,video,255,2,41,253,2,0,0,0,0,2018-04-21 08:54:00,2018,4,Saturday,5,8.9
4583,video,1050,1403,508,816,221,5,5,2,1,2018-04-21 08:51:00,2018,4,Saturday,5,8.85
4584,video,183,0,11,183,0,0,0,0,0,2018-04-21 08:16:00,2018,4,Saturday,5,8.266666666666667
4585,video,1891,1624,528,1376,482,11,14,3,5,2018-04-21 07:22:00,2018,4,Saturday,5,7.366666666666666
4586,status,364,2,0,361,2,1,0,0,0,2018-04-21 00:36:00,2018,4,Saturday,5,0.6
4587,video,993,636,193,892,94,5,0,0,2,2018-04-20 09:15:00,2018,4,Friday,4,9.25
4588,video,2046,1626,489,1766,247,18,9,0,6,2018-04-20 08:07:00,2018,4,Friday,4,8.116666666666667
4589,status,147,6,2,147,0,0,0,0,0,2018-04-20 07:23:00,2018,4,Friday,4,7.383333333333334
4590,video,1386,851,510,1075,249,55,5,1,1,2018-04-20 07:14:00,2018,4,Friday,4,7.233333333333333
4591,status,581,40,3,570,3,8,0,0,0,2018-04-20 01:47:00,2018,4,Friday,4,1.7833333333333332
4592,photo,383,5,6,379,2,2,0,0,0,2018-04-19 22:26:00,2018,4,Thursday,3,22.433333333333334
4593,photo,363,0,10,363,0,0,0,0,0,2018-04-19 22:02:00,2018,4,Thursday,3,22.033333333333335
4594,photo,952,19,24,947,3,2,0,0,0,2018-04-19 05:58:00,2018,4,Thursday,3,5.966666666666667
4595,photo,343,5,8,342,0,1,0,0,0,2018-04-19 01:50:00,2018,4,Thursday,3,1.8333333333333335
4596,photo,952,19,24,947,3,2,0,0,0,2018-04-18 23:50:00,2018,4,Wednesday,2,23.833333333333332
4597,video,254,11,27,253,1,0,0,0,0,2018-04-08 08:51:00,2018,4,Sunday,6,8.85
4598,video,745,933,236,625,102,4,12,2,0,2018-04-08 08:49:00,2018,4,Sunday,6,8.816666666666666
4599,video,364,3,43,362,1,1,0,0,0,2018-04-08 07:32:00,2018,4,Sunday,6,7.533333333333333
4600,video,1732,1950,747,1120,409,177,22,1,3,2018-04-08 07:29:00,2018,4,Sunday,6,7.483333333333333
4601,video,1303,996,254,1136,159,4,3,0,1,2018-04-06 09:19:00,2018,4,Friday,4,9.316666666666666
4602,video,171,1,16,170,1,0,0,0,0,2018-04-06 08:58:00,2018,4,Friday,4,8.966666666666667
4603,video,126,1,6,125,1,0,0,0,0,2018-04-06 08:19:00,2018,4,Friday,4,8.316666666666666
4604,video,1712,1726,560,1224,364,108,11,2,3,2018-04-06 07:48:00,2018,4,Friday,4,7.8
4605,video,1809,1384,549,1521,267,10,8,1,2,2018-04-05 07:33:00,2018,4,Thursday,3,7.55
4606,photo,655,46,14,649,2,3,0,1,0,2018-04-04 08:11:00,2018,4,Wednesday,2,8.183333333333334
4607,video,359,2,37,355,3,1,0,0,0,2018-04-04 07:58:00,2018,4,Wednesday,2,7.966666666666667
4608,video,1798,1650,635,1467,283,39,6,3,0,2018-04-04 07:39:00,2018,4,Wednesday,2,7.65
4609,status,1394,239,7,1365,8,21,0,0,0,2018-03-30 01:46:00,2018,3,Friday,4,1.7666666666666666
4610,video,201,5,26,200,1,0,0,0,0,2018-03-28 09:17:00,2018,3,Wednesday,2,9.283333333333333
4611,video,2399,2458,1430,1643,529,206,15,3,3,2018-03-28 07:19:00,2018,3,Wednesday,2,7.316666666666666
4612,status,1511,311,4,1468,10,33,0,0,0,2018-03-28 05:26:00,2018,3,Wednesday,2,5.433333333333334
4613,video,989,783,210,844,123,8,11,0,3,2018-03-27 09:05:00,2018,3,Tuesday,1,9.083333333333334
4614,video,138,1,7,136,2,0,0,0,0,2018-03-27 08:47:00,2018,3,Tuesday,1,8.783333333333333
4615,video,66,0,5,65,1,0,0,0,0,2018-03-27 08:35:00,2018,3,Tuesday,1,8.583333333333334
4616,video,101,1,8,100,1,0,0,0,0,2018-03-27 08:15:00,2018,3,Tuesday,1,8.25
4617,video,206,1,38,202,3,1,0,0,0,2018-03-27 07:37:00,2018,3,Tuesday,1,7.616666666666667
4618,video,139,1,17,138,1,0,0,0,0,2018-03-27 07:21:00,2018,3,Tuesday,1,7.35
4619,video,1391,1282,594,995,281,103,7,0,5,2018-03-27 07:10:00,2018,3,Tuesday,1,7.166666666666667
4620,video,171,3,22,170,1,0,0,0,0,2018-03-26 09:30:00,2018,3,Monday,0,9.5
4621,video,101,2,10,100,1,0,0,0,0,2018-03-26 09:02:00,2018,3,Monday,0,9.033333333333333
4622,video,1874,2478,586,1380,394,6,76,17,1,2018-03-26 07:55:00,2018,3,Monday,0,7.916666666666667
4623,video,253,0,51,250,3,0,0,0,0,2018-03-26 07:28:00,2018,3,Monday,0,7.466666666666667
4624,video,1397,771,695,765,485,139,4,1,3,2018-03-26 07:17:00,2018,3,Monday,0,7.283333333333333
4625,photo,660,14,3,658,1,1,0,0,0,2018-03-25 04:00:00,2018,3,Sunday,6,4.0
4626,status,234,10,0,231,3,0,0,0,0,2018-03-25 03:59:00,2018,3,Sunday,6,3.9833333333333334
4627,photo,392,133,2,391,1,0,0,0,0,2018-03-25 02:35:00,2018,3,Sunday,6,2.5833333333333335
4628,photo,417,151,3,415,2,0,0,0,0,2018-03-25 02:34:00,2018,3,Sunday,6,2.5666666666666664
4629,photo,231,130,0,230,1,0,0,0,0,2018-03-25 02:33:00,2018,3,Sunday,6,2.55
4630,photo,143,48,1,137,4,2,0,0,0,2018-03-25 02:31:00,2018,3,Sunday,6,2.5166666666666666
4631,photo,146,34,0,144,2,0,0,0,0,2018-03-25 02:29:00,2018,3,Sunday,6,2.4833333333333334
4632,photo,237,117,1,236,1,0,0,0,0,2018-03-25 02:27:00,2018,3,Sunday,6,2.45
4633,status,403,158,0,401,2,0,0,0,0,2018-03-25 02:23:00,2018,3,Sunday,6,2.3833333333333333
4634,video,225,1,31,222,2,0,0,0,1,2018-03-23 09:07:00,2018,3,Friday,4,9.116666666666667
4635,video,83,0,1,81,2,0,0,0,0,2018-03-23 09:00:00,2018,3,Friday,4,9.0
4636,video,1927,1586,603,1409,390,105,18,3,2,2018-03-23 07:48:00,2018,3,Friday,4,7.8
4637,video,160,1,16,158,1,0,1,0,0,2018-03-22 09:22:00,2018,3,Thursday,3,9.366666666666667
4638,video,227,3,22,227,0,0,0,0,0,2018-03-22 08:10:00,2018,3,Thursday,3,8.166666666666666
4639,video,113,2,13,113,0,0,0,0,0,2018-03-22 07:54:00,2018,3,Thursday,3,7.9
4640,video,2033,1961,699,1512,421,43,17,37,3,2018-03-22 07:17:00,2018,3,Thursday,3,7.283333333333333
4641,status,661,34,0,651,3,6,0,0,1,2018-03-22 02:17:00,2018,3,Thursday,3,2.283333333333333
4642,video,317,1,53,315,1,1,0,0,0,2018-03-21 08:12:00,2018,3,Wednesday,2,8.2
4643,video,1712,1438,489,1262,304,122,15,1,8,2018-03-21 07:34:00,2018,3,Wednesday,2,7.566666666666666
4644,photo,2101,116,13,2058,14,29,0,0,0,2018-03-20 01:36:00,2018,3,Tuesday,1,1.6
4645,video,1909,1566,607,1645,239,10,13,1,1,2018-03-17 07:31:00,2018,3,Saturday,5,7.516666666666667
4646,video,272,0,29,271,1,0,0,0,0,2018-03-16 08:45:00,2018,3,Friday,4,8.75
4647,video,1168,1245,358,906,162,5,91,1,3,2018-03-16 08:44:00,2018,3,Friday,4,8.733333333333333
4648,video,325,0,38,320,2,2,1,0,0,2018-03-16 07:59:00,2018,3,Friday,4,7.983333333333333
4649,video,1988,1827,628,1464,460,49,10,3,2,2018-03-16 07:16:00,2018,3,Friday,4,7.266666666666667
4650,status,284,22,2,281,1,2,0,0,0,2018-03-16 07:14:00,2018,3,Friday,4,7.233333333333333
4651,status,305,19,0,300,3,2,0,0,0,2018-03-16 07:07:00,2018,3,Friday,4,7.116666666666666
4652,status,482,24,0,478,2,2,0,0,0,2018-03-14 21:20:00,2018,3,Wednesday,2,21.333333333333332
4653,status,331,6,0,327,1,3,0,0,0,2018-03-14 21:19:00,2018,3,Wednesday,2,21.316666666666666
4654,status,122,1,0,119,3,0,0,0,0,2018-03-14 21:17:00,2018,3,Wednesday,2,21.283333333333335
4655,status,275,7,1,275,0,0,0,0,0,2018-03-13 08:48:00,2018,3,Tuesday,1,8.8
4656,video,211,0,19,209,1,1,0,0,0,2018-03-13 08:22:00,2018,3,Tuesday,1,8.366666666666667
4657,video,69,0,4,68,1,0,0,0,0,2018-03-13 08:08:00,2018,3,Tuesday,1,8.133333333333333
4658,video,51,1,6,50,1,0,0,0,0,2018-03-13 07:49:00,2018,3,Tuesday,1,7.816666666666666
4659,video,99,0,11,98,1,0,0,0,0,2018-03-13 07:20:00,2018,3,Tuesday,1,7.333333333333333
4660,video,2639,1625,675,1753,657,68,157,0,4,2018-03-13 07:07:00,2018,3,Tuesday,1,7.116666666666666
4661,status,635,25,1,626,7,2,0,0,0,2018-03-13 04:02:00,2018,3,Tuesday,1,4.033333333333333
4662,photo,1491,66,14,1463,9,18,1,0,0,2018-03-13 00:39:00,2018,3,Tuesday,1,0.65
4663,photo,188,1,2,186,2,0,0,0,0,2018-03-11 22:25:00,2018,3,Sunday,6,22.416666666666668
4664,photo,598,28,14,594,2,2,0,0,0,2018-03-11 22:24:00,2018,3,Sunday,6,22.4
4665,photo,744,80,10,737,1,6,0,0,0,2018-03-08 03:28:00,2018,3,Thursday,3,3.466666666666667
4666,photo,580,34,6,572,4,4,0,0,0,2018-03-08 02:04:00,2018,3,Thursday,3,2.066666666666667
4667,status,685,54,0,679,2,4,0,0,0,2018-03-08 01:48:00,2018,3,Thursday,3,1.8
4668,status,1905,1186,2,1876,7,22,0,0,0,2018-03-08 01:10:00,2018,3,Thursday,3,1.1666666666666667
4669,status,1288,97,2,1270,7,8,0,2,1,2018-03-06 05:29:00,2018,3,Tuesday,1,5.483333333333333
4670,status,926,51,6,916,6,4,0,0,0,2018-03-04 00:40:00,2018,3,Sunday,6,0.6666666666666666
4671,status,1393,327,36,1374,7,11,1,0,0,2018-02-27 23:10:00,2018,2,Tuesday,1,23.166666666666668
4672,status,330,14,4,324,4,2,0,0,0,2018-02-27 07:11:00,2018,2,Tuesday,1,7.183333333333334
4673,status,679,64,1,664,0,3,1,11,0,2018-02-24 00:10:00,2018,2,Saturday,5,0.16666666666666666
4674,status,648,67,4,637,7,4,0,0,0,2018-02-23 10:15:00,2018,2,Friday,4,10.25
4675,status,2383,507,18,2293,25,65,0,0,0,2018-02-22 21:25:00,2018,2,Thursday,3,21.416666666666668
4676,photo,770,31,2,755,6,9,0,0,0,2018-02-21 03:50:00,2018,2,Wednesday,2,3.8333333333333335
4677,photo,812,67,2,806,0,4,0,2,0,2018-02-15 09:29:00,2018,2,Thursday,3,9.483333333333333
4678,photo,2149,193,12,2092,18,38,1,0,0,2018-02-14 20:34:00,2018,2,Wednesday,2,20.566666666666666
4679,photo,1145,51,7,1125,4,16,0,0,0,2018-02-04 05:32:00,2018,2,Sunday,6,5.533333333333333
4680,status,1130,91,4,1106,9,15,0,0,0,2018-02-04 01:06:00,2018,2,Sunday,6,1.1
4681,status,555,35,1,553,2,0,0,0,0,2018-02-02 05:37:00,2018,2,Friday,4,5.616666666666667
4682,status,596,23,7,588,6,2,0,0,0,2018-01-27 06:21:00,2018,1,Saturday,5,6.35
4683,status,1027,146,7,996,8,19,1,3,0,2018-01-26 06:04:00,2018,1,Friday,4,6.066666666666666
4684,status,1296,240,6,1274,13,9,0,0,0,2018-01-22 10:01:00,2018,1,Monday,0,10.016666666666667
4685,photo,498,36,6,496,2,0,0,0,0,2018-01-08 06:37:00,2018,1,Monday,0,6.616666666666667
4686,status,931,60,6,914,7,10,0,0,0,2017-12-21 00:27:00,2017,12,Thursday,3,0.45
4687,photo,484,25,1,481,3,0,0,0,0,2017-12-20 08:00:00,2017,12,Wednesday,2,8.0
4688,photo,612,73,1,605,4,3,0,0,0,2017-11-05 09:26:00,2017,11,Sunday,6,9.433333333333334
4689,photo,423,73,1,417,3,2,0,0,1,2017-10-03 20:21:00,2017,10,Tuesday,1,20.35
4690,status,222,29,0,217,1,1,0,3,0,2017-09-24 05:09:00,2017,9,Sunday,6,5.15
4691,status,143,12,0,143,0,0,0,0,0,2017-09-24 05:00:00,2017,9,Sunday,6,5.0
4692,status,79,20,0,79,0,0,0,0,0,2017-09-24 04:56:00,2017,9,Sunday,6,4.933333333333334
4693,status,111,13,1,111,0,0,0,0,0,2017-09-24 04:55:00,2017,9,Sunday,6,4.916666666666667
4694,status,285,67,1,283,1,1,0,0,0,2017-09-23 06:29:00,2017,9,Saturday,5,6.483333333333333
4695,photo,586,61,19,580,5,0,1,0,0,2017-09-22 05:32:00,2017,9,Friday,4,5.533333333333333
4696,photo,383,28,10,377,6,0,0,0,0,2017-09-20 05:54:00,2017,9,Wednesday,2,5.9
4697,photo,279,56,9,279,0,0,0,0,0,2017-09-17 06:11:00,2017,9,Sunday,6,6.183333333333334
4698,photo,317,35,7,317,0,0,0,0,0,2017-09-16 05:29:00,2017,9,Saturday,5,5.483333333333333
4699,photo,133,42,5,129,4,0,0,0,0,2017-09-15 05:24:00,2017,9,Friday,4,5.4
4700,photo,369,100,4,366,0,3,0,0,0,2017-09-14 05:09:00,2017,9,Thursday,3,5.15
4701,status,133,11,0,132,0,1,0,0,0,2017-09-13 08:45:00,2017,9,Wednesday,2,8.75
4702,photo,517,105,2,502,8,7,0,0,0,2017-09-13 02:44:00,2017,9,Wednesday,2,2.7333333333333334
4703,photo,396,28,0,390,3,3,0,0,0,2017-09-11 04:12:00,2017,9,Monday,0,4.2
4704,photo,431,75,0,418,4,9,0,0,0,2017-09-10 03:24:00,2017,9,Sunday,6,3.4
4705,status,265,82,0,256,1,0,0,8,0,2017-09-10 03:07:00,2017,9,Sunday,6,3.1166666666666667
4706,photo,329,46,7,329,0,0,0,0,0,2017-09-08 06:14:00,2017,9,Friday,4,6.233333333333333
4707,photo,439,59,1,436,1,2,0,0,0,2017-09-08 02:46:00,2017,9,Friday,4,2.7666666666666666
4708,photo,337,57,13,336,1,0,0,0,0,2017-09-06 05:36:00,2017,9,Wednesday,2,5.6
4709,status,145,26,0,137,1,0,0,7,0,2017-09-04 09:34:00,2017,9,Monday,0,9.566666666666666
4710,photo,115,24,0,114,1,0,0,0,0,2017-09-04 09:23:00,2017,9,Monday,0,9.383333333333333
4711,status,100,54,0,94,0,1,0,1,4,2017-09-04 03:07:00,2017,9,Monday,0,3.1166666666666667
4712,status,134,26,0,131,0,1,0,2,0,2017-09-04 02:55:00,2017,9,Monday,0,2.9166666666666665
4713,status,87,28,0,86,0,0,0,1,0,2017-09-03 22:59:00,2017,9,Sunday,6,22.983333333333334
4714,status,120,55,1,120,0,0,0,0,0,2017-09-03 22:04:00,2017,9,Sunday,6,22.066666666666666
4715,link,120,26,0,120,0,0,0,0,0,2017-09-03 20:28:00,2017,9,Sunday,6,20.466666666666665
4716,photo,237,32,3,233,3,1,0,0,0,2017-09-03 06:30:00,2017,9,Sunday,6,6.5
4717,status,128,20,0,125,3,0,0,0,0,2017-09-03 04:52:00,2017,9,Sunday,6,4.866666666666667
4718,status,78,10,0,78,0,0,0,0,0,2017-09-03 04:51:00,2017,9,Sunday,6,4.85
4719,status,114,17,0,113,1,0,0,0,0,2017-09-02 23:06:00,2017,9,Saturday,5,23.1
4720,link,93,30,0,92,1,0,0,0,0,2017-09-02 11:44:00,2017,9,Saturday,5,11.733333333333333
4721,photo,119,17,1,117,2,0,0,0,0,2017-09-02 04:16:00,2017,9,Saturday,5,4.266666666666667
4722,status,58,6,0,58,0,0,0,0,0,2017-09-01 23:46:00,2017,9,Friday,4,23.766666666666666
4723,link,21,4,0,21,0,0,0,0,0,2017-09-01 12:07:00,2017,9,Friday,4,12.116666666666667
4724,status,46,0,0,46,0,0,0,0,0,2017-09-01 05:38:00,2017,9,Friday,4,5.633333333333333
4725,photo,170,18,0,161,3,6,0,0,0,2017-09-01 04:33:00,2017,9,Friday,4,4.55
4726,photo,44,2,1,42,0,2,0,0,0,2017-09-01 02:36:00,2017,9,Friday,4,2.6
4727,status,36,2,0,36,0,0,0,0,0,2017-09-01 00:06:00,2017,9,Friday,4,0.1
4728,status,140,20,0,136,3,1,0,0,0,2017-08-31 21:55:00,2017,8,Thursday,3,21.916666666666668
4729,status,128,14,0,128,0,0,0,0,0,2017-08-31 11:28:00,2017,8,Thursday,3,11.466666666666667
4730,photo,2,0,0,2,0,0,0,0,0,2018-06-13 01:12:00,2018,6,Wednesday,2,1.2
4731,video,27,0,18,27,0,0,0,0,0,2018-06-13 00:59:00,2018,6,Wednesday,2,0.9833333333333333
4732,video,97,177,210,48,49,0,0,0,0,2018-06-13 00:58:00,2018,6,Wednesday,2,0.9666666666666667
4733,photo,2,4,0,2,0,0,0,0,0,2018-06-12 23:15:00,2018,6,Tuesday,1,23.25
4734,photo,9,0,1,9,0,0,0,0,0,2018-06-12 22:55:00,2018,6,Tuesday,1,22.916666666666668
4735,photo,19,1,1,19,0,0,0,0,0,2018-06-12 22:34:00,2018,6,Tuesday,1,22.566666666666666
4736,video,32,0,12,32,0,0,0,0,0,2018-06-12 22:16:00,2018,6,Tuesday,1,22.266666666666666
4737,photo,25,0,0,24,0,1,0,0,0,2018-06-12 08:10:00,2018,6,Tuesday,1,8.166666666666666
4738,photo,31,0,1,31,0,0,0,0,0,2018-06-12 07:54:00,2018,6,Tuesday,1,7.9
4739,photo,25,0,0,25,0,0,0,0,0,2018-06-12 07:27:00,2018,6,Tuesday,1,7.45
4740,photo,18,0,0,18,0,0,0,0,0,2018-06-12 07:14:00,2018,6,Tuesday,1,7.233333333333333
4741,video,33,0,6,33,0,0,0,0,0,2018-06-12 07:01:00,2018,6,Tuesday,1,7.016666666666667
4742,video,156,593,210,95,56,2,3,0,0,2018-06-12 06:58:00,2018,6,Tuesday,1,6.966666666666667
4743,video,16,0,4,16,0,0,0,0,0,2018-06-12 03:22:00,2018,6,Tuesday,1,3.3666666666666667
4744,photo,41,1,0,40,0,1,0,0,0,2018-06-12 02:36:00,2018,6,Tuesday,1,2.6
4745,photo,38,1,0,38,0,0,0,0,0,2018-06-12 02:17:00,2018,6,Tuesday,1,2.283333333333333
4746,video,20,0,1,20,0,0,0,0,0,2018-06-12 02:09:00,2018,6,Tuesday,1,2.15
4747,video,99,361,87,80,17,0,2,0,0,2018-06-12 02:07:00,2018,6,Tuesday,1,2.1166666666666667
4748,photo,29,3,0,29,0,0,0,0,0,2018-06-12 01:47:00,2018,6,Tuesday,1,1.7833333333333332
4749,photo,22,0,0,22,0,0,0,0,0,2018-06-12 01:31:00,2018,6,Tuesday,1,1.5166666666666666
4750,photo,13,0,0,13,0,0,0,0,0,2018-06-12 01:16:00,2018,6,Tuesday,1,1.2666666666666666
4751,video,29,0,3,29,0,0,0,0,0,2018-06-12 01:03:00,2018,6,Tuesday,1,1.05
4752,video,182,356,229,109,72,0,1,0,0,2018-06-12 01:01:00,2018,6,Tuesday,1,1.0166666666666666
4753,photo,12,0,0,12,0,0,0,0,0,2018-06-11 23:46:00,2018,6,Monday,0,23.766666666666666
4754,photo,12,0,0,12,0,0,0,0,0,2018-06-11 23:24:00,2018,6,Monday,0,23.4
4755,photo,9,0,0,9,0,0,0,0,0,2018-06-11 23:20:00,2018,6,Monday,0,23.333333333333332
4756,photo,11,0,0,11,0,0,0,0,0,2018-06-11 23:00:00,2018,6,Monday,0,23.0
4757,photo,8,0,0,8,0,0,0,0,0,2018-06-11 22:53:00,2018,6,Monday,0,22.883333333333333
4758,photo,23,2,0,23,0,0,0,0,0,2018-06-11 22:41:00,2018,6,Monday,0,22.683333333333334
4759,video,16,0,4,16,0,0,0,0,0,2018-06-11 22:31:00,2018,6,Monday,0,22.516666666666666
4760,video,13,1,0,13,0,0,0,0,0,2018-06-11 22:17:00,2018,6,Monday,0,22.283333333333335
4761,photo,19,0,0,19,0,0,0,0,0,2018-06-11 08:06:00,2018,6,Monday,0,8.1
4762,photo,26,0,0,26,0,0,0,0,0,2018-06-11 07:47:00,2018,6,Monday,0,7.783333333333333
4763,photo,27,1,0,27,0,0,0,0,0,2018-06-11 07:31:00,2018,6,Monday,0,7.516666666666667
4764,photo,14,0,0,14,0,0,0,0,0,2018-06-11 07:15:00,2018,6,Monday,0,7.25
4765,video,64,0,13,64,0,0,0,0,0,2018-06-11 07:07:00,2018,6,Monday,0,7.116666666666666
4766,video,154,455,199,98,53,0,3,0,0,2018-06-11 07:04:00,2018,6,Monday,0,7.066666666666666
4767,photo,20,1,0,20,0,0,0,0,0,2018-06-11 03:50:00,2018,6,Monday,0,3.8333333333333335
4768,video,19,0,0,19,0,0,0,0,0,2018-06-11 03:43:00,2018,6,Monday,0,3.716666666666667
4769,photo,19,0,0,19,0,0,0,0,0,2018-06-11 03:01:00,2018,6,Monday,0,3.0166666666666666
4770,photo,10,0,0,10,0,0,0,0,0,2018-06-11 02:40:00,2018,6,Monday,0,2.6666666666666665
4771,photo,9,2,0,9,0,0,0,0,0,2018-06-11 02:21:00,2018,6,Monday,0,2.35
4772,photo,15,0,0,15,0,0,0,0,0,2018-06-11 02:08:00,2018,6,Monday,0,2.1333333333333333
4773,photo,31,0,0,31,0,0,0,0,0,2018-06-11 01:44:00,2018,6,Monday,0,1.7333333333333334
4774,photo,23,2,0,23,0,0,0,0,0,2018-06-11 01:27:00,2018,6,Monday,0,1.45
4775,video,50,0,13,49,1,0,0,0,0,2018-06-11 01:20:00,2018,6,Monday,0,1.3333333333333333
4776,video,259,695,263,151,106,0,2,0,0,2018-06-11 01:18:00,2018,6,Monday,0,1.3
4777,photo,25,0,0,25,0,0,0,0,0,2018-06-10 23:17:00,2018,6,Sunday,6,23.283333333333335
4778,photo,18,0,0,18,0,0,0,0,0,2018-06-10 22:55:00,2018,6,Sunday,6,22.916666666666668
4779,photo,26,0,0,26,0,0,0,0,0,2018-06-10 22:47:00,2018,6,Sunday,6,22.783333333333335
4780,photo,29,1,0,29,0,0,0,0,0,2018-06-10 22:28:00,2018,6,Sunday,6,22.466666666666665
4781,video,59,0,7,59,0,0,0,0,0,2018-06-10 22:19:00,2018,6,Sunday,6,22.316666666666666
4782,photo,19,0,0,19,0,0,0,0,0,2018-06-10 08:04:00,2018,6,Sunday,6,8.066666666666666
4783,photo,35,0,0,35,0,0,0,0,0,2018-06-10 07:27:00,2018,6,Sunday,6,7.45
4784,photo,14,0,0,14,0,0,0,0,0,2018-06-10 07:07:00,2018,6,Sunday,6,7.116666666666666
4785,video,23,0,7,23,0,0,0,0,0,2018-06-10 06:59:00,2018,6,Sunday,6,6.983333333333333
4786,video,63,84,92,45,17,1,0,0,0,2018-06-10 06:58:00,2018,6,Sunday,6,6.966666666666667
4787,photo,27,0,0,27,0,0,0,0,0,2018-06-10 02:30:00,2018,6,Sunday,6,2.5
4788,photo,17,0,0,17,0,0,0,0,0,2018-06-10 02:09:00,2018,6,Sunday,6,2.15
4789,photo,14,1,0,14,0,0,0,0,0,2018-06-10 01:48:00,2018,6,Sunday,6,1.8
4790,photo,12,0,0,12,0,0,0,0,0,2018-06-10 01:23:00,2018,6,Sunday,6,1.3833333333333333
4791,photo,32,0,1,32,0,0,0,0,0,2018-06-10 01:10:00,2018,6,Sunday,6,1.1666666666666667
4792,video,37,0,6,37,0,0,0,0,0,2018-06-10 01:03:00,2018,6,Sunday,6,1.05
4793,video,146,303,221,73,69,2,1,0,1,2018-06-10 01:02:00,2018,6,Sunday,6,1.0333333333333334
4794,photo,40,1,0,40,0,0,0,0,0,2018-06-09 22:50:00,2018,6,Saturday,5,22.833333333333332
4795,photo,20,0,0,19,1,0,0,0,0,2018-06-09 22:26:00,2018,6,Saturday,5,22.433333333333334
4796,photo,20,0,0,20,0,0,0,0,0,2018-06-09 22:02:00,2018,6,Saturday,5,22.033333333333335
4797,video,50,0,5,49,1,0,0,0,0,2018-06-09 21:51:00,2018,6,Saturday,5,21.85
4798,photo,19,0,1,19,0,0,0,0,0,2018-06-09 08:07:00,2018,6,Saturday,5,8.116666666666667
4799,photo,46,0,0,46,0,0,0,0,0,2018-06-09 07:39:00,2018,6,Saturday,5,7.65
4800,photo,26,0,0,26,0,0,0,0,0,2018-06-09 07:26:00,2018,6,Saturday,5,7.433333333333334
4801,photo,14,0,0,14,0,0,0,0,0,2018-06-09 07:11:00,2018,6,Saturday,5,7.183333333333334
4802,video,55,0,13,55,0,0,0,0,0,2018-06-09 07:03:00,2018,6,Saturday,5,7.05
4803,video,162,418,163,108,49,1,4,0,0,2018-06-09 07:02:00,2018,6,Saturday,5,7.033333333333333
4804,photo,10,0,0,9,1,0,0,0,0,2018-06-09 03:19:00,2018,6,Saturday,5,3.3166666666666664
4805,video,26,0,13,26,0,0,0,0,0,2018-06-09 03:07:00,2018,6,Saturday,5,3.1166666666666667
4806,photo,11,0,0,11,0,0,0,0,0,2018-06-09 02:41:00,2018,6,Saturday,5,2.6833333333333336
4807,photo,18,0,0,18,0,0,0,0,0,2018-06-09 02:14:00,2018,6,Saturday,5,2.2333333333333334
4808,photo,12,1,0,12,0,0,0,0,0,2018-06-09 02:03:00,2018,6,Saturday,5,2.05
4809,photo,35,2,0,35,0,0,0,0,0,2018-06-09 01:41:00,2018,6,Saturday,5,1.6833333333333333
4810,photo,14,0,0,14,0,0,0,0,0,2018-06-09 01:22:00,2018,6,Saturday,5,1.3666666666666667
4811,video,63,0,15,63,0,0,0,0,0,2018-06-09 01:12:00,2018,6,Saturday,5,1.2
4812,video,184,530,224,101,80,0,1,1,1,2018-06-09 01:11:00,2018,6,Saturday,5,1.1833333333333333
4813,photo,28,0,0,27,1,0,0,0,0,2018-06-08 23:14:00,2018,6,Friday,4,23.233333333333334
4814,photo,24,0,0,24,0,0,0,0,0,2018-06-08 22:48:00,2018,6,Friday,4,22.8
4815,photo,33,0,0,33,0,0,0,0,0,2018-06-08 22:25:00,2018,6,Friday,4,22.416666666666668
4816,photo,17,0,0,16,1,0,0,0,0,2018-06-08 22:04:00,2018,6,Friday,4,22.066666666666666
4817,video,58,0,14,58,0,0,0,0,0,2018-06-08 21:50:00,2018,6,Friday,4,21.833333333333332
4818,photo,33,0,0,33,0,0,0,0,0,2018-06-08 08:01:00,2018,6,Friday,4,8.016666666666667
4819,photo,39,0,0,39,0,0,0,0,0,2018-06-08 07:46:00,2018,6,Friday,4,7.766666666666667
4820,photo,11,1,0,11,0,0,0,0,0,2018-06-08 07:32:00,2018,6,Friday,4,7.533333333333333
4821,photo,16,0,0,16,0,0,0,0,0,2018-06-08 07:12:00,2018,6,Friday,4,7.2
4822,video,63,0,9,63,0,0,0,0,0,2018-06-08 07:03:00,2018,6,Friday,4,7.05
4823,video,6,0,2,6,0,0,0,0,0,2018-06-08 07:02:00,2018,6,Friday,4,7.033333333333333
4824,video,196,637,223,111,81,1,2,1,0,2018-06-08 07:01:00,2018,6,Friday,4,7.016666666666667
4825,photo,31,0,1,31,0,0,0,0,0,2018-06-08 02:24:00,2018,6,Friday,4,2.4
4826,photo,40,1,0,40,0,0,0,0,0,2018-06-08 02:10:00,2018,6,Friday,4,2.1666666666666665
4827,photo,22,3,1,22,0,0,0,0,0,2018-06-08 01:40:00,2018,6,Friday,4,1.6666666666666665
4828,photo,25,0,0,24,0,1,0,0,0,2018-06-08 01:28:00,2018,6,Friday,4,1.4666666666666668
4829,photo,25,0,1,25,0,0,0,0,0,2018-06-08 01:11:00,2018,6,Friday,4,1.1833333333333333
4830,video,36,0,5,36,0,0,0,0,0,2018-06-08 01:02:00,2018,6,Friday,4,1.0333333333333334
4831,video,162,401,213,83,78,1,0,0,0,2018-06-08 01:01:00,2018,6,Friday,4,1.0166666666666666
4832,photo,25,0,0,24,1,0,0,0,0,2018-06-07 23:30:00,2018,6,Thursday,3,23.5
4833,photo,14,1,0,14,0,0,0,0,0,2018-06-07 23:14:00,2018,6,Thursday,3,23.233333333333334
4834,photo,52,1,1,52,0,0,0,0,0,2018-06-07 22:50:00,2018,6,Thursday,3,22.833333333333332
4835,photo,26,0,0,26,0,0,0,0,0,2018-06-07 22:09:00,2018,6,Thursday,3,22.15
4836,video,36,0,15,36,0,0,0,0,0,2018-06-07 22:00:00,2018,6,Thursday,3,22.0
4837,photo,10,0,0,10,0,0,0,0,0,2018-06-07 08:01:00,2018,6,Thursday,3,8.016666666666667
4838,photo,15,1,0,15,0,0,0,0,0,2018-06-07 07:44:00,2018,6,Thursday,3,7.733333333333333
4839,photo,16,0,0,16,0,0,0,0,0,2018-06-07 07:15:00,2018,6,Thursday,3,7.25
4840,photo,16,3,0,15,1,0,0,0,0,2018-06-07 07:06:00,2018,6,Thursday,3,7.1
4841,video,31,0,1,31,0,0,0,0,0,2018-06-07 06:56:00,2018,6,Thursday,3,6.933333333333334
4842,video,181,506,211,124,52,2,2,1,0,2018-06-07 06:55:00,2018,6,Thursday,3,6.916666666666667
4843,video,1,0,0,1,0,0,0,0,0,2018-06-07 06:52:00,2018,6,Thursday,3,6.866666666666667
4844,video,42,40,30,37,5,0,0,0,0,2018-06-07 06:50:00,2018,6,Thursday,3,6.833333333333333
4845,photo,37,2,0,36,1,0,0,0,0,2018-06-07 02:25:00,2018,6,Thursday,3,2.4166666666666665
4846,photo,26,2,0,26,0,0,0,0,0,2018-06-07 02:11:00,2018,6,Thursday,3,2.183333333333333
4847,photo,32,0,0,32,0,0,0,0,0,2018-06-07 01:56:00,2018,6,Thursday,3,1.9333333333333333
4848,photo,17,2,1,16,1,0,0,0,0,2018-06-07 01:51:00,2018,6,Thursday,3,1.85
4849,photo,19,1,0,19,0,0,0,0,0,2018-06-07 01:33:00,2018,6,Thursday,3,1.55
4850,photo,18,0,0,18,0,0,0,0,0,2018-06-07 01:19:00,2018,6,Thursday,3,1.3166666666666667
4851,video,51,0,13,51,0,0,0,0,0,2018-06-07 01:07:00,2018,6,Thursday,3,1.1166666666666667
4852,video,4,0,1,4,0,0,0,0,0,2018-06-07 01:06:00,2018,6,Thursday,3,1.1
4853,video,174,512,201,83,88,1,2,0,0,2018-06-07 01:04:00,2018,6,Thursday,3,1.0666666666666667
4854,photo,38,2,0,38,0,0,0,0,0,2018-06-06 22:32:00,2018,6,Wednesday,2,22.533333333333335
4855,photo,29,0,0,29,0,0,0,0,0,2018-06-06 22:22:00,2018,6,Wednesday,2,22.366666666666667
4856,photo,32,1,0,32,0,0,0,0,0,2018-06-06 22:06:00,2018,6,Wednesday,2,22.1
4857,photo,22,0,0,22,0,0,0,0,0,2018-06-06 07:42:00,2018,6,Wednesday,2,7.7
4858,photo,13,1,3,13,0,0,0,0,0,2018-06-06 07:14:00,2018,6,Wednesday,2,7.233333333333333
4859,video,24,0,3,24,0,0,0,0,0,2018-06-06 07:06:00,2018,6,Wednesday,2,7.1
4860,video,78,209,132,64,14,0,0,0,0,2018-06-06 07:00:00,2018,6,Wednesday,2,7.0
4861,photo,26,0,0,26,0,0,0,0,0,2018-06-06 03:41:00,2018,6,Wednesday,2,3.6833333333333336
4862,video,23,0,5,23,0,0,0,0,0,2018-06-06 03:30:00,2018,6,Wednesday,2,3.5
4863,photo,23,1,0,23,0,0,0,0,0,2018-06-06 02:13:00,2018,6,Wednesday,2,2.216666666666667
4864,photo,19,0,0,19,0,0,0,0,0,2018-06-06 01:47:00,2018,6,Wednesday,2,1.7833333333333332
4865,photo,11,0,0,11,0,0,0,0,0,2018-06-06 01:34:00,2018,6,Wednesday,2,1.5666666666666667
4866,photo,3,0,0,3,0,0,0,0,0,2018-06-06 01:24:00,2018,6,Wednesday,2,1.4
4867,video,26,0,5,26,0,0,0,0,0,2018-06-06 01:10:00,2018,6,Wednesday,2,1.1666666666666667
4868,video,115,259,153,52,58,0,5,0,0,2018-06-06 01:08:00,2018,6,Wednesday,2,1.1333333333333333
4869,photo,40,1,1,40,0,0,0,0,0,2018-06-05 22:46:00,2018,6,Tuesday,1,22.766666666666666
4870,photo,17,0,0,17,0,0,0,0,0,2018-06-05 22:28:00,2018,6,Tuesday,1,22.466666666666665
4871,photo,32,2,0,31,1,0,0,0,0,2018-06-05 22:13:00,2018,6,Tuesday,1,22.216666666666665
4872,photo,12,0,0,12,0,0,0,0,0,2018-06-05 22:00:00,2018,6,Tuesday,1,22.0
4873,video,46,0,13,46,0,0,0,0,0,2018-06-05 21:45:00,2018,6,Tuesday,1,21.75
4874,photo,20,1,0,20,0,0,0,0,0,2018-06-05 08:10:00,2018,6,Tuesday,1,8.166666666666666
4875,photo,13,0,0,13,0,0,0,0,0,2018-06-05 08:00:00,2018,6,Tuesday,1,8.0
4876,photo,29,0,1,29,0,0,0,0,0,2018-06-05 07:29:00,2018,6,Tuesday,1,7.483333333333333
4877,photo,35,0,1,35,0,0,0,0,0,2018-06-05 07:18:00,2018,6,Tuesday,1,7.3
4878,video,58,0,19,58,0,0,0,0,0,2018-06-05 07:07:00,2018,6,Tuesday,1,7.116666666666666
4879,video,172,555,240,121,49,1,1,0,0,2018-06-05 07:05:00,2018,6,Tuesday,1,7.083333333333333
4880,photo,24,0,0,24,0,0,0,0,0,2018-06-05 01:54:00,2018,6,Tuesday,1,1.9
4881,photo,21,1,2,21,0,0,0,0,0,2018-06-05 01:41:00,2018,6,Tuesday,1,1.6833333333333333
4882,photo,15,0,0,15,0,0,0,0,0,2018-06-05 01:20:00,2018,6,Tuesday,1,1.3333333333333333
4883,video,38,0,9,38,0,0,0,0,0,2018-06-05 01:10:00,2018,6,Tuesday,1,1.1666666666666667
4884,video,156,482,189,98,55,2,1,0,0,2018-06-05 01:09:00,2018,6,Tuesday,1,1.15
4885,photo,17,1,0,17,0,0,0,0,0,2018-06-04 23:04:00,2018,6,Monday,0,23.066666666666666
4886,photo,32,0,0,32,0,0,0,0,0,2018-06-04 22:25:00,2018,6,Monday,0,22.416666666666668
4887,photo,25,1,0,25,0,0,0,0,0,2018-06-04 22:01:00,2018,6,Monday,0,22.016666666666666
4888,video,64,0,13,63,0,1,0,0,0,2018-06-04 21:45:00,2018,6,Monday,0,21.75
4889,photo,42,2,1,42,0,0,0,0,0,2018-06-04 08:12:00,2018,6,Monday,0,8.2
4890,photo,22,1,0,22,0,0,0,0,0,2018-06-04 07:56:00,2018,6,Monday,0,7.933333333333334
4891,photo,24,0,0,24,0,0,0,0,0,2018-06-04 07:33:00,2018,6,Monday,0,7.55
4892,photo,12,0,0,12,0,0,0,0,0,2018-06-04 07:13:00,2018,6,Monday,0,7.216666666666667
4893,video,60,0,5,60,0,0,0,0,0,2018-06-04 07:03:00,2018,6,Monday,0,7.05
4894,video,156,458,272,115,38,1,2,0,0,2018-06-04 07:00:00,2018,6,Monday,0,7.0
4895,video,22,1,1,22,0,0,0,0,0,2018-06-04 04:03:00,2018,6,Monday,0,4.05
4896,photo,34,1,0,34,0,0,0,0,0,2018-06-04 03:16:00,2018,6,Monday,0,3.2666666666666666
4897,video,22,0,2,22,0,0,0,0,0,2018-06-04 03:07:00,2018,6,Monday,0,3.1166666666666667
4898,photo,33,0,0,33,0,0,0,0,0,2018-06-04 02:36:00,2018,6,Monday,0,2.6
4899,photo,13,1,0,13,0,0,0,0,0,2018-06-04 02:10:00,2018,6,Monday,0,2.1666666666666665
4900,photo,26,0,1,26,0,0,0,0,0,2018-06-04 01:57:00,2018,6,Monday,0,1.95
4901,photo,13,0,0,13,0,0,0,0,0,2018-06-04 01:36:00,2018,6,Monday,0,1.6
4902,photo,18,0,0,18,0,0,0,0,0,2018-06-04 01:13:00,2018,6,Monday,0,1.2166666666666668
4903,photo,24,0,0,24,0,0,0,0,0,2018-06-03 23:01:00,2018,6,Sunday,6,23.016666666666666
4904,photo,18,1,0,18,0,0,0,0,0,2018-06-03 22:50:00,2018,6,Sunday,6,22.833333333333332
4905,photo,8,0,0,8,0,0,0,0,0,2018-06-03 22:30:00,2018,6,Sunday,6,22.5
4906,photo,13,0,0,13,0,0,0,0,0,2018-06-03 22:13:00,2018,6,Sunday,6,22.216666666666665
4907,video,27,0,4,27,0,0,0,0,0,2018-06-03 22:02:00,2018,6,Sunday,6,22.033333333333335
4908,photo,21,0,0,20,1,0,0,0,0,2018-06-03 07:46:00,2018,6,Sunday,6,7.766666666666667
4909,photo,18,0,0,18,0,0,0,0,0,2018-06-03 07:33:00,2018,6,Sunday,6,7.55
4910,photo,10,0,0,10,0,0,0,0,0,2018-06-03 07:13:00,2018,6,Sunday,6,7.216666666666667
4911,video,62,0,19,61,0,0,1,0,0,2018-06-03 07:03:00,2018,6,Sunday,6,7.05
4912,video,219,627,230,134,76,3,6,0,0,2018-06-03 07:01:00,2018,6,Sunday,6,7.016666666666667
4913,video,25,0,2,25,0,0,0,0,0,2018-06-03 03:27:00,2018,6,Sunday,6,3.45
4914,photo,28,1,0,28,0,0,0,0,0,2018-06-03 03:24:00,2018,6,Sunday,6,3.4
4915,photo,19,1,0,19,0,0,0,0,0,2018-06-03 02:50:00,2018,6,Sunday,6,2.8333333333333335
4916,photo,20,0,0,20,0,0,0,0,0,2018-06-03 02:34:00,2018,6,Sunday,6,2.5666666666666664
4917,photo,15,0,0,15,0,0,0,0,0,2018-06-03 02:24:00,2018,6,Sunday,6,2.4
4918,photo,9,0,0,9,0,0,0,0,0,2018-06-03 02:08:00,2018,6,Sunday,6,2.1333333333333333
4919,photo,22,0,1,21,1,0,0,0,0,2018-06-03 01:55:00,2018,6,Sunday,6,1.9166666666666665
4920,photo,12,1,1,12,0,0,0,0,0,2018-06-03 01:42:00,2018,6,Sunday,6,1.7
4921,photo,15,0,0,15,0,0,0,0,0,2018-06-03 01:23:00,2018,6,Sunday,6,1.3833333333333333
4922,video,51,0,14,51,0,0,0,0,0,2018-06-03 01:13:00,2018,6,Sunday,6,1.2166666666666668
4923,video,243,597,241,135,105,0,2,1,0,2018-06-03 01:12:00,2018,6,Sunday,6,1.2
4924,photo,17,0,0,17,0,0,0,0,0,2018-06-02 22:53:00,2018,6,Saturday,5,22.883333333333333
4925,photo,17,0,0,17,0,0,0,0,0,2018-06-02 22:38:00,2018,6,Saturday,5,22.633333333333333
4926,photo,16,0,0,16,0,0,0,0,0,2018-06-02 22:18:00,2018,6,Saturday,5,22.3
4927,photo,15,0,0,15,0,0,0,0,0,2018-06-02 22:03:00,2018,6,Saturday,5,22.05
4928,photo,31,0,0,31,0,0,0,0,0,2018-06-02 08:07:00,2018,6,Saturday,5,8.116666666666667
4929,photo,20,0,0,20,0,0,0,0,0,2018-06-02 07:53:00,2018,6,Saturday,5,7.883333333333333
4930,photo,11,0,0,11,0,0,0,0,0,2018-06-02 07:37:00,2018,6,Saturday,5,7.616666666666667
4931,photo,34,0,0,33,0,1,0,0,0,2018-06-02 07:16:00,2018,6,Saturday,5,7.266666666666667
4932,photo,18,0,0,18,0,0,0,0,0,2018-06-02 02:23:00,2018,6,Saturday,5,2.3833333333333333
4933,photo,15,0,1,14,1,0,0,0,0,2018-06-02 02:01:00,2018,6,Saturday,5,2.0166666666666666
4934,photo,18,0,0,18,0,0,0,0,0,2018-06-02 01:36:00,2018,6,Saturday,5,1.6
4935,photo,43,1,2,42,1,0,0,0,0,2018-06-02 01:25:00,2018,6,Saturday,5,1.4166666666666667
4936,video,57,0,17,57,0,0,0,0,0,2018-06-02 01:14:00,2018,6,Saturday,5,1.2333333333333334
4937,video,205,619,239,144,59,1,0,1,0,2018-06-02 01:12:00,2018,6,Saturday,5,1.2
4938,photo,28,0,0,28,0,0,0,0,0,2018-06-01 22:50:00,2018,6,Friday,4,22.833333333333332
4939,photo,26,1,0,26,0,0,0,0,0,2018-06-01 22:25:00,2018,6,Friday,4,22.416666666666668
4940,photo,11,0,0,11,0,0,0,0,0,2018-06-01 22:13:00,2018,6,Friday,4,22.216666666666665
4941,photo,13,0,0,13,0,0,0,0,0,2018-06-01 21:51:00,2018,6,Friday,4,21.85
4942,video,41,0,5,41,0,0,0,0,0,2018-06-01 21:41:00,2018,6,Friday,4,21.683333333333334
4943,photo,14,0,1,14,0,0,0,0,0,2018-06-01 07:59:00,2018,6,Friday,4,7.983333333333333
4944,photo,23,0,1,23,0,0,0,0,0,2018-06-01 07:46:00,2018,6,Friday,4,7.766666666666667
4945,photo,10,0,0,10,0,0,0,0,0,2018-06-01 07:19:00,2018,6,Friday,4,7.316666666666666
4946,video,50,0,6,49,1,0,0,0,0,2018-06-01 07:07:00,2018,6,Friday,4,7.116666666666666
4947,video,136,395,195,102,32,0,0,1,1,2018-06-01 07:06:00,2018,6,Friday,4,7.1
4948,photo,16,0,0,16,0,0,0,0,0,2018-06-01 02:48:00,2018,6,Friday,4,2.8
4949,photo,9,0,0,9,0,0,0,0,0,2018-06-01 02:39:00,2018,6,Friday,4,2.65
4950,photo,18,2,0,18,0,0,0,0,0,2018-06-01 02:25:00,2018,6,Friday,4,2.4166666666666665
4951,photo,2,0,0,2,0,0,0,0,0,2018-06-01 02:12:00,2018,6,Friday,4,2.2
4952,photo,10,0,0,10,0,0,0,0,0,2018-06-01 01:55:00,2018,6,Friday,4,1.9166666666666665
4953,photo,16,0,0,16,0,0,0,0,0,2018-06-01 01:46:00,2018,6,Friday,4,1.7666666666666666
4954,photo,10,0,0,10,0,0,0,0,0,2018-06-01 01:23:00,2018,6,Friday,4,1.3833333333333333
4955,status,35,0,0,34,1,0,0,0,0,2018-05-31 22:49:00,2018,5,Thursday,3,22.816666666666666
4956,photo,20,1,1,20,0,0,0,0,0,2018-05-31 22:37:00,2018,5,Thursday,3,22.616666666666667
4957,photo,6,0,0,6,0,0,0,0,0,2018-05-31 22:22:00,2018,5,Thursday,3,22.366666666666667
4958,photo,33,1,0,33,0,0,0,0,0,2018-05-31 22:09:00,2018,5,Thursday,3,22.15
4959,photo,24,3,0,24,0,0,0,0,0,2018-05-31 08:09:00,2018,5,Thursday,3,8.15
4960,photo,39,1,0,39,0,0,0,0,0,2018-05-31 07:40:00,2018,5,Thursday,3,7.666666666666667
4961,photo,38,0,0,38,0,0,0,0,0,2018-05-31 07:24:00,2018,5,Thursday,3,7.4
4962,photo,25,1,0,24,1,0,0,0,0,2018-05-31 07:12:00,2018,5,Thursday,3,7.2
4963,video,63,0,6,63,0,0,0,0,0,2018-05-31 07:02:00,2018,5,Thursday,3,7.033333333333333
4964,video,161,579,202,118,40,1,2,0,0,2018-05-31 07:00:00,2018,5,Thursday,3,7.0
4965,photo,19,0,0,19,0,0,0,0,0,2018-05-31 02:36:00,2018,5,Thursday,3,2.6
4966,photo,37,1,0,37,0,0,0,0,0,2018-05-31 02:24:00,2018,5,Thursday,3,2.4
4967,photo,7,0,0,7,0,0,0,0,0,2018-05-31 02:11:00,2018,5,Thursday,3,2.183333333333333
4968,photo,20,0,0,20,0,0,0,0,0,2018-05-31 02:00:00,2018,5,Thursday,3,2.0
4969,photo,17,0,0,17,0,0,0,0,0,2018-05-31 01:45:00,2018,5,Thursday,3,1.75
4970,photo,22,0,2,22,0,0,0,0,0,2018-05-31 01:27:00,2018,5,Thursday,3,1.45
4971,photo,23,1,0,23,0,0,0,0,0,2018-05-31 01:14:00,2018,5,Thursday,3,1.2333333333333334
4972,video,79,1,19,79,0,0,0,0,0,2018-05-31 01:03:00,2018,5,Thursday,3,1.05
4973,video,171,595,273,121,48,0,0,2,0,2018-05-31 01:02:00,2018,5,Thursday,3,1.0333333333333334
4974,photo,46,0,2,46,0,0,0,0,0,2018-05-30 08:04:00,2018,5,Wednesday,2,8.066666666666666
4975,photo,28,1,5,27,1,0,0,0,0,2018-05-30 07:52:00,2018,5,Wednesday,2,7.866666666666667
4976,photo,15,0,0,15,0,0,0,0,0,2018-05-30 07:42:00,2018,5,Wednesday,2,7.7
4977,photo,33,0,0,33,0,0,0,0,0,2018-05-30 07:30:00,2018,5,Wednesday,2,7.5
4978,video,48,2,10,48,0,0,0,0,0,2018-05-30 07:20:00,2018,5,Wednesday,2,7.333333333333333
4979,photo,10,0,0,10,0,0,0,0,0,2018-05-30 07:11:00,2018,5,Wednesday,2,7.183333333333334
4980,video,181,366,150,150,30,1,0,0,0,2018-05-30 07:01:00,2018,5,Wednesday,2,7.016666666666667
4981,video,14,0,0,14,0,0,0,0,0,2018-05-30 03:18:00,2018,5,Wednesday,2,3.3
4982,photo,11,0,0,11,0,0,0,0,0,2018-05-30 02:10:00,2018,5,Wednesday,2,2.1666666666666665
4983,photo,27,0,1,27,0,0,0,0,0,2018-05-30 01:51:00,2018,5,Wednesday,2,1.85
4984,photo,11,0,0,11,0,0,0,0,0,2018-05-30 01:33:00,2018,5,Wednesday,2,1.55
4985,photo,26,2,0,26,0,0,0,0,0,2018-05-30 01:16:00,2018,5,Wednesday,2,1.2666666666666666
4986,photo,12,0,0,12,0,0,0,0,0,2018-05-29 22:59:00,2018,5,Tuesday,1,22.983333333333334
4987,photo,10,0,0,10,0,0,0,0,0,2018-05-29 22:42:00,2018,5,Tuesday,1,22.7
4988,photo,7,0,0,7,0,0,0,0,0,2018-05-29 22:31:00,2018,5,Tuesday,1,22.516666666666666
4989,video,32,0,4,31,1,0,0,0,0,2018-05-29 22:13:00,2018,5,Tuesday,1,22.216666666666665
4990,photo,95,0,0,95,0,0,0,0,0,2018-05-29 08:27:00,2018,5,Tuesday,1,8.45
4991,photo,14,0,0,14,0,0,0,0,0,2018-05-29 08:13:00,2018,5,Tuesday,1,8.216666666666667
4992,photo,24,0,1,24,0,0,0,0,0,2018-05-29 07:52:00,2018,5,Tuesday,1,7.866666666666667
4993,photo,6,0,0,6,0,0,0,0,0,2018-05-29 07:36:00,2018,5,Tuesday,1,7.6
4994,photo,35,0,1,35,0,0,0,0,0,2018-05-29 07:14:00,2018,5,Tuesday,1,7.233333333333333
4995,photo,28,0,1,28,0,0,0,0,0,2018-05-29 02:45:00,2018,5,Tuesday,1,2.75
4996,photo,13,0,1,13,0,0,0,0,0,2018-05-29 02:25:00,2018,5,Tuesday,1,2.4166666666666665
4997,photo,11,0,2,11,0,0,0,0,0,2018-05-29 02:04:00,2018,5,Tuesday,1,2.066666666666667
4998,photo,12,0,0,12,0,0,0,0,0,2018-05-29 01:50:00,2018,5,Tuesday,1,1.8333333333333335
4999,photo,17,0,1,17,0,0,0,0,0,2018-05-29 01:23:00,2018,5,Tuesday,1,1.3833333333333333
5000,video,52,2,7,52,0,0,0,0,0,2018-05-29 01:12:00,2018,5,Tuesday,1,1.2
5001,video,180,392,230,130,49,0,1,0,0,2018-05-29 01:10:00,2018,5,Tuesday,1,1.1666666666666667
5002,photo,24,0,0,24,0,0,0,0,0,2018-05-28 23:36:00,2018,5,Monday,0,23.6
5003,photo,8,0,0,7,1,0,0,0,0,2018-05-28 22:51:00,2018,5,Monday,0,22.85
5004,photo,19,1,0,19,0,0,0,0,0,2018-05-28 22:46:00,2018,5,Monday,0,22.766666666666666
5005,photo,24,0,0,24,0,0,0,0,0,2018-05-28 22:32:00,2018,5,Monday,0,22.533333333333335
5006,photo,18,0,0,17,0,1,0,0,0,2018-05-28 07:54:00,2018,5,Monday,0,7.9
5007,photo,13,0,0,13,0,0,0,0,0,2018-05-28 07:39:00,2018,5,Monday,0,7.65
5008,photo,14,0,0,12,1,1,0,0,0,2018-05-28 07:16:00,2018,5,Monday,0,7.266666666666667
5009,video,33,0,9,33,0,0,0,0,0,2018-05-28 07:03:00,2018,5,Monday,0,7.05
5010,photo,30,1,2,30,0,0,0,0,0,2018-05-28 02:41:00,2018,5,Monday,0,2.6833333333333336
5011,photo,25,0,1,25,0,0,0,0,0,2018-05-28 02:11:00,2018,5,Monday,0,2.183333333333333
5012,photo,20,0,0,20,0,0,0,0,0,2018-05-28 01:50:00,2018,5,Monday,0,1.8333333333333335
5013,photo,16,1,0,16,0,0,0,0,0,2018-05-28 01:17:00,2018,5,Monday,0,1.2833333333333332
5014,video,54,0,7,54,0,0,0,0,0,2018-05-28 01:08:00,2018,5,Monday,0,1.1333333333333333
5015,video,206,367,236,132,71,2,1,0,0,2018-05-28 01:06:00,2018,5,Monday,0,1.1
5016,photo,18,0,0,17,0,1,0,0,0,2018-05-27 08:16:00,2018,5,Sunday,6,8.266666666666667
5017,photo,14,0,1,14,0,0,0,0,0,2018-05-27 07:59:00,2018,5,Sunday,6,7.983333333333333
5018,photo,18,1,1,18,0,0,0,0,0,2018-05-27 07:37:00,2018,5,Sunday,6,7.616666666666667
5019,photo,28,1,0,28,0,0,0,0,0,2018-05-27 07:14:00,2018,5,Sunday,6,7.233333333333333
5020,video,63,0,9,63,0,0,0,0,0,2018-05-27 07:04:00,2018,5,Sunday,6,7.066666666666666
5021,video,176,401,201,117,58,0,0,0,1,2018-05-27 07:02:00,2018,5,Sunday,6,7.033333333333333
5022,photo,23,1,0,23,0,0,0,0,0,2018-05-27 04:24:00,2018,5,Sunday,6,4.4
5023,photo,12,0,0,12,0,0,0,0,0,2018-05-27 03:58:00,2018,5,Sunday,6,3.966666666666667
5024,status,57,0,0,56,1,0,0,0,0,2018-05-27 03:30:00,2018,5,Sunday,6,3.5
5025,photo,26,2,0,26,0,0,0,0,0,2018-05-27 02:48:00,2018,5,Sunday,6,2.8
5026,photo,15,1,0,15,0,0,0,0,0,2018-05-27 02:19:00,2018,5,Sunday,6,2.3166666666666664
5027,photo,19,0,0,19,0,0,0,0,0,2018-05-27 02:02:00,2018,5,Sunday,6,2.033333333333333
5028,photo,41,2,2,41,0,0,0,0,0,2018-05-27 01:47:00,2018,5,Sunday,6,1.7833333333333332
5029,photo,11,0,0,11,0,0,0,0,0,2018-05-27 01:26:00,2018,5,Sunday,6,1.4333333333333333
5030,photo,18,0,1,18,0,0,0,0,0,2018-05-27 01:14:00,2018,5,Sunday,6,1.2333333333333334
5031,photo,29,0,0,29,0,0,0,0,0,2018-05-26 23:20:00,2018,5,Saturday,5,23.333333333333332
5032,photo,8,0,0,7,1,0,0,0,0,2018-05-26 23:01:00,2018,5,Saturday,5,23.016666666666666
5033,photo,19,0,0,19,0,0,0,0,0,2018-05-26 22:40:00,2018,5,Saturday,5,22.666666666666668
5034,photo,39,1,0,39,0,0,0,0,0,2018-05-26 22:16:00,2018,5,Saturday,5,22.266666666666666
5035,video,25,1,3,25,0,0,0,0,0,2018-05-26 22:00:00,2018,5,Saturday,5,22.0
5036,photo,41,2,1,41,0,0,0,0,0,2018-05-26 08:53:00,2018,5,Saturday,5,8.883333333333333
5037,photo,17,0,0,17,0,0,0,0,0,2018-05-26 08:35:00,2018,5,Saturday,5,8.583333333333334
5038,photo,21,0,0,20,1,0,0,0,0,2018-05-26 08:17:00,2018,5,Saturday,5,8.283333333333333
5039,photo,9,0,1,9,0,0,0,0,0,2018-05-26 08:03:00,2018,5,Saturday,5,8.05
5040,status,10,0,0,10,0,0,0,0,0,2018-05-26 07:47:00,2018,5,Saturday,5,7.783333333333333
5041,photo,18,2,1,17,1,0,0,0,0,2018-05-26 07:34:00,2018,5,Saturday,5,7.566666666666666
5042,photo,11,0,0,11,0,0,0,0,0,2018-05-26 07:16:00,2018,5,Saturday,5,7.266666666666667
5043,photo,19,2,1,18,0,1,0,0,0,2018-05-26 03:27:00,2018,5,Saturday,5,3.45
5044,video,23,0,2,23,0,0,0,0,0,2018-05-26 03:18:00,2018,5,Saturday,5,3.3
5045,photo,9,0,1,9,0,0,0,0,0,2018-05-26 02:42:00,2018,5,Saturday,5,2.7
5046,photo,19,0,1,19,0,0,0,0,0,2018-05-26 02:17:00,2018,5,Saturday,5,2.283333333333333
5047,photo,25,0,1,25,0,0,0,0,0,2018-05-26 02:04:00,2018,5,Saturday,5,2.066666666666667
5048,photo,19,2,0,19,0,0,0,0,0,2018-05-26 01:36:00,2018,5,Saturday,5,1.6
5049,photo,18,0,0,18,0,0,0,0,0,2018-05-26 01:15:00,2018,5,Saturday,5,1.25
5050,video,48,0,9,48,0,0,0,0,0,2018-05-26 01:05:00,2018,5,Saturday,5,1.0833333333333333
5051,video,9,0,0,9,0,0,0,0,0,2018-05-26 01:04:00,2018,5,Saturday,5,1.0666666666666667
5052,video,208,573,252,134,71,2,1,0,0,2018-05-26 01:03:00,2018,5,Saturday,5,1.05
5053,photo,15,0,0,15,0,0,0,0,0,2018-05-25 23:01:00,2018,5,Friday,4,23.016666666666666
5054,photo,17,0,0,16,1,0,0,0,0,2018-05-25 22:40:00,2018,5,Friday,4,22.666666666666668
5055,photo,9,0,0,9,0,0,0,0,0,2018-05-25 22:27:00,2018,5,Friday,4,22.45
5056,video,14,0,0,14,0,0,0,0,0,2018-05-25 22:07:00,2018,5,Friday,4,22.116666666666667
5057,photo,30,0,1,30,0,0,0,0,0,2018-05-25 08:37:00,2018,5,Friday,4,8.616666666666667
5058,photo,21,0,0,21,0,0,0,0,0,2018-05-25 08:23:00,2018,5,Friday,4,8.383333333333333
5059,photo,15,0,0,15,0,0,0,0,0,2018-05-25 08:11:00,2018,5,Friday,4,8.183333333333334
5060,photo,28,0,0,28,0,0,0,0,0,2018-05-25 07:51:00,2018,5,Friday,4,7.85
5061,status,11,0,1,11,0,0,0,0,0,2018-05-25 07:42:00,2018,5,Friday,4,7.7
5062,photo,9,2,1,9,0,0,0,0,0,2018-05-25 07:26:00,2018,5,Friday,4,7.433333333333334
5063,photo,30,1,1,30,0,0,0,0,0,2018-05-25 07:03:00,2018,5,Friday,4,7.05
5064,video,55,0,5,55,0,0,0,0,0,2018-05-25 06:54:00,2018,5,Friday,4,6.9
5065,video,2,0,0,2,0,0,0,0,0,2018-05-25 06:54:00,2018,5,Friday,4,6.9
5066,video,299,760,228,186,105,1,5,1,1,2018-05-25 06:53:00,2018,5,Friday,4,6.883333333333333
5067,photo,29,0,0,29,0,0,0,0,0,2018-05-25 03:33:00,2018,5,Friday,4,3.55
5068,video,23,0,0,23,0,0,0,0,0,2018-05-25 03:21:00,2018,5,Friday,4,3.35
5069,photo,23,0,0,23,0,0,0,0,0,2018-05-25 02:32:00,2018,5,Friday,4,2.533333333333333
5070,photo,24,0,1,24,0,0,0,0,0,2018-05-25 02:22:00,2018,5,Friday,4,2.3666666666666667
5071,photo,13,0,0,13,0,0,0,0,0,2018-05-25 02:07:00,2018,5,Friday,4,2.1166666666666667
5072,photo,8,0,0,8,0,0,0,0,0,2018-05-25 01:51:00,2018,5,Friday,4,1.85
5073,photo,20,1,1,20,0,0,0,0,0,2018-05-25 01:15:00,2018,5,Friday,4,1.25
5074,video,53,0,11,53,0,0,0,0,0,2018-05-25 01:09:00,2018,5,Friday,4,1.15
5075,video,6,0,0,6,0,0,0,0,0,2018-05-25 01:05:00,2018,5,Friday,4,1.0833333333333333
5076,video,7,0,0,7,0,0,0,0,0,2018-05-25 01:04:00,2018,5,Friday,4,1.0666666666666667
5077,video,256,779,304,168,85,1,2,0,0,2018-05-25 01:03:00,2018,5,Friday,4,1.05
5078,photo,15,0,0,15,0,0,0,0,0,2018-05-24 23:32:00,2018,5,Thursday,3,23.533333333333335
5079,photo,15,0,0,15,0,0,0,0,0,2018-05-24 23:08:00,2018,5,Thursday,3,23.133333333333333
5080,photo,9,0,0,9,0,0,0,0,0,2018-05-24 22:51:00,2018,5,Thursday,3,22.85
5081,photo,13,0,0,13,0,0,0,0,0,2018-05-24 22:27:00,2018,5,Thursday,3,22.45
5082,video,16,0,4,16,0,0,0,0,0,2018-05-24 22:15:00,2018,5,Thursday,3,22.25
5083,photo,86,6,29,78,0,0,8,0,0,2018-05-24 10:29:00,2018,5,Thursday,3,10.483333333333333
5084,photo,29,1,0,29,0,0,0,0,0,2018-05-24 08:08:00,2018,5,Thursday,3,8.133333333333333
5085,photo,25,0,1,25,0,0,0,0,0,2018-05-24 08:00:00,2018,5,Thursday,3,8.0
5086,photo,14,0,0,14,0,0,0,0,0,2018-05-24 07:42:00,2018,5,Thursday,3,7.7
5087,photo,22,0,1,22,0,0,0,0,0,2018-05-24 07:20:00,2018,5,Thursday,3,7.333333333333333
5088,video,42,0,4,42,0,0,0,0,0,2018-05-24 07:10:00,2018,5,Thursday,3,7.166666666666667
5089,video,147,541,166,123,23,0,1,0,0,2018-05-24 06:59:00,2018,5,Thursday,3,6.983333333333333
5090,photo,33,0,0,33,0,0,0,0,0,2018-05-24 03:37:00,2018,5,Thursday,3,3.6166666666666667
5091,video,30,1,1,30,0,0,0,0,0,2018-05-24 03:24:00,2018,5,Thursday,3,3.4
5092,photo,21,1,0,21,0,0,0,0,0,2018-05-24 02:14:00,2018,5,Thursday,3,2.2333333333333334
5093,photo,14,0,0,14,0,0,0,0,0,2018-05-24 01:35:00,2018,5,Thursday,3,1.5833333333333335
5094,photo,48,1,1,47,1,0,0,0,0,2018-05-24 01:11:00,2018,5,Thursday,3,1.1833333333333333
5095,video,195,243,194,166,29,0,0,0,0,2018-05-24 01:00:00,2018,5,Thursday,3,1.0
5096,photo,8,0,1,8,0,0,0,0,0,2018-05-23 23:42:00,2018,5,Wednesday,2,23.7
5097,photo,7,0,0,7,0,0,0,0,0,2018-05-23 23:08:00,2018,5,Wednesday,2,23.133333333333333
5098,photo,8,0,0,8,0,0,0,0,0,2018-05-23 22:46:00,2018,5,Wednesday,2,22.766666666666666
5099,photo,14,0,0,14,0,0,0,0,0,2018-05-23 22:32:00,2018,5,Wednesday,2,22.533333333333335
5100,photo,22,0,0,22,0,0,0,0,0,2018-05-23 08:37:00,2018,5,Wednesday,2,8.616666666666667
5101,photo,14,0,0,14,0,0,0,0,0,2018-05-23 08:12:00,2018,5,Wednesday,2,8.2
5102,status,15,0,0,15,0,0,0,0,0,2018-05-23 07:52:00,2018,5,Wednesday,2,7.866666666666667
5103,photo,14,0,0,14,0,0,0,0,0,2018-05-23 07:38:00,2018,5,Wednesday,2,7.633333333333333
5104,photo,19,1,0,19,0,0,0,0,0,2018-05-23 07:15:00,2018,5,Wednesday,2,7.25
5105,photo,38,5,0,37,0,1,0,0,0,2018-05-23 04:35:00,2018,5,Wednesday,2,4.583333333333333
5106,photo,12,0,0,12,0,0,0,0,0,2018-05-23 04:15:00,2018,5,Wednesday,2,4.25
5107,photo,12,0,0,12,0,0,0,0,0,2018-05-23 03:44:00,2018,5,Wednesday,2,3.7333333333333334
5108,photo,11,0,0,11,0,0,0,0,0,2018-05-23 03:20:00,2018,5,Wednesday,2,3.3333333333333335
5109,video,30,0,7,30,0,0,0,0,0,2018-05-23 03:11:00,2018,5,Wednesday,2,3.183333333333333
5110,photo,15,0,0,15,0,0,0,0,0,2018-05-23 02:46:00,2018,5,Wednesday,2,2.7666666666666666
5111,photo,13,0,1,13,0,0,0,0,0,2018-05-23 02:16:00,2018,5,Wednesday,2,2.2666666666666666
5112,photo,26,0,1,26,0,0,0,0,0,2018-05-23 01:52:00,2018,5,Wednesday,2,1.8666666666666667
5113,photo,10,0,0,10,0,0,0,0,0,2018-05-23 01:35:00,2018,5,Wednesday,2,1.5833333333333335
5114,video,145,274,141,96,47,1,1,0,0,2018-05-23 00:59:00,2018,5,Wednesday,2,0.9833333333333333
5115,photo,9,0,1,9,0,0,0,0,0,2018-05-22 07:52:00,2018,5,Tuesday,1,7.866666666666667
5116,video,126,323,164,72,51,1,2,0,0,2018-05-22 07:03:00,2018,5,Tuesday,1,7.05
5117,video,97,277,124,62,32,1,2,0,0,2018-05-22 01:25:00,2018,5,Tuesday,1,1.4166666666666667
5118,video,67,120,87,50,15,1,1,0,0,2018-05-22 00:58:00,2018,5,Tuesday,1,0.9666666666666667
5119,photo,24,0,1,24,0,0,0,0,0,2018-05-21 22:45:00,2018,5,Monday,0,22.75
5120,photo,14,0,0,14,0,0,0,0,0,2018-05-21 07:35:00,2018,5,Monday,0,7.583333333333333
5121,video,124,400,149,93,30,0,1,0,0,2018-05-21 07:06:00,2018,5,Monday,0,7.1
5122,video,27,42,30,24,3,0,0,0,0,2018-05-21 06:58:00,2018,5,Monday,0,6.966666666666667
5123,video,89,255,142,63,22,2,2,0,0,2018-05-21 01:05:00,2018,5,Monday,0,1.0833333333333333
5124,status,18,0,0,18,0,0,0,0,0,2018-05-20 23:15:00,2018,5,Sunday,6,23.25
5125,status,30,0,1,30,0,0,0,0,0,2018-05-20 08:18:00,2018,5,Sunday,6,8.3
5126,video,135,461,212,103,31,1,0,0,0,2018-05-20 07:01:00,2018,5,Sunday,6,7.016666666666667
5127,photo,66,3,2,66,0,0,0,0,0,2018-05-20 01:13:00,2018,5,Sunday,6,1.2166666666666668
5128,video,71,0,13,71,0,0,0,0,0,2018-05-20 01:01:00,2018,5,Sunday,6,1.0166666666666666
5129,video,240,764,283,149,90,1,0,0,0,2018-05-20 01:01:00,2018,5,Sunday,6,1.0166666666666666
5130,photo,24,0,0,24,0,0,0,0,0,2018-05-19 07:12:00,2018,5,Saturday,5,7.2
5131,video,46,76,96,35,10,1,0,0,0,2018-05-19 07:03:00,2018,5,Saturday,5,7.05
5132,photo,18,0,1,18,0,0,0,0,0,2018-05-19 02:11:00,2018,5,Saturday,5,2.183333333333333
5133,video,110,338,151,85,21,0,4,0,0,2018-05-19 01:00:00,2018,5,Saturday,5,1.0
5134,video,11,0,0,11,0,0,0,0,0,2018-05-18 22:54:00,2018,5,Friday,4,22.9
5135,video,0,0,0,0,0,0,0,0,0,2018-05-18 22:54:00,2018,5,Friday,4,22.9
5136,video,9,1,4,9,0,0,0,0,0,2018-05-18 22:20:00,2018,5,Friday,4,22.333333333333332
5137,video,165,395,180,116,45,0,3,1,0,2018-05-18 07:19:00,2018,5,Friday,4,7.316666666666666
5138,video,62,102,76,57,2,0,3,0,0,2018-05-18 07:02:00,2018,5,Friday,4,7.033333333333333
5139,photo,9,1,1,9,0,0,0,0,0,2018-05-18 01:50:00,2018,5,Friday,4,1.8333333333333335
5140,photo,25,0,1,25,0,0,0,0,0,2018-05-18 01:21:00,2018,5,Friday,4,1.35
5141,video,170,537,243,106,60,1,1,1,1,2018-05-18 01:03:00,2018,5,Friday,4,1.05
5142,photo,28,0,0,28,0,0,0,0,0,2018-05-17 23:38:00,2018,5,Thursday,3,23.633333333333333
5143,video,112,354,147,86,24,1,1,0,0,2018-05-16 07:01:00,2018,5,Wednesday,2,7.016666666666667
5144,video,124,313,166,91,29,3,1,0,0,2018-05-16 01:02:00,2018,5,Wednesday,2,1.0333333333333334
5145,photo,20,0,0,19,0,1,0,0,0,2018-05-15 22:16:00,2018,5,Tuesday,1,22.266666666666666
5146,photo,43,0,0,43,0,0,0,0,0,2018-05-15 07:46:00,2018,5,Tuesday,1,7.766666666666667
5147,video,183,543,233,116,67,0,0,0,0,2018-05-15 01:04:00,2018,5,Tuesday,1,1.0666666666666667
5148,video,111,362,161,78,30,0,3,0,0,2018-05-14 07:03:00,2018,5,Monday,0,7.05
5149,video,165,495,267,113,49,1,2,0,0,2018-05-14 01:02:00,2018,5,Monday,0,1.0333333333333334
5150,photo,36,0,1,36,0,0,0,0,0,2018-05-13 07:56:00,2018,5,Sunday,6,7.933333333333334
5151,photo,27,0,1,27,0,0,0,0,0,2018-05-13 07:15:00,2018,5,Sunday,6,7.25
5152,video,140,379,111,71,67,1,0,1,0,2018-05-13 07:00:00,2018,5,Sunday,6,7.0
5153,video,102,276,209,63,39,0,0,0,0,2018-05-13 01:12:00,2018,5,Sunday,6,1.2
5154,video,22,0,2,22,0,0,0,0,0,2018-05-12 22:05:00,2018,5,Saturday,5,22.083333333333332
5155,photo,11,0,0,10,1,0,0,0,0,2018-05-11 08:06:00,2018,5,Friday,4,8.1
5156,photo,11,1,0,11,0,0,0,0,0,2018-05-11 01:41:00,2018,5,Friday,4,1.6833333333333333
5157,video,167,442,174,91,71,1,4,0,0,2018-05-11 01:05:00,2018,5,Friday,4,1.0833333333333333
5158,photo,28,1,0,28,0,0,0,0,0,2018-05-10 22:44:00,2018,5,Thursday,3,22.733333333333334
5159,video,51,0,10,50,0,1,0,0,0,2018-05-10 21:52:00,2018,5,Thursday,3,21.866666666666667
5160,photo,43,0,0,43,0,0,0,0,0,2018-05-10 07:47:00,2018,5,Thursday,3,7.783333333333333
5161,video,176,472,182,112,59,2,2,1,0,2018-05-10 07:00:00,2018,5,Thursday,3,7.0
5162,video,110,369,159,73,33,2,2,0,0,2018-05-10 00:57:00,2018,5,Thursday,3,0.95
5163,photo,20,1,0,20,0,0,0,0,0,2018-05-09 23:28:00,2018,5,Wednesday,2,23.466666666666665
5164,photo,18,1,0,18,0,0,0,0,0,2018-05-09 22:22:00,2018,5,Wednesday,2,22.366666666666667
5165,photo,26,1,0,25,1,0,0,0,0,2018-05-09 08:03:00,2018,5,Wednesday,2,8.05
5166,video,148,348,169,90,53,3,1,1,0,2018-05-09 06:59:00,2018,5,Wednesday,2,6.983333333333333
5167,photo,28,0,0,28,0,0,0,0,0,2018-05-09 02:31:00,2018,5,Wednesday,2,2.5166666666666666
5168,photo,28,1,0,28,0,0,0,0,0,2018-05-09 01:24:00,2018,5,Wednesday,2,1.4
5169,video,173,477,204,101,68,0,2,0,2,2018-05-09 01:04:00,2018,5,Wednesday,2,1.0666666666666667
5170,video,145,326,148,81,59,2,3,0,0,2018-05-08 06:59:00,2018,5,Tuesday,1,6.983333333333333
5171,video,122,287,116,80,40,0,1,1,0,2018-05-08 01:04:00,2018,5,Tuesday,1,1.0666666666666667
5172,video,134,420,169,76,56,1,1,0,0,2018-05-07 07:00:00,2018,5,Monday,0,7.0
5173,video,157,413,200,102,53,0,0,2,0,2018-05-07 00:59:00,2018,5,Monday,0,0.9833333333333333
5174,video,25,0,8,25,0,0,0,0,0,2018-05-06 22:26:00,2018,5,Sunday,6,22.433333333333334
5175,video,106,194,94,61,43,1,1,0,0,2018-05-06 06:58:00,2018,5,Sunday,6,6.966666666666667
5176,video,64,107,39,57,7,0,0,0,0,2018-05-06 02:23:00,2018,5,Sunday,6,2.3833333333333333
5177,video,144,250,228,85,54,0,4,0,1,2018-05-06 01:04:00,2018,5,Sunday,6,1.0666666666666667
5178,video,47,0,9,46,0,1,0,0,0,2018-05-05 07:03:00,2018,5,Saturday,5,7.05
5179,video,198,373,187,125,70,1,2,0,0,2018-05-05 07:01:00,2018,5,Saturday,5,7.016666666666667
5180,photo,29,0,0,29,0,0,0,0,0,2018-05-05 02:06:00,2018,5,Saturday,5,2.1
5181,video,159,306,206,91,64,0,3,0,1,2018-05-05 01:08:00,2018,5,Saturday,5,1.1333333333333333
5182,photo,29,0,0,29,0,0,0,0,0,2018-05-04 08:15:00,2018,5,Friday,4,8.25
5183,photo,17,0,0,16,0,1,0,0,0,2018-05-04 07:28:00,2018,5,Friday,4,7.466666666666667
5184,video,214,528,265,136,78,0,0,0,0,2018-05-04 07:00:00,2018,5,Friday,4,7.0
5185,video,195,525,287,119,73,0,3,0,0,2018-05-04 01:01:00,2018,5,Friday,4,1.0166666666666666
5186,video,132,385,144,98,32,0,2,0,0,2018-05-03 07:04:00,2018,5,Thursday,3,7.066666666666666
5187,photo,22,0,0,22,0,0,0,0,0,2018-05-03 01:43:00,2018,5,Thursday,3,1.7166666666666668
5188,video,113,183,120,74,38,0,0,0,1,2018-05-03 01:03:00,2018,5,Thursday,3,1.05
5189,photo,21,2,0,20,0,1,0,0,0,2018-05-02 23:36:00,2018,5,Wednesday,2,23.6
5190,video,204,358,144,164,36,2,2,0,0,2018-05-02 07:00:00,2018,5,Wednesday,2,7.0
5191,status,43,0,1,42,1,0,0,0,0,2018-05-02 02:18:00,2018,5,Wednesday,2,2.3
5192,photo,20,1,0,20,0,0,0,0,0,2018-05-02 01:14:00,2018,5,Wednesday,2,1.2333333333333334
5193,video,138,321,149,85,51,2,0,0,0,2018-05-02 01:00:00,2018,5,Wednesday,2,1.0
5194,photo,20,0,0,19,1,0,0,0,0,2018-05-01 22:30:00,2018,5,Tuesday,1,22.5
5195,video,197,324,163,158,37,1,1,0,0,2018-05-01 07:06:00,2018,5,Tuesday,1,7.1
5196,video,263,353,198,209,52,1,1,0,0,2018-05-01 01:01:00,2018,5,Tuesday,1,1.0166666666666666
5197,photo,51,0,0,51,0,0,0,0,0,2018-04-30 07:57:00,2018,4,Monday,0,7.95
5198,video,212,342,120,168,42,1,1,0,0,2018-04-30 07:20:00,2018,4,Monday,0,7.333333333333333
5199,video,145,402,153,86,57,0,1,0,1,2018-04-30 01:04:00,2018,4,Monday,0,1.0666666666666667
5200,photo,29,0,0,29,0,0,0,0,0,2018-04-29 07:37:00,2018,4,Sunday,6,7.616666666666667
5201,video,150,354,175,88,57,1,3,0,1,2018-04-29 07:02:00,2018,4,Sunday,6,7.033333333333333
5202,video,221,388,225,115,100,2,4,0,0,2018-04-29 00:59:00,2018,4,Sunday,6,0.9833333333333333
5203,video,92,182,122,61,29,2,0,0,0,2018-04-28 07:00:00,2018,4,Saturday,5,7.0
5204,photo,24,0,2,24,0,0,0,0,0,2018-04-28 01:13:00,2018,4,Saturday,5,1.2166666666666668
5205,video,213,305,221,123,86,1,2,0,1,2018-04-28 00:58:00,2018,4,Saturday,5,0.9666666666666667
5206,photo,40,2,0,39,1,0,0,0,0,2018-04-27 07:49:00,2018,4,Friday,4,7.816666666666666
5207,photo,40,0,2,40,0,0,0,0,0,2018-04-27 07:16:00,2018,4,Friday,4,7.266666666666667
5208,video,219,437,247,146,70,1,2,0,0,2018-04-27 06:58:00,2018,4,Friday,4,6.966666666666667
5209,video,245,305,185,209,35,1,0,0,0,2018-04-27 00:58:00,2018,4,Friday,4,0.9666666666666667
5210,photo,23,0,0,22,1,0,0,0,0,2018-04-26 22:28:00,2018,4,Thursday,3,22.466666666666665
5211,video,218,635,349,163,52,1,1,0,1,2018-04-26 07:03:00,2018,4,Thursday,3,7.05
5212,video,303,604,291,198,100,3,1,1,0,2018-04-26 01:04:00,2018,4,Thursday,3,1.0666666666666667
5213,video,214,462,167,143,69,0,0,2,0,2018-04-25 07:06:00,2018,4,Wednesday,2,7.1
5214,video,179,390,224,123,49,4,3,0,0,2018-04-25 00:59:00,2018,4,Wednesday,2,0.9833333333333333
5215,video,177,373,227,141,34,1,1,0,0,2018-04-24 07:10:00,2018,4,Tuesday,1,7.166666666666667
5216,video,57,1,14,57,0,0,0,0,0,2018-04-24 01:17:00,2018,4,Tuesday,1,1.2833333333333332
5217,video,145,328,174,113,29,0,1,1,1,2018-04-24 01:09:00,2018,4,Tuesday,1,1.15
5218,photo,15,0,0,15,0,0,0,0,0,2018-04-23 22:58:00,2018,4,Monday,0,22.966666666666665
5219,video,14,0,6,14,0,0,0,0,0,2018-04-23 22:13:00,2018,4,Monday,0,22.216666666666665
5220,video,125,254,145,90,33,2,0,0,0,2018-04-23 07:05:00,2018,4,Monday,0,7.083333333333333
5221,video,209,275,129,173,35,1,0,0,0,2018-04-23 01:07:00,2018,4,Monday,0,1.1166666666666667
5222,photo,17,0,0,17,0,0,0,0,0,2018-04-22 08:30:00,2018,4,Sunday,6,8.5
5223,video,151,218,230,112,34,3,2,0,0,2018-04-22 06:56:00,2018,4,Sunday,6,6.933333333333334
5224,video,163,269,243,105,53,1,4,0,0,2018-04-22 01:02:00,2018,4,Sunday,6,1.0333333333333334
5225,video,173,360,156,107,61,1,2,0,2,2018-04-21 07:06:00,2018,4,Saturday,5,7.1
5226,video,233,3360,335,198,35,0,0,0,0,2018-04-21 01:03:00,2018,4,Saturday,5,1.05
5227,photo,8,0,0,7,0,1,0,0,0,2018-04-20 22:40:00,2018,4,Friday,4,22.666666666666668
5228,video,10,0,8,10,0,0,0,0,0,2018-04-20 22:27:00,2018,4,Friday,4,22.45
5229,video,147,346,94,103,40,3,1,0,0,2018-04-20 07:06:00,2018,4,Friday,4,7.1
5230,video,182,338,196,110,68,3,1,0,0,2018-04-20 01:06:00,2018,4,Friday,4,1.1
5231,video,46,0,10,44,1,0,1,0,0,2018-04-19 07:01:00,2018,4,Thursday,3,7.016666666666667
5232,video,120,247,109,86,30,3,0,1,0,2018-04-19 07:00:00,2018,4,Thursday,3,7.0
5233,video,146,396,170,104,38,1,2,1,0,2018-04-19 01:08:00,2018,4,Thursday,3,1.1333333333333333
5234,video,189,391,138,142,45,1,1,0,0,2018-04-18 01:04:00,2018,4,Wednesday,2,1.0666666666666667
5235,photo,35,0,0,35,0,0,0,0,0,2018-04-17 08:21:00,2018,4,Tuesday,1,8.35
5236,photo,21,1,0,21,0,0,0,0,0,2018-04-17 07:41:00,2018,4,Tuesday,1,7.683333333333334
5237,photo,25,1,1,25,0,0,0,0,0,2018-04-17 07:14:00,2018,4,Tuesday,1,7.233333333333333
5238,video,239,404,190,197,40,0,1,0,1,2018-04-17 07:02:00,2018,4,Tuesday,1,7.033333333333333
5239,photo,13,0,0,13,0,0,0,0,0,2018-04-17 02:35:00,2018,4,Tuesday,1,2.5833333333333335
5240,video,183,419,215,123,56,0,4,0,0,2018-04-17 01:09:00,2018,4,Tuesday,1,1.15
5241,photo,95,0,4,88,0,0,7,0,0,2018-04-12 22:19:00,2018,4,Thursday,3,22.316666666666666
5242,photo,53,1,2,53,0,0,0,0,0,2018-04-12 01:15:00,2018,4,Thursday,3,1.25
5243,video,146,304,169,111,31,2,2,0,0,2018-04-12 01:02:00,2018,4,Thursday,3,1.0333333333333334
5244,video,109,358,139,76,31,1,1,0,0,2018-04-11 06:03:00,2018,4,Wednesday,2,6.05
5245,photo,43,1,0,43,0,0,0,0,0,2018-04-11 01:18:00,2018,4,Wednesday,2,1.3
5246,video,158,333,164,110,47,0,0,1,0,2018-04-11 01:04:00,2018,4,Wednesday,2,1.0666666666666667
5247,photo,17,0,0,17,0,0,0,0,0,2018-04-10 22:51:00,2018,4,Tuesday,1,22.85
5248,video,136,319,226,98,34,0,4,0,0,2018-04-10 07:03:00,2018,4,Tuesday,1,7.05
5249,photo,20,0,0,20,0,0,0,0,0,2018-04-10 02:39:00,2018,4,Tuesday,1,2.65
5250,video,104,299,136,61,40,0,2,0,1,2018-04-10 01:07:00,2018,4,Tuesday,1,1.1166666666666667
5251,video,30,0,9,29,1,0,0,0,0,2018-04-09 22:03:00,2018,4,Monday,0,22.05
5252,video,124,305,109,91,30,1,2,0,0,2018-04-09 07:00:00,2018,4,Monday,0,7.0
5253,photo,17,0,0,16,1,0,0,0,0,2018-04-09 02:05:00,2018,4,Monday,0,2.0833333333333335
5254,video,165,413,227,107,52,2,4,0,0,2018-04-09 01:00:00,2018,4,Monday,0,1.0
5255,photo,6,0,0,6,0,0,0,0,0,2018-04-08 22:46:00,2018,4,Sunday,6,22.766666666666666
5256,photo,21,2,0,21,0,0,0,0,0,2018-04-08 07:17:00,2018,4,Sunday,6,7.283333333333333
5257,video,144,220,178,96,47,1,0,0,0,2018-04-08 07:02:00,2018,4,Sunday,6,7.033333333333333
5258,photo,36,0,0,36,0,0,0,0,0,2018-04-08 01:56:00,2018,4,Sunday,6,1.9333333333333333
5259,photo,17,0,0,17,0,0,0,0,0,2018-04-08 01:14:00,2018,4,Sunday,6,1.2333333333333334
5260,video,205,257,275,125,73,1,5,0,1,2018-04-08 01:01:00,2018,4,Sunday,6,1.0166666666666666
5261,photo,29,0,1,29,0,0,0,0,0,2018-04-07 23:11:00,2018,4,Saturday,5,23.183333333333334
5262,video,162,386,296,106,52,1,1,0,2,2018-04-07 07:04:00,2018,4,Saturday,5,7.066666666666666
5263,video,166,384,294,107,58,0,1,0,0,2018-04-07 01:05:00,2018,4,Saturday,5,1.0833333333333333
5264,photo,38,0,0,37,0,0,1,0,0,2018-04-06 07:16:00,2018,4,Friday,4,7.266666666666667
5265,video,199,432,247,162,27,1,8,0,1,2018-04-06 07:05:00,2018,4,Friday,4,7.083333333333333
5266,video,186,398,302,145,35,3,3,0,0,2018-04-06 01:04:00,2018,4,Friday,4,1.0666666666666667
5267,photo,18,0,0,18,0,0,0,0,0,2018-04-05 22:32:00,2018,4,Thursday,3,22.533333333333335
5268,video,174,332,145,155,18,0,1,0,0,2018-04-05 06:31:00,2018,4,Thursday,3,6.516666666666667
5269,video,38,0,14,38,0,0,0,0,0,2018-04-05 01:05:00,2018,4,Thursday,3,1.0833333333333333
5270,video,156,464,288,94,56,1,4,0,1,2018-04-05 01:02:00,2018,4,Thursday,3,1.0333333333333334
5271,photo,19,0,1,19,0,0,0,0,0,2018-04-04 23:28:00,2018,4,Wednesday,2,23.466666666666665
5272,video,122,307,131,87,33,0,0,1,1,2018-04-04 06:30:00,2018,4,Wednesday,2,6.5
5273,video,110,335,123,77,31,1,1,0,0,2018-04-04 01:07:00,2018,4,Wednesday,2,1.1166666666666667
5274,video,164,626,184,119,44,0,1,0,0,2018-04-03 01:05:00,2018,4,Tuesday,1,1.0833333333333333
5275,photo,15,0,0,15,0,0,0,0,0,2018-04-02 07:19:00,2018,4,Monday,0,7.316666666666666
5276,video,148,347,146,104,39,1,3,0,1,2018-04-02 07:04:00,2018,4,Monday,0,7.066666666666666
5277,photo,6,0,0,6,0,0,0,0,0,2018-04-02 02:09:00,2018,4,Monday,0,2.15
5278,video,106,324,138,82,21,1,2,0,0,2018-04-02 01:06:00,2018,4,Monday,0,1.1
5279,photo,14,0,0,14,0,0,0,0,0,2018-04-01 23:21:00,2018,4,Sunday,6,23.35
5280,photo,26,0,0,26,0,0,0,0,0,2018-04-01 07:58:00,2018,4,Sunday,6,7.966666666666667
5281,photo,20,0,0,20,0,0,0,0,0,2018-04-01 07:31:00,2018,4,Sunday,6,7.516666666666667
5282,video,95,295,84,55,35,0,4,1,0,2018-04-01 07:17:00,2018,4,Sunday,6,7.283333333333333
5283,video,150,526,255,114,36,0,0,0,0,2018-04-01 01:03:00,2018,4,Sunday,6,1.05
5284,video,18,1,3,18,0,0,0,0,0,2018-03-31 22:06:00,2018,3,Saturday,5,22.1
5285,video,146,864,199,107,37,0,0,1,1,2018-03-31 07:04:00,2018,3,Saturday,5,7.066666666666666
5286,video,163,341,173,109,53,0,1,0,0,2018-03-31 01:06:00,2018,3,Saturday,5,1.1
5287,video,150,398,187,105,38,2,3,1,1,2018-03-30 07:05:00,2018,3,Friday,4,7.083333333333333
5288,video,115,281,151,81,33,0,0,1,0,2018-03-30 01:00:00,2018,3,Friday,4,1.0
5289,video,155,375,233,112,41,0,2,0,0,2018-03-29 06:31:00,2018,3,Thursday,3,6.516666666666667
5290,video,168,703,160,116,49,0,3,0,0,2018-03-29 01:10:00,2018,3,Thursday,3,1.1666666666666667
5291,video,158,623,155,114,37,1,2,2,2,2018-03-28 06:32:00,2018,3,Wednesday,2,6.533333333333333
5292,video,163,1138,200,116,43,3,0,0,1,2018-03-28 01:07:00,2018,3,Wednesday,2,1.1166666666666667
5293,photo,19,0,1,18,1,0,0,0,0,2018-03-27 22:21:00,2018,3,Tuesday,1,22.35
5294,video,182,353,126,125,50,2,4,0,1,2018-03-27 07:00:00,2018,3,Tuesday,1,7.0
5295,photo,29,0,1,29,0,0,0,0,0,2018-03-27 02:44:00,2018,3,Tuesday,1,2.7333333333333334
5296,video,164,447,170,117,39,3,4,0,1,2018-03-27 00:59:00,2018,3,Tuesday,1,0.9833333333333333
5297,photo,23,0,0,23,0,0,0,0,0,2018-03-26 23:21:00,2018,3,Monday,0,23.35
5298,photo,7,0,0,7,0,0,0,0,0,2018-03-26 23:07:00,2018,3,Monday,0,23.116666666666667
5299,video,116,250,111,68,45,0,2,1,0,2018-03-26 07:06:00,2018,3,Monday,0,7.1
5300,video,16,0,0,15,1,0,0,0,0,2018-03-26 01:06:00,2018,3,Monday,0,1.1
5301,video,143,417,163,95,41,3,4,0,0,2018-03-26 01:03:00,2018,3,Monday,0,1.05
5302,photo,18,0,0,17,1,0,0,0,0,2018-03-25 23:18:00,2018,3,Sunday,6,23.3
5303,photo,8,0,1,7,1,0,0,0,0,2018-03-25 23:00:00,2018,3,Sunday,6,23.0
5304,video,144,383,196,87,54,0,3,0,0,2018-03-25 07:01:00,2018,3,Sunday,6,7.016666666666667
5305,video,158,324,215,119,33,1,5,0,0,2018-03-25 01:09:00,2018,3,Sunday,6,1.15
5306,photo,6,0,0,6,0,0,0,0,0,2018-03-24 07:31:00,2018,3,Saturday,5,7.516666666666667
5307,photo,22,0,0,22,0,0,0,0,0,2018-03-24 07:12:00,2018,3,Saturday,5,7.2
5308,video,121,442,104,73,48,0,0,0,0,2018-03-24 07:02:00,2018,3,Saturday,5,7.033333333333333
5309,photo,26,0,1,26,0,0,0,0,0,2018-03-24 02:12:00,2018,3,Saturday,5,2.2
5310,video,153,339,187,107,42,1,2,0,1,2018-03-24 01:01:00,2018,3,Saturday,5,1.0166666666666666
5311,photo,10,0,0,10,0,0,0,0,0,2018-03-23 22:26:00,2018,3,Friday,4,22.433333333333334
5312,photo,13,0,0,13,0,0,0,0,0,2018-03-23 08:05:00,2018,3,Friday,4,8.083333333333334
5313,video,202,323,166,132,67,0,3,0,0,2018-03-23 07:01:00,2018,3,Friday,4,7.016666666666667
5314,video,29,0,1,29,0,0,0,0,0,2018-03-23 01:07:00,2018,3,Friday,4,1.1166666666666667
5315,video,151,328,135,92,52,0,3,0,4,2018-03-23 01:07:00,2018,3,Friday,4,1.1166666666666667
5316,video,132,263,43,106,25,0,0,1,0,2018-03-22 07:37:00,2018,3,Thursday,3,7.616666666666667
5317,video,145,142,97,93,52,0,0,0,0,2018-03-22 06:34:00,2018,3,Thursday,3,6.566666666666666
5318,video,150,388,201,98,47,0,4,0,1,2018-03-22 01:06:00,2018,3,Thursday,3,1.1
5319,video,12,1,3,12,0,0,0,0,0,2018-03-21 22:10:00,2018,3,Wednesday,2,22.166666666666668
5320,video,193,631,206,133,57,2,0,1,0,2018-03-21 06:39:00,2018,3,Wednesday,2,6.65
5321,video,214,530,209,141,65,4,3,0,1,2018-03-21 01:02:00,2018,3,Wednesday,2,1.0333333333333334
5322,photo,24,1,0,23,1,0,0,0,0,2018-03-20 07:37:00,2018,3,Tuesday,1,7.616666666666667
5323,video,27,0,0,27,0,0,0,0,0,2018-03-20 07:11:00,2018,3,Tuesday,1,7.183333333333334
5324,video,187,544,142,124,55,2,5,0,1,2018-03-20 07:09:00,2018,3,Tuesday,1,7.15
5325,video,173,429,166,132,37,2,0,2,0,2018-03-20 01:11:00,2018,3,Tuesday,1,1.1833333333333333
5326,photo,48,4,2,48,0,0,0,0,0,2018-03-19 08:30:00,2018,3,Monday,0,8.5
5327,video,190,511,197,142,46,0,1,0,1,2018-03-19 07:03:00,2018,3,Monday,0,7.05
5328,photo,13,0,0,13,0,0,0,0,0,2018-03-19 01:43:00,2018,3,Monday,0,1.7166666666666668
5329,video,226,556,268,146,79,0,1,0,0,2018-03-19 01:02:00,2018,3,Monday,0,1.0333333333333334
5330,photo,15,0,0,15,0,0,0,0,0,2018-03-18 22:44:00,2018,3,Sunday,6,22.733333333333334
5331,video,154,467,111,89,59,0,4,1,1,2018-03-18 06:57:00,2018,3,Sunday,6,6.95
5332,video,98,346,142,68,28,1,1,0,0,2018-03-18 01:04:00,2018,3,Sunday,6,1.0666666666666667
5333,video,30,0,4,30,0,0,0,0,0,2018-03-17 07:07:00,2018,3,Saturday,5,7.116666666666666
5334,video,157,499,220,128,24,1,4,0,0,2018-03-17 07:04:00,2018,3,Saturday,5,7.066666666666666
5335,video,140,262,166,92,48,0,0,0,0,2018-03-16 22:00:00,2018,3,Friday,4,22.0
5336,video,125,323,146,84,40,0,1,0,0,2018-03-16 07:02:00,2018,3,Friday,4,7.033333333333333
5337,video,170,472,200,122,45,1,2,0,0,2018-03-16 01:07:00,2018,3,Friday,4,1.1166666666666667
5338,photo,25,0,0,25,0,0,0,0,0,2018-03-15 22:39:00,2018,3,Thursday,3,22.65
5339,photo,22,1,0,22,0,0,0,0,0,2018-03-15 07:53:00,2018,3,Thursday,3,7.883333333333333
5340,photo,19,0,0,19,0,0,0,0,0,2018-03-15 07:35:00,2018,3,Thursday,3,7.583333333333333
5341,video,144,347,119,84,56,2,1,0,1,2018-03-15 06:31:00,2018,3,Thursday,3,6.516666666666667
5342,video,150,379,166,99,48,0,3,0,0,2018-03-15 01:05:00,2018,3,Thursday,3,1.0833333333333333
5343,photo,14,0,0,14,0,0,0,0,0,2018-03-14 23:17:00,2018,3,Wednesday,2,23.283333333333335
5344,photo,27,0,0,27,0,0,0,0,0,2018-03-14 07:59:00,2018,3,Wednesday,2,7.983333333333333
5345,video,218,354,155,177,38,2,1,0,0,2018-03-14 06:34:00,2018,3,Wednesday,2,6.566666666666666
5346,video,163,347,185,122,39,0,1,1,0,2018-03-14 01:05:00,2018,3,Wednesday,2,1.0833333333333333
5347,photo,23,1,0,22,1,0,0,0,0,2018-03-13 23:08:00,2018,3,Tuesday,1,23.133333333333333
5348,photo,32,1,0,32,0,0,0,0,0,2018-03-13 08:03:00,2018,3,Tuesday,1,8.05
5349,video,152,333,104,98,49,1,2,1,1,2018-03-13 07:05:00,2018,3,Tuesday,1,7.083333333333333
5350,photo,21,1,0,21,0,0,0,0,0,2018-03-13 02:21:00,2018,3,Tuesday,1,2.35
5351,video,135,326,122,86,44,1,1,0,3,2018-03-13 01:08:00,2018,3,Tuesday,1,1.1333333333333333
5352,photo,38,1,0,38,0,0,0,0,0,2018-03-12 08:03:00,2018,3,Monday,0,8.05
5353,video,189,329,144,111,77,0,1,0,0,2018-03-12 07:01:00,2018,3,Monday,0,7.016666666666667
5354,video,237,507,225,155,80,0,0,1,1,2018-03-12 01:06:00,2018,3,Monday,0,1.1
5355,video,189,442,202,115,66,4,2,2,0,2018-03-11 07:02:00,2018,3,Sunday,6,7.033333333333333
5356,photo,22,1,0,21,1,0,0,0,0,2018-03-11 01:20:00,2018,3,Sunday,6,1.3333333333333333
5357,video,194,419,218,110,83,0,0,0,1,2018-03-11 01:07:00,2018,3,Sunday,6,1.1166666666666667
5358,video,156,847,217,116,39,0,1,0,0,2018-03-10 07:07:00,2018,3,Saturday,5,7.116666666666666
5359,video,232,567,302,137,90,0,2,0,3,2018-03-10 01:05:00,2018,3,Saturday,5,1.0833333333333333
5360,photo,46,1,1,46,0,0,0,0,0,2018-03-09 08:34:00,2018,3,Friday,4,8.566666666666666
5361,video,174,487,231,123,51,0,0,0,0,2018-03-09 07:14:00,2018,3,Friday,4,7.233333333333333
5362,video,169,436,147,121,44,3,0,1,0,2018-03-09 01:13:00,2018,3,Friday,4,1.2166666666666668
5363,video,42,0,5,41,0,0,1,0,0,2018-03-08 07:07:00,2018,3,Thursday,3,7.116666666666666
5364,video,207,995,191,127,78,1,1,0,0,2018-03-08 07:05:00,2018,3,Thursday,3,7.083333333333333
5365,photo,24,0,0,24,0,0,0,0,0,2018-03-08 02:35:00,2018,3,Thursday,3,2.5833333333333335
5366,video,208,502,156,133,71,2,1,0,1,2018-03-08 01:00:00,2018,3,Thursday,3,1.0
5367,video,71,0,11,71,0,0,0,0,0,2018-03-07 07:06:00,2018,3,Wednesday,2,7.1
5368,video,218,469,182,130,85,0,1,1,1,2018-03-07 07:04:00,2018,3,Wednesday,2,7.066666666666666
5369,photo,5,0,0,5,0,0,0,0,0,2018-03-07 02:06:00,2018,3,Wednesday,2,2.1
5370,photo,19,1,0,19,0,0,0,0,0,2018-03-07 01:38:00,2018,3,Wednesday,2,1.6333333333333333
5371,video,172,501,227,103,66,1,2,0,0,2018-03-07 01:09:00,2018,3,Wednesday,2,1.15
5372,photo,14,0,0,13,1,0,0,0,0,2018-03-06 22:55:00,2018,3,Tuesday,1,22.916666666666668
5373,video,207,1122,180,126,79,1,0,0,1,2018-03-06 07:06:00,2018,3,Tuesday,1,7.1
5374,video,219,590,125,160,55,1,2,0,1,2018-03-06 01:04:00,2018,3,Tuesday,1,1.0666666666666667
5375,photo,28,0,0,28,0,0,0,0,0,2018-03-05 08:08:00,2018,3,Monday,0,8.133333333333333
5376,photo,25,1,0,25,0,0,0,0,0,2018-03-05 07:44:00,2018,3,Monday,0,7.733333333333333
5377,video,158,853,241,96,60,1,1,0,0,2018-03-05 07:03:00,2018,3,Monday,0,7.05
5378,video,226,524,133,117,106,2,0,0,1,2018-03-05 01:03:00,2018,3,Monday,0,1.05
5379,video,163,857,195,111,51,0,1,0,0,2018-03-04 07:02:00,2018,3,Sunday,6,7.033333333333333
5380,video,193,544,234,115,76,1,1,0,0,2018-03-04 01:04:00,2018,3,Sunday,6,1.0666666666666667
5381,photo,46,0,0,46,0,0,0,0,0,2018-03-03 08:12:00,2018,3,Saturday,5,8.2
5382,video,132,722,161,84,44,1,2,0,1,2018-03-03 07:04:00,2018,3,Saturday,5,7.066666666666666
5383,photo,18,0,0,18,0,0,0,0,0,2018-03-03 02:23:00,2018,3,Saturday,5,2.3833333333333333
5384,video,163,767,176,98,64,0,1,0,0,2018-03-03 01:06:00,2018,3,Saturday,5,1.1
5385,video,128,630,140,79,44,0,5,0,0,2018-03-02 06:59:00,2018,3,Friday,4,6.983333333333333
5386,video,14,0,0,14,0,0,0,0,0,2018-03-02 01:07:00,2018,3,Friday,4,1.1166666666666667
5387,video,114,324,148,68,43,0,3,0,0,2018-03-02 01:06:00,2018,3,Friday,4,1.1
5388,video,153,423,104,77,73,0,2,1,0,2018-03-01 07:04:00,2018,3,Thursday,3,7.066666666666666
5389,video,133,333,116,54,75,1,1,1,1,2018-03-01 01:01:00,2018,3,Thursday,3,1.0166666666666666
5390,video,143,1366,203,101,42,0,0,0,0,2018-02-28 01:07:00,2018,2,Wednesday,2,1.1166666666666667
5391,photo,11,0,0,11,0,0,0,0,0,2018-02-27 23:32:00,2018,2,Tuesday,1,23.533333333333335
5392,video,61,83,64,55,6,0,0,0,0,2018-02-27 07:02:00,2018,2,Tuesday,1,7.033333333333333
5393,photo,7,0,0,7,0,0,0,0,0,2018-02-26 22:12:00,2018,2,Monday,0,22.2
5394,video,5,0,0,5,0,0,0,0,0,2018-02-26 21:37:00,2018,2,Monday,0,21.616666666666667
5395,photo,18,0,1,18,0,0,0,0,0,2018-02-26 08:39:00,2018,2,Monday,0,8.65
5396,video,222,1800,183,142,67,3,8,2,0,2018-02-26 07:08:00,2018,2,Monday,0,7.133333333333334
5397,photo,41,1,0,41,0,0,0,0,0,2018-02-26 01:21:00,2018,2,Monday,0,1.35
5398,video,149,429,117,95,50,2,2,0,0,2018-02-26 01:04:00,2018,2,Monday,0,1.0666666666666667
5399,photo,29,0,0,29,0,0,0,0,0,2018-02-25 08:07:00,2018,2,Sunday,6,8.116666666666667
5400,video,30,1,0,30,0,0,0,0,0,2018-02-25 07:33:00,2018,2,Sunday,6,7.55
5401,video,54,48,40,43,11,0,0,0,0,2018-02-25 07:05:00,2018,2,Sunday,6,7.083333333333333
5402,video,163,354,150,100,60,1,2,0,0,2018-02-25 01:03:00,2018,2,Sunday,6,1.05
5403,photo,14,0,1,14,0,0,0,0,0,2018-02-24 22:45:00,2018,2,Saturday,5,22.75
5404,photo,30,0,0,30,0,0,0,0,0,2018-02-24 07:24:00,2018,2,Saturday,5,7.4
5405,video,182,584,158,105,76,0,0,1,0,2018-02-24 07:07:00,2018,2,Saturday,5,7.116666666666666
5406,photo,13,0,0,13,0,0,0,0,0,2018-02-24 01:25:00,2018,2,Saturday,5,1.4166666666666667
5407,video,200,417,139,109,87,1,2,1,0,2018-02-24 01:03:00,2018,2,Saturday,5,1.05
5408,photo,38,0,1,38,0,0,0,0,0,2018-02-23 08:18:00,2018,2,Friday,4,8.3
5409,video,188,498,182,108,77,2,0,0,1,2018-02-23 07:11:00,2018,2,Friday,4,7.183333333333334
5410,video,180,439,123,113,62,1,4,0,0,2018-02-23 01:09:00,2018,2,Friday,4,1.15
5411,photo,36,5,5,35,1,0,0,0,0,2018-02-22 22:58:00,2018,2,Thursday,3,22.966666666666665
5412,photo,19,0,0,19,0,0,0,0,0,2018-02-22 22:14:00,2018,2,Thursday,3,22.233333333333334
5413,photo,35,0,0,35,0,0,0,0,0,2018-02-22 08:26:00,2018,2,Thursday,3,8.433333333333334
5414,video,178,1320,169,89,83,4,2,0,0,2018-02-22 07:10:00,2018,2,Thursday,3,7.166666666666667
5415,video,198,473,112,109,87,1,0,1,0,2018-02-22 01:06:00,2018,2,Thursday,3,1.1
5416,video,179,489,114,116,62,0,1,0,0,2018-02-21 07:05:00,2018,2,Wednesday,2,7.083333333333333
5417,photo,34,1,0,34,0,0,0,0,0,2018-02-21 02:49:00,2018,2,Wednesday,2,2.8166666666666664
5418,video,30,0,3,29,0,0,1,0,0,2018-02-21 01:15:00,2018,2,Wednesday,2,1.25
5419,video,169,881,141,83,82,0,4,0,0,2018-02-21 01:14:00,2018,2,Wednesday,2,1.2333333333333334
5420,photo,21,1,0,21,0,0,0,0,0,2018-02-21 00:05:00,2018,2,Wednesday,2,0.08333333333333333
5421,video,41,0,4,41,0,0,0,0,0,2018-02-20 07:15:00,2018,2,Tuesday,1,7.25
5422,video,230,906,215,158,65,1,4,1,1,2018-02-20 01:08:00,2018,2,Tuesday,1,1.1333333333333333
5423,video,236,703,141,155,76,2,3,0,0,2018-02-19 01:06:00,2018,2,Monday,0,1.1
5424,photo,18,3,0,18,0,0,0,0,0,2018-02-18 23:07:00,2018,2,Sunday,6,23.116666666666667
5425,video,4,0,0,4,0,0,0,0,0,2018-02-18 01:14:00,2018,2,Sunday,6,1.2333333333333334
5426,video,160,466,201,100,54,0,6,0,0,2018-02-18 01:13:00,2018,2,Sunday,6,1.2166666666666668
5427,video,24,0,1,24,0,0,0,0,0,2018-02-17 22:08:00,2018,2,Saturday,5,22.133333333333333
5428,photo,76,2,1,76,0,0,0,0,0,2018-02-17 01:54:00,2018,2,Saturday,5,1.9
5429,video,201,672,154,131,67,2,0,0,1,2018-02-17 01:12:00,2018,2,Saturday,5,1.2
5430,photo,44,0,0,44,0,0,0,0,0,2018-02-16 08:29:00,2018,2,Friday,4,8.483333333333333
5431,photo,29,1,1,29,0,0,0,0,0,2018-02-16 08:17:00,2018,2,Friday,4,8.283333333333333
5432,video,30,0,6,29,1,0,0,0,0,2018-02-16 01:04:00,2018,2,Friday,4,1.0666666666666667
5433,video,232,457,113,140,76,0,12,1,3,2018-02-16 01:03:00,2018,2,Friday,4,1.05
5434,photo,16,0,0,15,1,0,0,0,0,2018-02-15 22:43:00,2018,2,Thursday,3,22.716666666666665
5435,photo,38,0,0,38,0,0,0,0,0,2018-02-15 02:00:00,2018,2,Thursday,3,2.0
5436,video,203,536,130,124,74,3,2,0,0,2018-02-15 01:05:00,2018,2,Thursday,3,1.0833333333333333
5437,photo,9,0,0,9,0,0,0,0,0,2018-02-14 02:18:00,2018,2,Wednesday,2,2.3
5438,photo,59,0,0,58,1,0,0,0,0,2018-02-13 07:44:00,2018,2,Tuesday,1,7.733333333333333
5439,video,174,346,115,106,65,0,3,0,0,2018-02-13 01:08:00,2018,2,Tuesday,1,1.1333333333333333
5440,photo,22,0,0,21,1,0,0,0,0,2018-02-12 22:22:00,2018,2,Monday,0,22.366666666666667
5441,video,52,0,8,52,0,0,0,0,0,2018-02-12 07:10:00,2018,2,Monday,0,7.166666666666667
5442,photo,18,0,0,18,0,0,0,0,0,2018-02-12 01:36:00,2018,2,Monday,0,1.6
5443,photo,72,2,0,71,1,0,0,0,0,2018-02-12 01:19:00,2018,2,Monday,0,1.3166666666666667
5444,video,256,546,135,161,91,1,3,0,0,2018-02-12 01:10:00,2018,2,Monday,0,1.1666666666666667
5445,photo,12,0,0,12,0,0,0,0,0,2018-02-11 22:15:00,2018,2,Sunday,6,22.25
5446,photo,13,0,0,13,0,0,0,0,0,2018-02-11 08:22:00,2018,2,Sunday,6,8.366666666666667
5447,video,162,352,101,85,72,1,4,0,0,2018-02-11 07:09:00,2018,2,Sunday,6,7.15
5448,video,7,0,0,7,0,0,0,0,0,2018-02-11 01:55:00,2018,2,Sunday,6,1.9166666666666665
5449,photo,38,3,0,38,0,0,0,0,0,2018-02-10 02:16:00,2018,2,Saturday,5,2.2666666666666666
5450,video,14,0,4,14,0,0,0,0,0,2018-02-10 01:10:00,2018,2,Saturday,5,1.1666666666666667
5451,video,113,592,127,92,18,2,1,0,0,2018-02-10 01:09:00,2018,2,Saturday,5,1.15
5452,video,239,408,162,168,68,1,1,0,1,2018-02-09 07:08:00,2018,2,Friday,4,7.133333333333334
5453,photo,37,1,1,37,0,0,0,0,0,2018-02-09 02:36:00,2018,2,Friday,4,2.6
5454,video,242,415,112,158,78,0,5,0,1,2018-02-09 01:11:00,2018,2,Friday,4,1.1833333333333333
5455,photo,19,0,0,19,0,0,0,0,0,2018-02-08 23:18:00,2018,2,Thursday,3,23.3
5456,photo,30,0,1,29,1,0,0,0,0,2018-02-08 22:11:00,2018,2,Thursday,3,22.183333333333334
5457,photo,63,3,0,61,1,1,0,0,0,2018-02-08 08:21:00,2018,2,Thursday,3,8.35
5458,video,184,941,162,119,62,0,2,1,0,2018-02-08 07:03:00,2018,2,Thursday,3,7.05
5459,photo,32,0,1,32,0,0,0,0,0,2018-02-08 02:22:00,2018,2,Thursday,3,2.3666666666666667
5460,video,199,515,118,150,44,3,2,0,0,2018-02-08 01:07:00,2018,2,Thursday,3,1.1166666666666667
5461,video,84,79,77,70,12,0,2,0,0,2018-02-07 07:02:00,2018,2,Wednesday,2,7.033333333333333
5462,video,179,454,113,125,52,0,2,0,0,2018-02-07 01:06:00,2018,2,Wednesday,2,1.1
5463,video,8,0,1,8,0,0,0,0,0,2018-02-06 21:56:00,2018,2,Tuesday,1,21.933333333333334
5464,video,123,356,109,81,39,1,1,1,0,2018-02-06 07:34:00,2018,2,Tuesday,1,7.566666666666666
5465,video,52,39,14,39,12,1,0,0,0,2018-02-06 07:25:00,2018,2,Tuesday,1,7.416666666666667
5466,video,99,325,73,84,15,0,0,0,0,2018-02-06 01:08:00,2018,2,Tuesday,1,1.1333333333333333
5467,video,170,726,148,100,64,2,3,1,0,2018-02-05 07:09:00,2018,2,Monday,0,7.15
5468,photo,50,4,3,50,0,0,0,0,0,2018-02-05 02:31:00,2018,2,Monday,0,2.5166666666666666
5469,photo,23,1,0,23,0,0,0,0,0,2018-02-05 02:13:00,2018,2,Monday,0,2.216666666666667
5470,photo,25,0,0,25,0,0,0,0,0,2018-02-05 01:52:00,2018,2,Monday,0,1.8666666666666667
5471,video,206,378,149,137,67,0,2,0,0,2018-02-05 01:09:00,2018,2,Monday,0,1.15
5472,photo,16,0,0,16,0,0,0,0,0,2018-02-04 01:47:00,2018,2,Sunday,6,1.7833333333333332
5473,photo,25,0,0,25,0,0,0,0,0,2018-02-03 08:37:00,2018,2,Saturday,5,8.616666666666667
5474,photo,19,0,0,19,0,0,0,0,0,2018-02-03 08:16:00,2018,2,Saturday,5,8.266666666666667
5475,video,128,571,110,92,35,0,0,0,1,2018-02-03 07:05:00,2018,2,Saturday,5,7.083333333333333
5476,video,54,100,28,36,18,0,0,0,0,2018-02-03 02:28:00,2018,2,Saturday,5,2.466666666666667
5477,photo,10,0,0,10,0,0,0,0,0,2018-02-03 02:17:00,2018,2,Saturday,5,2.283333333333333
5478,video,108,168,43,69,38,0,0,1,0,2018-02-03 01:52:00,2018,2,Saturday,5,1.8666666666666667
5479,video,122,307,70,93,24,0,3,1,1,2018-02-03 01:08:00,2018,2,Saturday,5,1.1333333333333333
5480,photo,33,1,0,32,1,0,0,0,0,2018-02-02 08:16:00,2018,2,Friday,4,8.266666666666667
5481,video,228,1030,192,149,62,0,6,10,1,2018-02-02 06:58:00,2018,2,Friday,4,6.966666666666667
5482,video,152,358,121,94,54,2,2,0,0,2018-02-02 01:08:00,2018,2,Friday,4,1.1333333333333333
5483,video,170,793,194,120,43,2,5,0,0,2018-02-01 07:06:00,2018,2,Thursday,3,7.1
5484,video,165,1630,169,119,42,0,3,1,0,2018-02-01 01:08:00,2018,2,Thursday,3,1.1333333333333333
5485,photo,552,0,3,551,1,0,0,0,0,2018-01-31 23:00:00,2018,1,Wednesday,2,23.0
5486,video,180,994,224,112,60,1,6,1,0,2018-01-31 07:02:00,2018,1,Wednesday,2,7.033333333333333
5487,photo,172,9,2,169,1,2,0,0,0,2018-01-31 02:03:00,2018,1,Wednesday,2,2.05
5488,video,227,473,154,148,74,2,2,0,1,2018-01-31 01:06:00,2018,1,Wednesday,2,1.1
5489,photo,9,0,0,9,0,0,0,0,0,2018-01-30 23:31:00,2018,1,Tuesday,1,23.516666666666666
5490,video,110,328,126,78,29,0,2,0,1,2018-01-30 22:20:00,2018,1,Tuesday,1,22.333333333333332
5491,photo,27,0,0,27,0,0,0,0,0,2018-01-30 08:55:00,2018,1,Tuesday,1,8.916666666666666
5492,photo,477,3,0,475,2,0,0,0,0,2018-01-30 08:08:00,2018,1,Tuesday,1,8.133333333333333
5493,video,213,1688,265,123,86,1,3,0,0,2018-01-30 07:05:00,2018,1,Tuesday,1,7.083333333333333
5494,photo,7,0,0,7,0,0,0,0,0,2018-01-30 02:22:00,2018,1,Tuesday,1,2.3666666666666667
5495,photo,250,1,0,248,1,0,1,0,0,2018-01-30 01:15:00,2018,1,Tuesday,1,1.25
5496,video,175,1196,230,126,49,0,0,0,0,2018-01-30 01:05:00,2018,1,Tuesday,1,1.0833333333333333
5497,video,129,215,145,97,30,0,1,0,1,2018-01-29 22:02:00,2018,1,Monday,0,22.033333333333335
5498,video,202,1311,175,126,70,2,3,0,1,2018-01-29 07:05:00,2018,1,Monday,0,7.083333333333333
5499,video,205,476,149,128,75,1,1,0,0,2018-01-29 01:04:00,2018,1,Monday,0,1.0666666666666667
5500,video,136,270,114,80,49,3,3,1,0,2018-01-28 22:09:00,2018,1,Sunday,6,22.15
5501,video,37,0,4,37,0,0,0,0,0,2018-01-28 07:05:00,2018,1,Sunday,6,7.083333333333333
5502,video,164,1819,163,95,61,1,6,0,1,2018-01-28 07:02:00,2018,1,Sunday,6,7.033333333333333
5503,video,173,1214,244,106,64,1,2,0,0,2018-01-28 01:11:00,2018,1,Sunday,6,1.1833333333333333
5504,video,177,706,186,98,77,0,2,0,0,2018-01-27 22:01:00,2018,1,Saturday,5,22.016666666666666
5505,video,47,7,17,45,2,0,0,0,0,2018-01-27 21:51:00,2018,1,Saturday,5,21.85
5506,video,242,744,193,154,85,0,3,0,0,2018-01-27 07:06:00,2018,1,Saturday,5,7.1
5507,photo,27,1,0,27,0,0,0,0,0,2018-01-27 02:32:00,2018,1,Saturday,5,2.533333333333333
5508,video,225,559,166,125,98,0,1,0,1,2018-01-27 01:02:00,2018,1,Saturday,5,1.0333333333333334
5509,photo,22,0,1,22,0,0,0,0,0,2018-01-26 02:56:00,2018,1,Friday,4,2.9333333333333336
5510,video,8,0,0,8,0,0,0,0,0,2018-01-26 01:08:00,2018,1,Friday,4,1.1333333333333333
5511,video,238,815,165,136,96,2,3,1,0,2018-01-26 01:07:00,2018,1,Friday,4,1.1166666666666667
5512,video,235,1278,212,171,60,2,1,0,1,2018-01-25 07:08:00,2018,1,Thursday,3,7.133333333333334
5513,photo,25,0,1,25,0,0,0,0,0,2018-01-25 03:05:00,2018,1,Thursday,3,3.0833333333333335
5514,photo,29,4,0,29,0,0,0,0,0,2018-01-25 02:37:00,2018,1,Thursday,3,2.6166666666666667
5515,photo,17,0,0,17,0,0,0,0,0,2018-01-25 02:04:00,2018,1,Thursday,3,2.066666666666667
5516,video,46,0,0,45,1,0,0,0,0,2018-01-25 01:07:00,2018,1,Thursday,3,1.1166666666666667
5517,video,362,745,199,190,168,3,1,0,0,2018-01-25 01:06:00,2018,1,Thursday,3,1.1
5518,photo,209,0,1,203,3,3,0,0,0,2018-01-24 22:42:00,2018,1,Wednesday,2,22.7
5519,photo,23,1,0,23,0,0,0,0,0,2018-01-24 07:47:00,2018,1,Wednesday,2,7.783333333333333
5520,video,290,915,240,166,119,2,2,1,0,2018-01-24 07:04:00,2018,1,Wednesday,2,7.066666666666666
5521,photo,41,0,1,40,1,0,0,0,0,2018-01-24 01:29:00,2018,1,Wednesday,2,1.4833333333333334
5522,video,267,1221,259,176,90,0,1,0,0,2018-01-24 01:08:00,2018,1,Wednesday,2,1.1333333333333333
5523,photo,11,0,0,11,0,0,0,0,0,2018-01-23 23:26:00,2018,1,Tuesday,1,23.433333333333334
5524,photo,143,0,1,143,0,0,0,0,0,2018-01-23 08:05:00,2018,1,Tuesday,1,8.083333333333334
5525,video,225,1085,204,140,82,0,1,2,0,2018-01-23 07:04:00,2018,1,Tuesday,1,7.066666666666666
5526,photo,13,0,0,13,0,0,0,0,0,2018-01-23 02:26:00,2018,1,Tuesday,1,2.4333333333333336
5527,video,237,1430,243,163,68,2,3,0,1,2018-01-23 01:05:00,2018,1,Tuesday,1,1.0833333333333333
5528,photo,11,0,0,11,0,0,0,0,0,2018-01-22 08:00:00,2018,1,Monday,0,8.0
5529,video,345,1019,162,237,105,0,2,1,0,2018-01-22 07:11:00,2018,1,Monday,0,7.183333333333334
5530,photo,10,0,0,10,0,0,0,0,0,2018-01-22 02:32:00,2018,1,Monday,0,2.533333333333333
5531,video,252,885,242,182,70,0,0,0,0,2018-01-22 01:11:00,2018,1,Monday,0,1.1833333333333333
5532,video,168,718,172,91,74,1,2,0,0,2018-01-21 07:00:00,2018,1,Sunday,6,7.0
5533,photo,8,1,0,8,0,0,0,0,0,2018-01-21 04:11:00,2018,1,Sunday,6,4.183333333333334
5534,video,257,1096,206,143,110,0,2,0,2,2018-01-21 01:08:00,2018,1,Sunday,6,1.1333333333333333
5535,video,316,1080,194,177,135,1,2,0,1,2018-01-20 06:59:00,2018,1,Saturday,5,6.983333333333333
5536,photo,13,0,0,13,0,0,0,0,0,2018-01-20 01:51:00,2018,1,Saturday,5,1.85
5537,video,281,809,171,181,97,1,2,0,0,2018-01-20 01:03:00,2018,1,Saturday,5,1.05
5538,video,285,778,171,170,110,3,2,0,0,2018-01-19 07:06:00,2018,1,Friday,4,7.1
5539,video,195,1176,209,106,85,1,2,1,0,2018-01-19 01:08:00,2018,1,Friday,4,1.1333333333333333
5540,video,13,0,0,13,0,0,0,0,0,2018-01-18 07:10:00,2018,1,Thursday,3,7.166666666666667
5541,video,239,1270,194,145,87,1,5,1,0,2018-01-18 07:09:00,2018,1,Thursday,3,7.15
5542,video,270,898,233,174,91,2,3,0,0,2018-01-18 01:07:00,2018,1,Thursday,3,1.1166666666666667
5543,photo,21,1,0,21,0,0,0,0,0,2018-01-17 08:40:00,2018,1,Wednesday,2,8.666666666666666
5544,video,307,1275,228,216,86,1,4,0,0,2018-01-17 07:06:00,2018,1,Wednesday,2,7.1
5545,photo,12,0,0,12,0,0,0,0,0,2018-01-17 02:06:00,2018,1,Wednesday,2,2.1
5546,photo,26,0,0,26,0,0,0,0,0,2018-01-17 01:48:00,2018,1,Wednesday,2,1.8
5547,photo,21,0,0,21,0,0,0,0,0,2018-01-17 01:30:00,2018,1,Wednesday,2,1.5
5548,video,236,938,216,131,103,0,2,0,0,2018-01-17 01:07:00,2018,1,Wednesday,2,1.1166666666666667
5549,video,258,1008,261,149,108,1,0,0,0,2018-01-16 07:10:00,2018,1,Tuesday,1,7.166666666666667
5550,photo,33,2,1,33,0,0,0,0,0,2018-01-16 01:26:00,2018,1,Tuesday,1,1.4333333333333333
5551,video,320,2021,362,202,114,2,2,0,0,2018-01-16 01:11:00,2018,1,Tuesday,1,1.1833333333333333
5552,photo,23,1,0,23,0,0,0,0,0,2018-01-15 22:47:00,2018,1,Monday,0,22.783333333333335
5553,photo,60,4,0,60,0,0,0,0,0,2018-01-15 08:31:00,2018,1,Monday,0,8.516666666666667
5554,photo,102,8,3,100,2,0,0,0,0,2018-01-15 07:58:00,2018,1,Monday,0,7.966666666666667
5555,video,268,1820,298,180,85,1,2,0,0,2018-01-15 07:04:00,2018,1,Monday,0,7.066666666666666
5556,photo,49,0,0,48,0,1,0,0,0,2018-01-15 02:37:00,2018,1,Monday,0,2.6166666666666667
5557,photo,41,2,0,40,0,1,0,0,0,2018-01-15 01:26:00,2018,1,Monday,0,1.4333333333333333
5558,video,239,938,212,163,71,1,3,0,1,2018-01-15 01:08:00,2018,1,Monday,0,1.1333333333333333
5559,photo,32,2,0,31,0,1,0,0,0,2018-01-14 23:31:00,2018,1,Sunday,6,23.516666666666666
5560,photo,17,0,0,16,1,0,0,0,0,2018-01-14 22:46:00,2018,1,Sunday,6,22.766666666666666
5561,video,273,914,218,161,107,1,3,0,1,2018-01-14 07:02:00,2018,1,Sunday,6,7.033333333333333
5562,video,229,1005,227,146,80,2,1,0,0,2018-01-14 01:09:00,2018,1,Sunday,6,1.15
5563,photo,21,0,0,21,0,0,0,0,0,2018-01-13 02:48:00,2018,1,Saturday,5,2.8
5564,photo,26,1,0,26,0,0,0,0,0,2018-01-13 02:08:00,2018,1,Saturday,5,2.1333333333333333
5565,video,212,551,187,114,95,0,3,0,0,2018-01-13 01:10:00,2018,1,Saturday,5,1.1666666666666667
5566,video,294,1689,284,185,103,1,4,1,0,2018-01-12 07:04:00,2018,1,Friday,4,7.066666666666666
5567,photo,29,1,0,29,0,0,0,0,0,2018-01-12 01:27:00,2018,1,Friday,4,1.45
5568,video,239,548,188,139,96,0,4,0,0,2018-01-12 01:09:00,2018,1,Friday,4,1.15
5569,photo,14,0,0,13,1,0,0,0,0,2018-01-11 08:11:00,2018,1,Thursday,3,8.183333333333334
5570,video,296,656,253,168,121,1,5,1,0,2018-01-11 07:05:00,2018,1,Thursday,3,7.083333333333333
5571,video,277,1270,311,175,98,0,4,0,0,2018-01-11 01:14:00,2018,1,Thursday,3,1.2333333333333334
5572,photo,18,0,0,17,1,0,0,0,0,2018-01-10 08:31:00,2018,1,Wednesday,2,8.516666666666667
5573,video,292,1425,264,162,119,2,7,1,1,2018-01-10 07:08:00,2018,1,Wednesday,2,7.133333333333334
5574,photo,18,0,0,18,0,0,0,0,0,2018-01-10 02:35:00,2018,1,Wednesday,2,2.5833333333333335
5575,photo,9,1,0,9,0,0,0,0,0,2018-01-10 01:58:00,2018,1,Wednesday,2,1.9666666666666668
5576,photo,34,1,0,32,2,0,0,0,0,2018-01-10 01:46:00,2018,1,Wednesday,2,1.7666666666666666
5577,video,303,1003,242,160,137,2,2,1,1,2018-01-10 01:02:00,2018,1,Wednesday,2,1.0333333333333334
5578,video,237,913,202,136,100,1,0,0,0,2018-01-09 07:03:00,2018,1,Tuesday,1,7.05
5579,photo,22,3,0,21,1,0,0,0,0,2018-01-09 03:14:00,2018,1,Tuesday,1,3.2333333333333334
5580,video,315,1050,274,164,143,3,2,1,2,2018-01-09 01:16:00,2018,1,Tuesday,1,1.2666666666666666
5581,photo,27,0,0,27,0,0,0,0,0,2018-01-08 22:42:00,2018,1,Monday,0,22.7
5582,photo,13,0,0,12,1,0,0,0,0,2018-01-08 07:49:00,2018,1,Monday,0,7.816666666666666
5583,video,251,1145,261,112,133,3,2,1,0,2018-01-08 07:08:00,2018,1,Monday,0,7.133333333333334
5584,photo,24,1,0,23,1,0,0,0,0,2018-01-08 03:11:00,2018,1,Monday,0,3.183333333333333
5585,video,81,0,1,80,1,0,0,0,0,2018-01-08 01:08:00,2018,1,Monday,0,1.1333333333333333
5586,video,212,916,198,131,79,1,1,0,0,2018-01-08 01:08:00,2018,1,Monday,0,1.1333333333333333
5587,video,440,1112,322,256,176,3,3,0,2,2018-01-07 07:04:00,2018,1,Sunday,6,7.066666666666666
5588,photo,16,0,1,15,1,0,0,0,0,2018-01-07 01:47:00,2018,1,Sunday,6,1.7833333333333332
5589,video,349,967,280,188,156,3,2,0,0,2018-01-07 01:13:00,2018,1,Sunday,6,1.2166666666666668
5590,photo,29,0,2,29,0,0,0,0,0,2018-01-06 08:26:00,2018,1,Saturday,5,8.433333333333334
5591,photo,27,0,1,27,0,0,0,0,0,2018-01-06 08:01:00,2018,1,Saturday,5,8.016666666666667
5592,video,354,1119,277,164,187,1,2,0,0,2018-01-06 07:05:00,2018,1,Saturday,5,7.083333333333333
5593,photo,7,0,0,7,0,0,0,0,0,2018-01-06 02:26:00,2018,1,Saturday,5,2.4333333333333336
5594,video,323,1908,261,207,112,1,3,0,0,2018-01-06 01:09:00,2018,1,Saturday,5,1.15
5595,photo,19,0,0,17,1,1,0,0,0,2018-01-05 08:20:00,2018,1,Friday,4,8.333333333333334
5596,video,52,0,6,51,1,0,0,0,0,2018-01-05 07:03:00,2018,1,Friday,4,7.05
5597,video,398,1942,322,196,198,0,4,0,0,2018-01-05 07:01:00,2018,1,Friday,4,7.016666666666667
5598,photo,18,0,0,18,0,0,0,0,0,2018-01-05 02:54:00,2018,1,Friday,4,2.9
5599,photo,6,1,0,6,0,0,0,0,0,2018-01-05 02:41:00,2018,1,Friday,4,2.6833333333333336
5600,video,265,1138,254,140,120,0,2,1,2,2018-01-05 01:06:00,2018,1,Friday,4,1.1
5601,photo,8,0,0,8,0,0,0,0,0,2018-01-04 22:15:00,2018,1,Thursday,3,22.25
5602,video,253,1410,261,165,79,3,2,3,1,2018-01-04 07:07:00,2018,1,Thursday,3,7.116666666666666
5603,video,264,1487,279,167,95,1,1,0,0,2018-01-04 01:13:00,2018,1,Thursday,3,1.2166666666666668
5604,photo,15,0,0,15,0,0,0,0,0,2018-01-03 22:50:00,2018,1,Wednesday,2,22.833333333333332
5605,photo,13,0,0,13,0,0,0,0,0,2018-01-03 22:07:00,2018,1,Wednesday,2,22.116666666666667
5606,photo,21,0,0,19,1,1,0,0,0,2018-01-03 08:02:00,2018,1,Wednesday,2,8.033333333333333
5607,video,392,1972,312,214,168,3,4,2,1,2018-01-03 07:05:00,2018,1,Wednesday,2,7.083333333333333
5608,video,266,736,229,168,94,0,2,2,0,2018-01-03 01:10:00,2018,1,Wednesday,2,1.1666666666666667
5609,photo,10,0,0,9,1,0,0,0,0,2018-01-02 22:47:00,2018,1,Tuesday,1,22.783333333333335
5610,photo,19,0,0,18,1,0,0,0,0,2018-01-02 07:19:00,2018,1,Tuesday,1,7.316666666666666
5611,video,359,1092,242,203,151,2,2,0,1,2018-01-02 07:02:00,2018,1,Tuesday,1,7.033333333333333
5612,video,331,1017,285,177,146,1,3,2,2,2018-01-02 01:04:00,2018,1,Tuesday,1,1.0666666666666667
5613,photo,19,0,0,18,1,0,0,0,0,2017-12-30 02:25:00,2017,12,Saturday,5,2.4166666666666665
5614,photo,11,0,1,11,0,0,0,0,0,2017-12-30 02:13:00,2017,12,Saturday,5,2.216666666666667
5615,photo,7,0,2,7,0,0,0,0,0,2017-12-30 01:27:00,2017,12,Saturday,5,1.45
5616,video,287,3800,406,202,81,0,3,0,1,2017-12-30 01:07:00,2017,12,Saturday,5,1.1166666666666667
5617,photo,22,1,0,21,0,1,0,0,0,2017-12-29 23:11:00,2017,12,Friday,4,23.183333333333334
5618,photo,9,0,0,9,0,0,0,0,0,2017-12-29 22:46:00,2017,12,Friday,4,22.766666666666666
5619,photo,21,2,0,21,0,0,0,0,0,2017-12-29 08:39:00,2017,12,Friday,4,8.65
5620,photo,22,0,0,22,0,0,0,0,0,2017-12-29 08:25:00,2017,12,Friday,4,8.416666666666666
5621,photo,21,1,0,21,0,0,0,0,0,2017-12-29 08:12:00,2017,12,Friday,4,8.2
5622,photo,26,2,0,26,0,0,0,0,0,2017-12-29 07:33:00,2017,12,Friday,4,7.55
5623,video,47,0,0,47,0,0,0,0,0,2017-12-29 07:11:00,2017,12,Friday,4,7.183333333333334
5624,video,291,1169,257,161,123,2,4,0,1,2017-12-29 07:09:00,2017,12,Friday,4,7.15
5625,photo,23,0,1,23,0,0,0,0,0,2017-12-29 02:53:00,2017,12,Friday,4,2.8833333333333333
5626,photo,16,3,0,16,0,0,0,0,0,2017-12-29 02:27:00,2017,12,Friday,4,2.45
5627,photo,4,0,0,4,0,0,0,0,0,2017-12-29 02:22:00,2017,12,Friday,4,2.3666666666666667
5628,video,11,2,0,11,0,0,0,0,0,2017-12-29 02:09:00,2017,12,Friday,4,2.15
5629,video,39,0,0,39,0,0,0,0,0,2017-12-29 01:11:00,2017,12,Friday,4,1.1833333333333333
5630,video,204,1059,235,134,66,0,2,2,0,2017-12-29 01:09:00,2017,12,Friday,4,1.15
5631,photo,28,0,0,28,0,0,0,0,0,2017-12-28 23:21:00,2017,12,Thursday,3,23.35
5632,photo,11,0,1,11,0,0,0,0,0,2017-12-28 23:03:00,2017,12,Thursday,3,23.05
5633,photo,5,0,0,5,0,0,0,0,0,2017-12-28 23:03:00,2017,12,Thursday,3,23.05
5634,photo,8,0,0,8,0,0,0,0,0,2017-12-28 07:51:00,2017,12,Thursday,3,7.85
5635,photo,12,0,0,12,0,0,0,0,0,2017-12-28 07:35:00,2017,12,Thursday,3,7.583333333333333
5636,video,199,603,199,134,63,2,0,0,0,2017-12-28 07:07:00,2017,12,Thursday,3,7.116666666666666
5637,photo,23,0,1,21,2,0,0,0,0,2017-12-28 02:53:00,2017,12,Thursday,3,2.8833333333333333
5638,photo,12,0,0,12,0,0,0,0,0,2017-12-28 02:42:00,2017,12,Thursday,3,2.7
5639,photo,12,0,0,12,0,0,0,0,0,2017-12-28 02:21:00,2017,12,Thursday,3,2.35
5640,photo,46,2,2,45,1,0,0,0,0,2017-12-28 01:24:00,2017,12,Thursday,3,1.4
5641,video,315,1247,274,206,106,2,1,0,0,2017-12-28 01:08:00,2017,12,Thursday,3,1.1333333333333333
5642,photo,16,2,1,16,0,0,0,0,0,2017-12-27 08:34:00,2017,12,Wednesday,2,8.566666666666666
5643,photo,18,0,0,17,0,0,1,0,0,2017-12-27 07:57:00,2017,12,Wednesday,2,7.95
5644,photo,13,2,1,13,0,0,0,0,0,2017-12-27 07:22:00,2017,12,Wednesday,2,7.366666666666666
5645,video,304,1069,338,199,103,1,1,0,0,2017-12-27 07:08:00,2017,12,Wednesday,2,7.133333333333334
5646,photo,13,0,0,12,1,0,0,0,0,2017-12-27 02:58:00,2017,12,Wednesday,2,2.966666666666667
5647,photo,2,0,0,2,0,0,0,0,0,2017-12-27 02:56:00,2017,12,Wednesday,2,2.9333333333333336
5648,photo,3,0,0,2,1,0,0,0,0,2017-12-27 02:29:00,2017,12,Wednesday,2,2.4833333333333334
5649,photo,13,0,0,12,1,0,0,0,0,2017-12-27 02:23:00,2017,12,Wednesday,2,2.3833333333333333
5650,photo,9,0,0,9,0,0,0,0,0,2017-12-27 02:03:00,2017,12,Wednesday,2,2.05
5651,photo,18,3,0,17,1,0,0,0,0,2017-12-27 01:30:00,2017,12,Wednesday,2,1.5
5652,video,240,1212,374,153,81,2,2,2,0,2017-12-27 01:09:00,2017,12,Wednesday,2,1.15
5653,photo,16,1,0,16,0,0,0,0,0,2017-12-26 23:28:00,2017,12,Tuesday,1,23.466666666666665
5654,photo,6,0,0,6,0,0,0,0,0,2017-12-26 23:24:00,2017,12,Tuesday,1,23.4
5655,photo,15,1,0,15,0,0,0,0,0,2017-12-26 22:35:00,2017,12,Tuesday,1,22.583333333333332
5656,photo,7,0,0,7,0,0,0,0,0,2017-12-26 22:30:00,2017,12,Tuesday,1,22.5
5657,photo,11,0,0,10,1,0,0,0,0,2017-12-26 22:15:00,2017,12,Tuesday,1,22.25
5658,photo,7,0,1,7,0,0,0,0,0,2017-12-26 09:17:00,2017,12,Tuesday,1,9.283333333333333
5659,photo,1,0,0,1,0,0,0,0,0,2017-12-26 08:55:00,2017,12,Tuesday,1,8.916666666666666
5660,photo,8,1,0,8,0,0,0,0,0,2017-12-26 08:38:00,2017,12,Tuesday,1,8.633333333333333
5661,photo,7,0,0,7,0,0,0,0,0,2017-12-26 08:03:00,2017,12,Tuesday,1,8.05
5662,video,30,0,0,29,1,0,0,0,0,2017-12-26 07:52:00,2017,12,Tuesday,1,7.866666666666667
5663,video,229,695,251,134,87,1,7,0,0,2017-12-26 07:47:00,2017,12,Tuesday,1,7.783333333333333
5664,photo,10,0,0,10,0,0,0,0,0,2017-12-26 07:37:00,2017,12,Tuesday,1,7.616666666666667
5665,photo,7,0,0,6,1,0,0,0,0,2017-12-26 02:27:00,2017,12,Tuesday,1,2.45
5666,photo,2,0,0,2,0,0,0,0,0,2017-12-26 02:23:00,2017,12,Tuesday,1,2.3833333333333333
5667,photo,29,1,1,28,1,0,0,0,0,2017-12-26 01:44:00,2017,12,Tuesday,1,1.7333333333333334
5668,video,35,0,0,35,0,0,0,0,0,2017-12-26 01:12:00,2017,12,Tuesday,1,1.2
5669,video,22,0,0,22,0,0,0,0,0,2017-12-26 01:11:00,2017,12,Tuesday,1,1.1833333333333333
5670,video,168,449,188,111,57,0,0,0,0,2017-12-26 01:10:00,2017,12,Tuesday,1,1.1666666666666667
5671,photo,11,0,0,11,0,0,0,0,0,2017-12-25 23:17:00,2017,12,Monday,0,23.283333333333335
5672,photo,18,0,0,18,0,0,0,0,0,2017-12-25 22:42:00,2017,12,Monday,0,22.7
5673,photo,20,0,0,19,1,0,0,0,0,2017-12-25 22:07:00,2017,12,Monday,0,22.116666666666667
5674,photo,33,0,0,33,0,0,0,0,0,2017-12-25 08:06:00,2017,12,Monday,0,8.1
5675,photo,13,0,0,13,0,0,0,0,0,2017-12-25 07:50:00,2017,12,Monday,0,7.833333333333333
5676,photo,11,0,0,11,0,0,0,0,0,2017-12-25 07:30:00,2017,12,Monday,0,7.5
5677,photo,11,0,0,11,0,0,0,0,0,2017-12-25 07:22:00,2017,12,Monday,0,7.366666666666666
5678,video,187,722,176,108,77,0,2,0,0,2017-12-25 07:07:00,2017,12,Monday,0,7.116666666666666
5679,photo,4,0,0,4,0,0,0,0,0,2017-12-25 02:16:00,2017,12,Monday,0,2.2666666666666666
5680,photo,7,0,0,7,0,0,0,0,0,2017-12-25 02:01:00,2017,12,Monday,0,2.0166666666666666
5681,photo,36,2,1,36,0,0,0,0,0,2017-12-25 01:23:00,2017,12,Monday,0,1.3833333333333333
5682,video,55,0,5,53,2,0,0,0,0,2017-12-25 01:10:00,2017,12,Monday,0,1.1666666666666667
5683,video,287,709,196,171,109,0,4,1,2,2017-12-25 01:09:00,2017,12,Monday,0,1.15
5684,status,137,162,0,136,0,0,1,0,0,2017-12-24 23:58:00,2017,12,Sunday,6,23.966666666666665
5685,photo,7,0,1,7,0,0,0,0,0,2017-12-24 23:20:00,2017,12,Sunday,6,23.333333333333332
5686,photo,18,0,0,18,0,0,0,0,0,2017-12-24 22:15:00,2017,12,Sunday,6,22.25
5687,photo,241,2,0,234,4,3,0,0,0,2017-12-24 10:25:00,2017,12,Sunday,6,10.416666666666666
5688,photo,8,0,0,8,0,0,0,0,0,2017-12-24 07:53:00,2017,12,Sunday,6,7.883333333333333
5689,photo,11,0,0,11,0,0,0,0,0,2017-12-24 07:33:00,2017,12,Sunday,6,7.55
5690,photo,19,2,0,19,0,0,0,0,0,2017-12-24 07:16:00,2017,12,Sunday,6,7.266666666666667
5691,video,200,752,184,126,74,0,0,0,0,2017-12-24 07:04:00,2017,12,Sunday,6,7.066666666666666
5692,photo,29,3,0,29,0,0,0,0,0,2017-12-24 02:06:00,2017,12,Sunday,6,2.1
5693,photo,9,0,0,8,0,1,0,0,0,2017-12-24 01:19:00,2017,12,Sunday,6,1.3166666666666667
5694,video,187,415,264,114,70,1,2,0,0,2017-12-24 01:09:00,2017,12,Sunday,6,1.15
5695,photo,14,0,0,14,0,0,0,0,0,2017-12-23 07:55:00,2017,12,Saturday,5,7.916666666666667
5696,photo,21,2,0,19,2,0,0,0,0,2017-12-23 07:38:00,2017,12,Saturday,5,7.633333333333333
5697,photo,31,4,0,31,0,0,0,0,0,2017-12-23 07:29:00,2017,12,Saturday,5,7.483333333333333
5698,video,48,0,3,48,0,0,0,0,0,2017-12-23 07:07:00,2017,12,Saturday,5,7.116666666666666
5699,video,170,1762,257,110,54,1,5,0,0,2017-12-23 07:06:00,2017,12,Saturday,5,7.1
5700,photo,11,0,0,10,1,0,0,0,0,2017-12-23 02:46:00,2017,12,Saturday,5,2.7666666666666666
5701,photo,4,0,0,4,0,0,0,0,0,2017-12-23 02:35:00,2017,12,Saturday,5,2.5833333333333335
5702,photo,16,0,0,16,0,0,0,0,0,2017-12-23 01:37:00,2017,12,Saturday,5,1.6166666666666667
5703,photo,27,3,3,27,0,0,0,0,0,2017-12-23 01:23:00,2017,12,Saturday,5,1.3833333333333333
5704,video,58,2,0,58,0,0,0,0,0,2017-12-23 01:08:00,2017,12,Saturday,5,1.1333333333333333
5705,video,258,470,235,139,117,1,1,0,0,2017-12-23 01:08:00,2017,12,Saturday,5,1.1333333333333333
5706,photo,21,0,0,21,0,0,0,0,0,2017-12-22 07:57:00,2017,12,Friday,4,7.95
5707,photo,3,0,0,3,0,0,0,0,0,2017-12-22 07:44:00,2017,12,Friday,4,7.733333333333333
5708,video,46,0,0,46,0,0,0,0,0,2017-12-22 07:06:00,2017,12,Friday,4,7.1
5709,video,264,459,200,116,147,1,0,0,0,2017-12-22 07:05:00,2017,12,Friday,4,7.083333333333333
5710,photo,1,0,0,1,0,0,0,0,0,2017-12-22 02:34:00,2017,12,Friday,4,2.5666666666666664
5711,photo,11,0,0,11,0,0,0,0,0,2017-12-22 02:20:00,2017,12,Friday,4,2.3333333333333335
5712,video,41,0,2,41,0,0,0,0,0,2017-12-22 02:04:00,2017,12,Friday,4,2.066666666666667
5713,video,196,466,166,128,65,0,1,1,1,2017-12-22 02:03:00,2017,12,Friday,4,2.05
5714,photo,10,0,0,10,0,0,0,0,0,2017-12-22 01:56:00,2017,12,Friday,4,1.9333333333333333
5715,photo,11,2,0,11,0,0,0,0,0,2017-12-22 01:30:00,2017,12,Friday,4,1.5
5716,video,109,202,167,75,32,0,2,0,0,2017-12-22 01:15:00,2017,12,Friday,4,1.25
5717,photo,17,1,0,17,0,0,0,0,0,2017-12-21 23:11:00,2017,12,Thursday,3,23.183333333333334
5718,photo,20,0,0,20,0,0,0,0,0,2017-12-21 22:04:00,2017,12,Thursday,3,22.066666666666666
5719,photo,29,1,0,28,1,0,0,0,0,2017-12-21 07:56:00,2017,12,Thursday,3,7.933333333333334
5720,video,50,0,0,50,0,0,0,0,0,2017-12-21 07:07:00,2017,12,Thursday,3,7.116666666666666
5721,video,6,0,0,6,0,0,0,0,0,2017-12-21 07:06:00,2017,12,Thursday,3,7.1
5722,video,292,898,262,170,116,3,1,1,1,2017-12-21 07:04:00,2017,12,Thursday,3,7.066666666666666
5723,photo,12,0,0,12,0,0,0,0,0,2017-12-21 02:36:00,2017,12,Thursday,3,2.6
5724,photo,13,0,0,13,0,0,0,0,0,2017-12-21 01:42:00,2017,12,Thursday,3,1.7
5725,video,27,0,0,27,0,0,0,0,0,2017-12-21 01:08:00,2017,12,Thursday,3,1.1333333333333333
5726,video,7,0,0,7,0,0,0,0,0,2017-12-21 01:08:00,2017,12,Thursday,3,1.1333333333333333
5727,video,283,519,295,193,88,1,1,0,0,2017-12-21 01:06:00,2017,12,Thursday,3,1.1
5728,photo,37,6,0,37,0,0,0,0,0,2017-12-20 09:06:00,2017,12,Wednesday,2,9.1
5729,photo,9,0,0,9,0,0,0,0,0,2017-12-20 08:38:00,2017,12,Wednesday,2,8.633333333333333
5730,video,265,664,191,160,101,1,1,1,1,2017-12-20 07:06:00,2017,12,Wednesday,2,7.1
5731,photo,5,0,0,5,0,0,0,0,0,2017-12-20 02:41:00,2017,12,Wednesday,2,2.6833333333333336
5732,photo,18,1,0,17,1,0,0,0,0,2017-12-20 01:31:00,2017,12,Wednesday,2,1.5166666666666666
5733,video,386,1912,394,246,137,1,2,0,0,2017-12-20 01:08:00,2017,12,Wednesday,2,1.1333333333333333
5734,photo,7,0,0,7,0,0,0,0,0,2017-12-19 22:56:00,2017,12,Tuesday,1,22.933333333333334
5735,photo,9,0,0,9,0,0,0,0,0,2017-12-19 22:35:00,2017,12,Tuesday,1,22.583333333333332
5736,photo,15,3,0,14,1,0,0,0,0,2017-12-19 22:23:00,2017,12,Tuesday,1,22.383333333333333
5737,photo,16,0,0,16,0,0,0,0,0,2017-12-19 22:04:00,2017,12,Tuesday,1,22.066666666666666
5738,photo,25,2,0,25,0,0,0,0,0,2017-12-19 07:35:00,2017,12,Tuesday,1,7.583333333333333
5739,photo,23,0,0,23,0,0,0,0,0,2017-12-19 07:12:00,2017,12,Tuesday,1,7.2
5740,video,432,924,287,252,173,0,6,0,1,2017-12-19 07:01:00,2017,12,Tuesday,1,7.016666666666667
5741,photo,15,0,0,15,0,0,0,0,0,2017-12-19 02:41:00,2017,12,Tuesday,1,2.6833333333333336
5742,photo,23,0,0,23,0,0,0,0,0,2017-12-19 02:24:00,2017,12,Tuesday,1,2.4
5743,photo,17,0,0,17,0,0,0,0,0,2017-12-19 01:48:00,2017,12,Tuesday,1,1.8
5744,video,55,0,3,55,0,0,0,0,0,2017-12-19 01:11:00,2017,12,Tuesday,1,1.1833333333333333
5745,video,274,1140,300,168,98,0,5,1,2,2017-12-19 01:11:00,2017,12,Tuesday,1,1.1833333333333333
5746,photo,18,0,0,18,0,0,0,0,0,2017-12-18 22:58:00,2017,12,Monday,0,22.966666666666665
5747,photo,18,0,0,18,0,0,0,0,0,2017-12-18 22:30:00,2017,12,Monday,0,22.5
5748,photo,38,0,0,37,0,0,1,0,0,2017-12-18 08:42:00,2017,12,Monday,0,8.7
5749,photo,18,0,0,18,0,0,0,0,0,2017-12-18 08:23:00,2017,12,Monday,0,8.383333333333333
5750,photo,22,0,0,22,0,0,0,0,0,2017-12-18 07:45:00,2017,12,Monday,0,7.75
5751,photo,61,1,1,61,0,0,0,0,0,2017-12-18 07:18:00,2017,12,Monday,0,7.3
5752,video,54,0,0,54,0,0,0,0,0,2017-12-18 07:02:00,2017,12,Monday,0,7.033333333333333
5753,video,431,3450,533,329,90,2,9,0,1,2017-12-18 07:02:00,2017,12,Monday,0,7.033333333333333
5754,photo,11,0,0,11,0,0,0,0,0,2017-12-18 02:52:00,2017,12,Monday,0,2.8666666666666667
5755,photo,20,0,0,20,0,0,0,0,0,2017-12-18 02:40:00,2017,12,Monday,0,2.6666666666666665
5756,photo,12,0,0,12,0,0,0,0,0,2017-12-18 02:26:00,2017,12,Monday,0,2.4333333333333336
5757,photo,16,1,0,16,0,0,0,0,0,2017-12-18 02:20:00,2017,12,Monday,0,2.3333333333333335
5758,video,330,2409,397,207,118,0,5,0,0,2017-12-18 01:01:00,2017,12,Monday,0,1.0166666666666666
5759,photo,10,0,0,10,0,0,0,0,0,2017-12-17 08:05:00,2017,12,Sunday,6,8.083333333333334
5760,photo,29,0,1,29,0,0,0,0,0,2017-12-17 07:40:00,2017,12,Sunday,6,7.666666666666667
5761,photo,44,0,0,43,1,0,0,0,0,2017-12-17 07:22:00,2017,12,Sunday,6,7.366666666666666
5762,video,43,0,0,43,0,0,0,0,0,2017-12-17 07:06:00,2017,12,Sunday,6,7.1
5763,video,355,1249,349,245,100,1,5,1,3,2017-12-17 07:05:00,2017,12,Sunday,6,7.083333333333333
5764,photo,51,4,0,51,0,0,0,0,0,2017-12-17 03:30:00,2017,12,Sunday,6,3.5
5765,photo,16,0,0,16,0,0,0,0,0,2017-12-17 02:43:00,2017,12,Sunday,6,2.716666666666667
5766,photo,83,13,0,80,2,1,0,0,0,2017-12-17 02:25:00,2017,12,Sunday,6,2.4166666666666665
5767,photo,42,0,0,40,0,2,0,0,0,2017-12-17 02:10:00,2017,12,Sunday,6,2.1666666666666665
5768,photo,24,0,1,22,2,0,0,0,0,2017-12-17 01:14:00,2017,12,Sunday,6,1.2333333333333334
5769,video,17,0,0,16,1,0,0,0,0,2017-12-17 01:05:00,2017,12,Sunday,6,1.0833333333333333
5770,video,433,1814,451,269,160,0,3,0,1,2017-12-17 01:03:00,2017,12,Sunday,6,1.05
5771,photo,16,0,0,16,0,0,0,0,0,2017-12-16 22:57:00,2017,12,Saturday,5,22.95
5772,photo,23,0,1,23,0,0,0,0,0,2017-12-16 22:21:00,2017,12,Saturday,5,22.35
5773,photo,20,0,0,20,0,0,0,0,0,2017-12-16 08:40:00,2017,12,Saturday,5,8.666666666666666
5774,photo,15,0,0,15,0,0,0,0,0,2017-12-16 07:40:00,2017,12,Saturday,5,7.666666666666667
5775,photo,14,0,0,14,0,0,0,0,0,2017-12-16 07:20:00,2017,12,Saturday,5,7.333333333333333
5776,video,321,1594,318,164,149,3,1,3,1,2017-12-16 07:05:00,2017,12,Saturday,5,7.083333333333333
5777,photo,30,1,0,30,0,0,0,0,0,2017-12-16 02:41:00,2017,12,Saturday,5,2.6833333333333336
5778,photo,10,0,0,10,0,0,0,0,0,2017-12-16 02:18:00,2017,12,Saturday,5,2.3
5779,photo,33,0,0,32,1,0,0,0,0,2017-12-16 02:10:00,2017,12,Saturday,5,2.1666666666666665
5780,photo,37,4,0,37,0,0,0,0,0,2017-12-16 01:29:00,2017,12,Saturday,5,1.4833333333333334
5781,video,45,2,0,45,0,0,0,0,0,2017-12-16 01:11:00,2017,12,Saturday,5,1.1833333333333333
5782,video,8,0,0,8,0,0,0,0,0,2017-12-16 01:08:00,2017,12,Saturday,5,1.1333333333333333
5783,video,22,0,0,22,0,0,0,0,0,2017-12-16 01:07:00,2017,12,Saturday,5,1.1166666666666667
5784,video,337,2638,270,175,156,1,4,0,1,2017-12-16 01:06:00,2017,12,Saturday,5,1.1
5785,photo,18,3,0,18,0,0,0,0,0,2017-12-15 08:36:00,2017,12,Friday,4,8.6
5786,video,233,1039,280,161,70,0,1,1,0,2017-12-15 08:02:00,2017,12,Friday,4,8.033333333333333
5787,photo,29,0,0,29,0,0,0,0,0,2017-12-15 07:17:00,2017,12,Friday,4,7.283333333333333
5788,video,276,306,285,158,113,2,2,1,0,2017-12-15 07:05:00,2017,12,Friday,4,7.083333333333333
5789,video,158,234,92,108,48,0,2,0,0,2017-12-15 02:20:00,2017,12,Friday,4,2.3333333333333335
5790,photo,19,0,0,19,0,0,0,0,0,2017-12-15 02:05:00,2017,12,Friday,4,2.0833333333333335
5791,photo,35,0,0,35,0,0,0,0,0,2017-12-15 01:40:00,2017,12,Friday,4,1.6666666666666665
5792,photo,41,5,0,41,0,0,0,0,0,2017-12-15 01:27:00,2017,12,Friday,4,1.45
5793,video,26,0,0,26,0,0,0,0,0,2017-12-15 01:07:00,2017,12,Friday,4,1.1166666666666667
5794,video,244,1356,332,176,67,1,0,0,0,2017-12-15 01:03:00,2017,12,Friday,4,1.05
5795,photo,22,1,1,22,0,0,0,0,0,2017-12-14 22:34:00,2017,12,Thursday,3,22.566666666666666
5796,photo,29,0,1,29,0,0,0,0,0,2017-12-14 08:33:00,2017,12,Thursday,3,8.55
5797,video,40,0,0,40,0,0,0,0,0,2017-12-14 08:09:00,2017,12,Thursday,3,8.15
5798,video,256,2979,434,195,50,2,9,0,0,2017-12-14 08:08:00,2017,12,Thursday,3,8.133333333333333
5799,photo,12,0,0,12,0,0,0,0,0,2017-12-14 07:50:00,2017,12,Thursday,3,7.833333333333333
5800,video,15,0,0,15,0,0,0,0,0,2017-12-14 07:20:00,2017,12,Thursday,3,7.333333333333333
5801,video,19,0,0,19,0,0,0,0,0,2017-12-14 07:05:00,2017,12,Thursday,3,7.083333333333333
5802,video,226,359,342,149,73,1,3,0,0,2017-12-14 07:04:00,2017,12,Thursday,3,7.066666666666666
5803,photo,26,0,1,26,0,0,0,0,0,2017-12-14 02:49:00,2017,12,Thursday,3,2.8166666666666664
5804,photo,22,3,0,22,0,0,0,0,0,2017-12-14 02:28:00,2017,12,Thursday,3,2.466666666666667
5805,photo,46,10,1,46,0,0,0,0,0,2017-12-14 02:09:00,2017,12,Thursday,3,2.15
5806,video,54,0,0,54,0,0,0,0,0,2017-12-14 01:08:00,2017,12,Thursday,3,1.1333333333333333
5807,video,335,2112,597,201,131,1,2,0,0,2017-12-14 01:06:00,2017,12,Thursday,3,1.1
5808,photo,13,1,0,13,0,0,0,0,0,2017-12-13 03:00:00,2017,12,Wednesday,2,3.0
5809,video,38,0,0,38,0,0,0,0,0,2017-12-13 02:20:00,2017,12,Wednesday,2,2.3333333333333335
5810,video,223,1950,433,155,64,1,0,1,2,2017-12-13 02:17:00,2017,12,Wednesday,2,2.283333333333333
5811,photo,14,0,0,13,1,0,0,0,0,2017-12-13 01:49:00,2017,12,Wednesday,2,1.8166666666666667
5812,photo,11,0,0,11,0,0,0,0,0,2017-12-13 01:44:00,2017,12,Wednesday,2,1.7333333333333334
5813,photo,13,0,0,13,0,0,0,0,0,2017-12-13 01:20:00,2017,12,Wednesday,2,1.3333333333333333
5814,video,160,326,300,127,32,1,0,0,0,2017-12-13 01:09:00,2017,12,Wednesday,2,1.15
5815,photo,8,0,0,7,1,0,0,0,0,2017-12-12 08:41:00,2017,12,Tuesday,1,8.683333333333334
5816,photo,24,2,1,23,1,0,0,0,0,2017-12-12 08:12:00,2017,12,Tuesday,1,8.2
5817,photo,24,3,0,23,1,0,0,0,0,2017-12-12 07:51:00,2017,12,Tuesday,1,7.85
5818,video,36,0,0,35,1,0,0,0,0,2017-12-12 07:16:00,2017,12,Tuesday,1,7.266666666666667
5819,video,8,0,0,8,0,0,0,0,0,2017-12-12 07:16:00,2017,12,Tuesday,1,7.266666666666667
5820,video,269,783,357,146,117,1,3,1,1,2017-12-12 07:15:00,2017,12,Tuesday,1,7.25
5821,photo,36,3,0,35,1,0,0,0,0,2017-12-12 02:56:00,2017,12,Tuesday,1,2.9333333333333336
5822,photo,12,0,0,11,1,0,0,0,0,2017-12-12 02:46:00,2017,12,Tuesday,1,2.7666666666666666
5823,video,135,245,133,66,64,1,4,0,0,2017-12-12 02:23:00,2017,12,Tuesday,1,2.3833333333333333
5824,photo,22,0,0,22,0,0,0,0,0,2017-12-12 01:16:00,2017,12,Tuesday,1,1.2666666666666666
5825,video,34,0,0,34,0,0,0,0,0,2017-12-12 01:04:00,2017,12,Tuesday,1,1.0666666666666667
5826,video,230,1562,322,140,90,0,0,0,0,2017-12-12 01:03:00,2017,12,Tuesday,1,1.05
5827,photo,50,0,0,44,0,0,6,0,0,2017-12-11 11:03:00,2017,12,Monday,0,11.05
5828,photo,19,0,0,18,1,0,0,0,0,2017-12-11 09:09:00,2017,12,Monday,0,9.15
5829,photo,15,0,0,14,1,0,0,0,0,2017-12-11 08:36:00,2017,12,Monday,0,8.6
5830,photo,13,1,0,12,1,0,0,0,0,2017-12-11 08:26:00,2017,12,Monday,0,8.433333333333334
5831,video,1,0,0,0,1,0,0,0,0,2017-12-11 08:22:00,2017,12,Monday,0,8.366666666666667
5832,video,182,443,135,91,89,2,0,0,0,2017-12-11 08:20:00,2017,12,Monday,0,8.333333333333334
5833,photo,24,0,0,22,2,0,0,0,0,2017-12-11 08:07:00,2017,12,Monday,0,8.116666666666667
5834,photo,33,0,1,32,1,0,0,0,0,2017-12-11 07:27:00,2017,12,Monday,0,7.45
5835,video,42,0,0,41,1,0,0,0,0,2017-12-11 07:06:00,2017,12,Monday,0,7.1
5836,video,249,1244,469,143,103,2,1,0,0,2017-12-11 07:05:00,2017,12,Monday,0,7.083333333333333
5837,photo,17,0,0,17,0,0,0,0,0,2017-12-11 02:19:00,2017,12,Monday,0,2.3166666666666664
5838,photo,19,0,2,19,0,0,0,0,0,2017-12-11 02:06:00,2017,12,Monday,0,2.1
5839,video,34,0,0,33,1,0,0,0,0,2017-12-11 01:13:00,2017,12,Monday,0,1.2166666666666668
5840,video,322,1503,491,201,113,1,2,2,3,2017-12-11 01:06:00,2017,12,Monday,0,1.1
5841,photo,9,0,0,9,0,0,0,0,0,2017-12-10 09:00:00,2017,12,Sunday,6,9.0
5842,photo,43,2,0,43,0,0,0,0,0,2017-12-10 08:00:00,2017,12,Sunday,6,8.0
5843,video,385,1651,489,230,146,2,4,2,1,2017-12-10 07:05:00,2017,12,Sunday,6,7.083333333333333
5844,photo,38,3,1,38,0,0,0,0,0,2017-12-10 02:22:00,2017,12,Sunday,6,2.3666666666666667
5845,video,40,0,0,40,0,0,0,0,0,2017-12-10 02:11:00,2017,12,Sunday,6,2.183333333333333
5846,video,166,1199,348,131,35,0,0,0,0,2017-12-10 02:10:00,2017,12,Sunday,6,2.1666666666666665
5847,photo,17,1,0,17,0,0,0,0,0,2017-12-10 01:37:00,2017,12,Sunday,6,1.6166666666666667
5848,photo,23,0,0,23,0,0,0,0,0,2017-12-10 01:16:00,2017,12,Sunday,6,1.2666666666666666
5849,video,8,0,0,7,1,0,0,0,0,2017-12-10 01:06:00,2017,12,Sunday,6,1.1
5850,video,169,293,195,99,69,0,1,0,0,2017-12-10 01:05:00,2017,12,Sunday,6,1.0833333333333333
5851,photo,23,4,0,23,0,0,0,0,0,2017-12-09 08:52:00,2017,12,Saturday,5,8.866666666666667
5852,photo,17,1,0,17,0,0,0,0,0,2017-12-09 08:44:00,2017,12,Saturday,5,8.733333333333333
5853,photo,28,0,3,28,0,0,0,0,0,2017-12-09 08:40:00,2017,12,Saturday,5,8.666666666666666
5854,photo,50,3,0,50,0,0,0,0,0,2017-12-09 08:05:00,2017,12,Saturday,5,8.083333333333334
5855,video,79,0,0,79,0,0,0,0,0,2017-12-09 07:53:00,2017,12,Saturday,5,7.883333333333333
5856,video,219,1172,274,114,104,1,0,0,0,2017-12-09 07:52:00,2017,12,Saturday,5,7.866666666666667
5857,photo,24,0,0,24,0,0,0,0,0,2017-12-09 07:36:00,2017,12,Saturday,5,7.6
5858,photo,29,4,0,29,0,0,0,0,0,2017-12-09 07:19:00,2017,12,Saturday,5,7.316666666666666
5859,video,85,0,0,84,1,0,0,0,0,2017-12-09 07:00:00,2017,12,Saturday,5,7.0
5860,video,185,519,301,134,46,0,4,1,0,2017-12-09 07:00:00,2017,12,Saturday,5,7.0
5861,photo,14,0,0,14,0,0,0,0,0,2017-12-09 02:39:00,2017,12,Saturday,5,2.65
5862,video,193,800,336,126,64,0,3,0,0,2017-12-09 02:05:00,2017,12,Saturday,5,2.0833333333333335
5863,photo,13,1,0,13,0,0,0,0,0,2017-12-09 01:47:00,2017,12,Saturday,5,1.7833333333333332
5864,photo,50,1,0,49,1,0,0,0,0,2017-12-09 01:29:00,2017,12,Saturday,5,1.4833333333333334
5865,video,206,525,265,147,56,0,3,0,0,2017-12-09 01:10:00,2017,12,Saturday,5,1.1666666666666667
5866,video,46,0,0,46,0,0,0,0,0,2017-12-08 08:12:00,2017,12,Friday,4,8.2
5867,video,151,667,195,106,45,0,0,0,0,2017-12-08 08:11:00,2017,12,Friday,4,8.183333333333334
5868,photo,31,3,0,30,1,0,0,0,0,2017-12-08 07:53:00,2017,12,Friday,4,7.883333333333333
5869,photo,32,1,0,32,0,0,0,0,0,2017-12-08 07:37:00,2017,12,Friday,4,7.616666666666667
5870,video,255,505,187,168,80,5,1,0,1,2017-12-08 07:07:00,2017,12,Friday,4,7.116666666666666
5871,video,144,271,90,120,22,1,1,0,0,2017-12-08 02:42:00,2017,12,Friday,4,2.7
5872,photo,11,0,0,11,0,0,0,0,0,2017-12-08 02:26:00,2017,12,Friday,4,2.4333333333333336
5873,video,9,0,0,9,0,0,0,0,0,2017-12-08 02:21:00,2017,12,Friday,4,2.35
5874,video,64,100,68,57,7,0,0,0,0,2017-12-08 02:18:00,2017,12,Friday,4,2.3
5875,photo,9,0,0,9,0,0,0,0,0,2017-12-08 01:59:00,2017,12,Friday,4,1.9833333333333334
5876,photo,11,0,0,11,0,0,0,0,0,2017-12-08 01:22:00,2017,12,Friday,4,1.3666666666666667
5877,video,27,0,0,27,0,0,0,0,0,2017-12-08 01:11:00,2017,12,Friday,4,1.1833333333333333
5878,video,8,0,0,8,0,0,0,0,0,2017-12-08 01:11:00,2017,12,Friday,4,1.1833333333333333
5879,video,253,1051,334,155,93,1,3,0,1,2017-12-08 01:10:00,2017,12,Friday,4,1.1666666666666667
5880,photo,35,2,1,35,0,0,0,0,0,2017-12-07 08:19:00,2017,12,Thursday,3,8.316666666666666
5881,photo,26,1,1,25,1,0,0,0,0,2017-12-07 07:54:00,2017,12,Thursday,3,7.9
5882,video,248,1382,299,182,65,0,1,0,0,2017-12-07 07:43:00,2017,12,Thursday,3,7.716666666666667
5883,photo,36,0,0,36,0,0,0,0,0,2017-12-07 07:20:00,2017,12,Thursday,3,7.333333333333333
5884,video,180,307,217,153,25,0,1,0,1,2017-12-07 07:04:00,2017,12,Thursday,3,7.066666666666666
5885,photo,28,0,0,28,0,0,0,0,0,2017-12-07 02:08:00,2017,12,Thursday,3,2.1333333333333333
5886,photo,45,6,2,43,1,1,0,0,0,2017-12-07 01:39:00,2017,12,Thursday,3,1.65
5887,video,389,2798,564,233,152,0,2,0,2,2017-12-07 01:12:00,2017,12,Thursday,3,1.2
5888,photo,34,0,0,34,0,0,0,0,0,2017-12-06 08:24:00,2017,12,Wednesday,2,8.4
5889,photo,23,1,0,22,1,0,0,0,0,2017-12-06 07:47:00,2017,12,Wednesday,2,7.783333333333333
5890,photo,44,2,0,42,2,0,0,0,0,2017-12-06 07:25:00,2017,12,Wednesday,2,7.416666666666667
5891,video,520,2546,659,353,156,5,4,1,1,2017-12-06 07:06:00,2017,12,Wednesday,2,7.1
5892,video,116,337,109,78,37,0,0,1,0,2017-12-06 02:26:00,2017,12,Wednesday,2,2.4333333333333336
5893,photo,20,0,0,19,1,0,0,0,0,2017-12-06 01:33:00,2017,12,Wednesday,2,1.55
5894,video,339,1082,423,213,119,0,6,1,0,2017-12-06 01:11:00,2017,12,Wednesday,2,1.1833333333333333
5895,video,28,0,0,27,1,0,0,0,0,2017-12-05 08:19:00,2017,12,Tuesday,1,8.316666666666666
5896,video,156,286,76,108,42,0,6,0,0,2017-12-05 08:16:00,2017,12,Tuesday,1,8.266666666666667
5897,photo,42,0,0,40,2,0,0,0,0,2017-12-05 08:01:00,2017,12,Tuesday,1,8.016666666666667
5898,photo,15,0,0,14,1,0,0,0,0,2017-12-05 07:34:00,2017,12,Tuesday,1,7.566666666666666
5899,photo,38,1,0,37,1,0,0,0,0,2017-12-05 07:17:00,2017,12,Tuesday,1,7.283333333333333
5900,video,305,1415,418,186,117,1,1,0,0,2017-12-05 07:01:00,2017,12,Tuesday,1,7.016666666666667
5901,video,15,0,0,14,1,0,0,0,0,2017-12-05 02:37:00,2017,12,Tuesday,1,2.6166666666666667
5902,video,2,0,0,2,0,0,0,0,0,2017-12-05 02:27:00,2017,12,Tuesday,1,2.45
5903,video,4,0,0,4,0,0,0,0,0,2017-12-05 02:25:00,2017,12,Tuesday,1,2.4166666666666665
5904,video,171,236,82,70,100,0,1,0,0,2017-12-05 02:24:00,2017,12,Tuesday,1,2.4
5905,photo,7,0,0,7,0,0,0,0,0,2017-12-05 01:57:00,2017,12,Tuesday,1,1.95
5906,video,9,0,0,9,0,0,0,0,0,2017-12-05 01:08:00,2017,12,Tuesday,1,1.1333333333333333
5907,video,423,1661,584,266,152,0,2,1,2,2017-12-05 01:05:00,2017,12,Tuesday,1,1.0833333333333333
5908,video,22,2,0,22,0,0,0,0,0,2017-12-04 08:22:00,2017,12,Monday,0,8.366666666666667
5909,video,136,250,51,102,32,0,1,1,0,2017-12-04 08:21:00,2017,12,Monday,0,8.35
5910,photo,27,0,0,26,0,0,0,1,0,2017-12-04 07:10:00,2017,12,Monday,0,7.166666666666667
5911,video,15,0,0,15,0,0,0,0,0,2017-12-04 07:05:00,2017,12,Monday,0,7.083333333333333
5912,video,285,1293,295,167,111,1,5,0,1,2017-12-04 07:00:00,2017,12,Monday,0,7.0
5913,video,128,200,63,59,67,1,1,0,0,2017-12-04 02:35:00,2017,12,Monday,0,2.5833333333333335
5914,photo,18,1,0,18,0,0,0,0,0,2017-12-04 01:46:00,2017,12,Monday,0,1.7666666666666666
5915,photo,5,0,0,5,0,0,0,0,0,2017-12-04 01:24:00,2017,12,Monday,0,1.4
5916,video,325,798,354,200,120,0,4,0,1,2017-12-04 01:10:00,2017,12,Monday,0,1.1666666666666667
5917,photo,17,4,1,17,0,0,0,0,0,2017-12-03 08:43:00,2017,12,Sunday,6,8.716666666666667
5918,photo,15,0,0,15,0,0,0,0,0,2017-12-03 08:25:00,2017,12,Sunday,6,8.416666666666666
5919,video,204,1200,307,162,39,1,2,0,0,2017-12-03 08:09:00,2017,12,Sunday,6,8.15
5920,photo,17,0,0,17,0,0,0,0,0,2017-12-03 07:53:00,2017,12,Sunday,6,7.883333333333333
5921,video,186,325,253,109,71,0,3,1,2,2017-12-03 07:04:00,2017,12,Sunday,6,7.066666666666666
5922,photo,18,0,0,18,0,0,0,0,0,2017-12-03 02:53:00,2017,12,Sunday,6,2.8833333333333333
5923,video,11,0,0,10,1,0,0,0,0,2017-12-03 02:30:00,2017,12,Sunday,6,2.5
5924,video,129,299,117,100,26,1,1,1,0,2017-12-03 02:25:00,2017,12,Sunday,6,2.4166666666666665
5925,video,34,0,0,34,0,0,0,0,0,2017-12-03 01:13:00,2017,12,Sunday,6,1.2166666666666668
5926,video,297,1133,444,216,75,1,4,0,1,2017-12-03 01:11:00,2017,12,Sunday,6,1.1833333333333333
5927,photo,19,0,0,19,0,0,0,0,0,2017-12-02 08:53:00,2017,12,Saturday,5,8.883333333333333
5928,photo,18,0,1,18,0,0,0,0,0,2017-12-02 08:09:00,2017,12,Saturday,5,8.15
5929,video,25,0,0,25,0,0,0,0,0,2017-12-02 08:01:00,2017,12,Saturday,5,8.016666666666667
5930,video,260,1493,338,142,111,0,4,1,2,2017-12-02 07:58:00,2017,12,Saturday,5,7.966666666666667
5931,photo,24,0,0,24,0,0,0,0,0,2017-12-02 07:21:00,2017,12,Saturday,5,7.35
5932,video,17,0,0,17,0,0,0,0,0,2017-12-02 07:08:00,2017,12,Saturday,5,7.133333333333334
5933,video,148,390,210,123,24,1,0,0,0,2017-12-02 07:07:00,2017,12,Saturday,5,7.116666666666666
5934,photo,7,0,0,7,0,0,0,0,0,2017-12-02 02:57:00,2017,12,Saturday,5,2.95
5935,photo,17,0,0,17,0,0,0,0,0,2017-12-02 02:26:00,2017,12,Saturday,5,2.4333333333333336
5936,video,217,885,248,134,78,2,3,0,0,2017-12-02 02:09:00,2017,12,Saturday,5,2.15
5937,photo,25,0,0,25,0,0,0,0,0,2017-12-02 01:50:00,2017,12,Saturday,5,1.8333333333333335
5938,photo,29,2,0,28,0,1,0,0,0,2017-12-02 01:37:00,2017,12,Saturday,5,1.6166666666666667
5939,video,223,349,251,156,61,3,1,0,2,2017-12-02 01:07:00,2017,12,Saturday,5,1.1166666666666667
5940,photo,11,0,0,11,0,0,0,0,0,2017-12-01 08:05:00,2017,12,Friday,4,8.083333333333334
5941,photo,17,0,0,17,0,0,0,0,0,2017-12-01 08:01:00,2017,12,Friday,4,8.016666666666667
5942,photo,17,0,1,16,0,1,0,0,0,2017-12-01 07:26:00,2017,12,Friday,4,7.433333333333334
5943,video,23,0,0,23,0,0,0,0,0,2017-12-01 07:16:00,2017,12,Friday,4,7.266666666666667
5944,video,275,1113,431,168,105,0,1,1,0,2017-12-01 07:12:00,2017,12,Friday,4,7.2
5945,photo,17,0,0,17,0,0,0,0,0,2017-12-01 02:51:00,2017,12,Friday,4,2.85
5946,photo,18,0,1,18,0,0,0,0,0,2017-12-01 02:29:00,2017,12,Friday,4,2.4833333333333334
5947,photo,23,0,1,23,0,0,0,0,0,2017-12-01 02:01:00,2017,12,Friday,4,2.0166666666666666
5948,video,300,1532,281,212,82,4,0,2,0,2017-12-01 01:47:00,2017,12,Friday,4,1.7833333333333332
5949,video,14,0,0,14,0,0,0,0,0,2017-12-01 01:12:00,2017,12,Friday,4,1.2
5950,video,212,306,303,125,85,1,1,0,0,2017-12-01 01:06:00,2017,12,Friday,4,1.1
5951,photo,29,2,0,29,0,0,0,0,0,2017-11-30 08:32:00,2017,11,Thursday,3,8.533333333333333
5952,photo,17,0,0,17,0,0,0,0,0,2017-11-30 07:59:00,2017,11,Thursday,3,7.983333333333333
5953,photo,25,1,0,24,1,0,0,0,0,2017-11-30 07:20:00,2017,11,Thursday,3,7.333333333333333
5954,video,50,0,0,50,0,0,0,0,0,2017-11-30 07:07:00,2017,11,Thursday,3,7.116666666666666
5955,video,306,1259,319,183,119,0,2,1,1,2017-11-30 07:05:00,2017,11,Thursday,3,7.083333333333333
5956,photo,36,2,0,34,0,0,0,2,0,2017-11-30 04:43:00,2017,11,Thursday,3,4.716666666666667
5957,video,9,0,0,9,0,0,0,0,0,2017-11-30 02:45:00,2017,11,Thursday,3,2.75
5958,photo,44,2,1,44,0,0,0,0,0,2017-11-30 02:20:00,2017,11,Thursday,3,2.3333333333333335
5959,photo,23,1,0,23,0,0,0,0,0,2017-11-30 01:57:00,2017,11,Thursday,3,1.95
5960,video,314,1488,446,206,106,0,0,0,2,2017-11-30 01:11:00,2017,11,Thursday,3,1.1833333333333333
5961,photo,20,0,1,19,1,0,0,0,0,2017-11-29 08:47:00,2017,11,Wednesday,2,8.783333333333333
5962,photo,20,0,0,19,0,1,0,0,0,2017-11-29 08:23:00,2017,11,Wednesday,2,8.383333333333333
5963,photo,18,0,0,18,0,0,0,0,0,2017-11-29 08:11:00,2017,11,Wednesday,2,8.183333333333334
5964,photo,31,0,0,30,0,1,0,0,0,2017-11-29 07:44:00,2017,11,Wednesday,2,7.733333333333333
5965,photo,24,2,1,24,0,0,0,0,0,2017-11-29 07:17:00,2017,11,Wednesday,2,7.283333333333333
5966,video,36,0,0,36,0,0,0,0,0,2017-11-29 07:07:00,2017,11,Wednesday,2,7.116666666666666
5967,video,413,1934,542,248,160,0,3,1,1,2017-11-29 07:04:00,2017,11,Wednesday,2,7.066666666666666
5968,photo,9,1,1,9,0,0,0,0,0,2017-11-29 02:10:00,2017,11,Wednesday,2,2.1666666666666665
5969,photo,26,0,0,25,1,0,0,0,0,2017-11-29 01:27:00,2017,11,Wednesday,2,1.45
5970,video,45,1,0,45,0,0,0,0,0,2017-11-29 01:13:00,2017,11,Wednesday,2,1.2166666666666668
5971,video,331,1082,522,238,90,1,2,0,0,2017-11-29 01:10:00,2017,11,Wednesday,2,1.1666666666666667
5972,photo,30,8,0,30,0,0,0,0,0,2017-11-28 08:24:00,2017,11,Tuesday,1,8.4
5973,photo,15,2,0,15,0,0,0,0,0,2017-11-28 08:19:00,2017,11,Tuesday,1,8.316666666666666
5974,photo,23,1,1,23,0,0,0,0,0,2017-11-28 08:09:00,2017,11,Tuesday,1,8.15
5975,photo,17,2,0,17,0,0,0,0,0,2017-11-28 07:45:00,2017,11,Tuesday,1,7.75
5976,video,307,847,440,183,117,1,6,0,0,2017-11-28 07:25:00,2017,11,Tuesday,1,7.416666666666667
5977,video,33,0,0,33,0,0,0,0,0,2017-11-28 07:04:00,2017,11,Tuesday,1,7.066666666666666
5978,video,128,229,229,112,16,0,0,0,0,2017-11-28 07:02:00,2017,11,Tuesday,1,7.033333333333333
5979,video,17,0,0,17,0,0,0,0,0,2017-11-28 02:44:00,2017,11,Tuesday,1,2.7333333333333334
5980,photo,17,0,0,17,0,0,0,0,0,2017-11-28 02:20:00,2017,11,Tuesday,1,2.3333333333333335
5981,video,17,0,0,17,0,0,0,0,0,2017-11-28 02:11:00,2017,11,Tuesday,1,2.183333333333333
5982,video,292,1194,379,150,133,0,9,0,0,2017-11-28 02:09:00,2017,11,Tuesday,1,2.15
5983,photo,36,3,1,36,0,0,0,0,0,2017-11-28 01:20:00,2017,11,Tuesday,1,1.3333333333333333
5984,video,248,592,302,160,85,0,3,0,0,2017-11-28 01:06:00,2017,11,Tuesday,1,1.1
5985,video,172,1056,258,68,100,3,1,0,0,2017-11-27 08:30:00,2017,11,Monday,0,8.5
5986,photo,10,1,0,10,0,0,0,0,0,2017-11-27 08:10:00,2017,11,Monday,0,8.166666666666666
5987,photo,13,1,1,13,0,0,0,0,0,2017-11-27 07:50:00,2017,11,Monday,0,7.833333333333333
5988,video,35,0,0,35,0,0,0,0,0,2017-11-27 07:09:00,2017,11,Monday,0,7.15
5989,video,275,625,491,161,114,0,0,0,0,2017-11-27 07:06:00,2017,11,Monday,0,7.1
5990,photo,16,0,1,16,0,0,0,0,0,2017-11-27 02:58:00,2017,11,Monday,0,2.966666666666667
5991,photo,27,1,1,27,0,0,0,0,0,2017-11-27 02:35:00,2017,11,Monday,0,2.5833333333333335
5992,photo,34,1,1,34,0,0,0,0,0,2017-11-27 01:47:00,2017,11,Monday,0,1.7833333333333332
5993,photo,39,2,0,39,0,0,0,0,0,2017-11-27 01:34:00,2017,11,Monday,0,1.5666666666666667
5994,video,30,1,0,30,0,0,0,0,0,2017-11-27 01:13:00,2017,11,Monday,0,1.2166666666666668
5995,video,412,1680,553,255,153,2,2,0,0,2017-11-27 01:09:00,2017,11,Monday,0,1.15
5996,photo,13,0,0,13,0,0,0,0,0,2017-11-26 09:10:00,2017,11,Sunday,6,9.166666666666666
5997,photo,20,0,1,20,0,0,0,0,0,2017-11-26 08:47:00,2017,11,Sunday,6,8.783333333333333
5998,photo,9,0,0,9,0,0,0,0,0,2017-11-26 08:15:00,2017,11,Sunday,6,8.25
5999,video,272,339,158,156,112,3,1,0,0,2017-11-26 08:01:00,2017,11,Sunday,6,8.016666666666667
6000,video,268,816,529,188,73,2,3,1,1,2017-11-26 07:01:00,2017,11,Sunday,6,7.016666666666667
6001,video,19,0,0,19,0,0,0,0,0,2017-11-26 02:33:00,2017,11,Sunday,6,2.55
6002,video,249,1209,431,163,85,0,1,0,0,2017-11-26 02:29:00,2017,11,Sunday,6,2.4833333333333334
6003,photo,10,1,0,10,0,0,0,0,0,2017-11-26 02:20:00,2017,11,Sunday,6,2.3333333333333335
6004,photo,13,0,0,13,0,0,0,0,0,2017-11-26 02:08:00,2017,11,Sunday,6,2.1333333333333333
6005,photo,40,2,0,40,0,0,0,0,0,2017-11-26 01:24:00,2017,11,Sunday,6,1.4
6006,video,333,1307,492,233,96,1,2,0,1,2017-11-26 01:06:00,2017,11,Sunday,6,1.1
6007,video,207,391,259,127,77,2,0,1,0,2017-11-25 08:24:00,2017,11,Saturday,5,8.4
6008,photo,27,2,0,27,0,0,0,0,0,2017-11-25 07:42:00,2017,11,Saturday,5,7.7
6009,photo,38,4,0,38,0,0,0,0,0,2017-11-25 07:21:00,2017,11,Saturday,5,7.35
6010,video,25,0,0,24,1,0,0,0,0,2017-11-25 07:10:00,2017,11,Saturday,5,7.166666666666667
6011,video,407,1374,757,283,117,3,4,0,0,2017-11-25 07:06:00,2017,11,Saturday,5,7.1
6012,photo,12,0,0,12,0,0,0,0,0,2017-11-25 02:34:00,2017,11,Saturday,5,2.5666666666666664
6013,photo,9,1,0,8,1,0,0,0,0,2017-11-25 02:17:00,2017,11,Saturday,5,2.283333333333333
6014,video,26,0,0,25,1,0,0,0,0,2017-11-25 02:12:00,2017,11,Saturday,5,2.2
6015,video,241,383,257,106,135,0,0,0,0,2017-11-25 02:08:00,2017,11,Saturday,5,2.1333333333333333
6016,photo,3,0,0,3,0,0,0,0,0,2017-11-25 02:03:00,2017,11,Saturday,5,2.05
6017,photo,15,3,0,15,0,0,0,0,0,2017-11-25 01:46:00,2017,11,Saturday,5,1.7666666666666666
6018,video,267,859,426,197,67,0,2,1,0,2017-11-25 01:06:00,2017,11,Saturday,5,1.1
6019,photo,23,1,0,23,0,0,0,0,0,2017-11-24 08:33:00,2017,11,Friday,4,8.55
6020,video,3,0,0,3,0,0,0,0,0,2017-11-24 08:19:00,2017,11,Friday,4,8.316666666666666
6021,video,10,0,0,10,0,0,0,0,0,2017-11-24 08:16:00,2017,11,Friday,4,8.266666666666667
6022,video,214,779,377,143,68,2,1,0,0,2017-11-24 08:14:00,2017,11,Friday,4,8.233333333333333
6023,photo,5,1,0,5,0,0,0,0,0,2017-11-24 08:05:00,2017,11,Friday,4,8.083333333333334
6024,photo,11,0,0,10,1,0,0,0,0,2017-11-24 07:51:00,2017,11,Friday,4,7.85
6025,video,248,433,303,172,73,0,3,0,0,2017-11-24 07:10:00,2017,11,Friday,4,7.166666666666667
6026,photo,16,0,0,16,0,0,0,0,0,2017-11-24 03:15:00,2017,11,Friday,4,3.25
6027,photo,20,0,0,20,0,0,0,0,0,2017-11-24 02:41:00,2017,11,Friday,4,2.6833333333333336
6028,video,212,1006,496,178,32,1,0,0,1,2017-11-24 02:29:00,2017,11,Friday,4,2.4833333333333334
6029,photo,14,0,0,14,0,0,0,0,0,2017-11-24 01:47:00,2017,11,Friday,4,1.7833333333333332
6030,video,13,0,0,13,0,0,0,0,0,2017-11-24 01:07:00,2017,11,Friday,4,1.1166666666666667
6031,video,282,1591,438,168,109,2,0,3,0,2017-11-24 01:01:00,2017,11,Friday,4,1.0166666666666666
6032,photo,25,1,0,25,0,0,0,0,0,2017-11-23 08:11:00,2017,11,Thursday,3,8.183333333333334
6033,photo,8,0,0,8,0,0,0,0,0,2017-11-23 07:56:00,2017,11,Thursday,3,7.933333333333334
6034,video,20,0,0,20,0,0,0,0,0,2017-11-23 07:48:00,2017,11,Thursday,3,7.8
6035,video,224,545,231,108,111,2,2,0,1,2017-11-23 07:47:00,2017,11,Thursday,3,7.783333333333333
6036,photo,14,0,0,14,0,0,0,0,0,2017-11-23 07:27:00,2017,11,Thursday,3,7.45
6037,photo,21,0,0,21,0,0,0,0,0,2017-11-23 07:16:00,2017,11,Thursday,3,7.266666666666667
6038,video,23,1,0,23,0,0,0,0,0,2017-11-23 06:58:00,2017,11,Thursday,3,6.966666666666667
6039,video,195,294,274,115,77,1,2,0,0,2017-11-23 06:58:00,2017,11,Thursday,3,6.966666666666667
6040,video,14,0,0,13,1,0,0,0,0,2017-11-23 02:30:00,2017,11,Thursday,3,2.5
6041,photo,11,0,0,11,0,0,0,0,0,2017-11-23 02:10:00,2017,11,Thursday,3,2.1666666666666665
6042,video,42,1,0,41,1,0,0,0,0,2017-11-23 02:04:00,2017,11,Thursday,3,2.066666666666667
6043,video,160,1183,217,81,79,0,0,0,0,2017-11-23 02:03:00,2017,11,Thursday,3,2.05
6044,photo,9,0,0,9,0,0,0,0,0,2017-11-23 01:36:00,2017,11,Thursday,3,1.6
6045,photo,31,0,0,31,0,0,0,0,0,2017-11-23 01:20:00,2017,11,Thursday,3,1.3333333333333333
6046,video,182,1142,346,107,70,1,4,0,0,2017-11-23 01:04:00,2017,11,Thursday,3,1.0666666666666667
6047,video,29,0,0,29,0,0,0,0,0,2017-11-22 07:32:00,2017,11,Wednesday,2,7.533333333333333
6048,video,214,1550,388,157,56,1,0,0,0,2017-11-22 07:32:00,2017,11,Wednesday,2,7.533333333333333
6049,photo,10,1,0,10,0,0,0,0,0,2017-11-22 07:13:00,2017,11,Wednesday,2,7.216666666666667
6050,video,159,175,233,122,36,0,1,0,0,2017-11-22 06:59:00,2017,11,Wednesday,2,6.983333333333333
6051,photo,22,1,0,21,1,0,0,0,0,2017-11-22 03:06:00,2017,11,Wednesday,2,3.1
6052,photo,14,0,0,14,0,0,0,0,0,2017-11-22 02:39:00,2017,11,Wednesday,2,2.65
6053,photo,16,1,1,16,0,0,0,0,0,2017-11-22 02:24:00,2017,11,Wednesday,2,2.4
6054,video,13,0,0,13,0,0,0,0,0,2017-11-22 02:10:00,2017,11,Wednesday,2,2.1666666666666665
6055,video,135,214,159,91,42,1,1,0,0,2017-11-22 02:08:00,2017,11,Wednesday,2,2.1333333333333333
6056,photo,8,0,0,8,0,0,0,0,0,2017-11-22 01:38:00,2017,11,Wednesday,2,1.6333333333333333
6057,video,233,1168,404,155,76,2,0,0,0,2017-11-22 01:01:00,2017,11,Wednesday,2,1.0166666666666666
6058,photo,12,0,1,12,0,0,0,0,0,2017-11-21 08:37:00,2017,11,Tuesday,1,8.616666666666667
6059,photo,33,1,0,33,0,0,0,0,0,2017-11-21 08:04:00,2017,11,Tuesday,1,8.066666666666666
6060,video,336,1532,428,226,104,2,2,1,1,2017-11-21 07:54:00,2017,11,Tuesday,1,7.9
6061,video,26,0,0,25,1,0,0,0,0,2017-11-21 07:04:00,2017,11,Tuesday,1,7.066666666666666
6062,video,233,405,333,181,48,3,1,0,0,2017-11-21 07:00:00,2017,11,Tuesday,1,7.0
6063,photo,19,1,0,19,0,0,0,0,0,2017-11-21 03:06:00,2017,11,Tuesday,1,3.1
6064,photo,20,0,0,20,0,0,0,0,0,2017-11-21 02:37:00,2017,11,Tuesday,1,2.6166666666666667
6065,video,183,908,266,122,58,0,2,0,1,2017-11-21 02:26:00,2017,11,Tuesday,1,2.4333333333333336
6066,photo,25,2,0,25,0,0,0,0,0,2017-11-21 02:16:00,2017,11,Tuesday,1,2.2666666666666666
6067,photo,16,2,0,16,0,0,0,0,0,2017-11-21 01:45:00,2017,11,Tuesday,1,1.75
6068,photo,49,4,0,49,0,0,0,0,0,2017-11-21 01:29:00,2017,11,Tuesday,1,1.4833333333333334
6069,video,295,1357,474,235,56,0,2,2,0,2017-11-21 01:13:00,2017,11,Tuesday,1,1.2166666666666668
6070,photo,22,1,0,22,0,0,0,0,0,2017-11-20 08:19:00,2017,11,Monday,0,8.316666666666666
6071,photo,14,1,0,14,0,0,0,0,0,2017-11-20 07:54:00,2017,11,Monday,0,7.9
6072,video,14,0,0,14,0,0,0,0,0,2017-11-20 07:49:00,2017,11,Monday,0,7.816666666666666
6073,video,230,1315,348,127,98,0,4,0,1,2017-11-20 07:42:00,2017,11,Monday,0,7.7
6074,photo,26,0,0,26,0,0,0,0,0,2017-11-20 07:18:00,2017,11,Monday,0,7.3
6075,video,241,336,432,205,33,1,1,1,0,2017-11-20 07:05:00,2017,11,Monday,0,7.083333333333333
6076,photo,19,0,0,19,0,0,0,0,0,2017-11-20 02:58:00,2017,11,Monday,0,2.966666666666667
6077,photo,12,2,0,12,0,0,0,0,0,2017-11-20 02:55:00,2017,11,Monday,0,2.9166666666666665
6078,photo,33,3,0,33,0,0,0,0,0,2017-11-20 02:44:00,2017,11,Monday,0,2.7333333333333334
6079,photo,10,3,0,10,0,0,0,0,0,2017-11-20 02:31:00,2017,11,Monday,0,2.5166666666666666
6080,video,166,287,153,91,75,0,0,0,0,2017-11-20 02:17:00,2017,11,Monday,0,2.283333333333333
6081,photo,5,1,0,5,0,0,0,0,0,2017-11-20 02:12:00,2017,11,Monday,0,2.2
6082,photo,32,2,0,32,0,0,0,0,0,2017-11-20 01:19:00,2017,11,Monday,0,1.3166666666666667
6083,video,398,2314,742,320,73,1,3,1,0,2017-11-20 01:05:00,2017,11,Monday,0,1.0833333333333333
6084,video,10,1,0,10,0,0,0,0,0,2017-11-19 08:04:00,2017,11,Sunday,6,8.066666666666666
6085,video,296,1756,422,136,151,1,6,1,1,2017-11-19 07:58:00,2017,11,Sunday,6,7.966666666666667
6086,video,173,221,248,114,53,3,3,0,0,2017-11-19 07:12:00,2017,11,Sunday,6,7.2
6087,video,29,0,0,29,0,0,0,0,0,2017-11-19 01:57:00,2017,11,Sunday,6,1.95
6088,video,271,1516,505,172,93,2,1,3,0,2017-11-19 01:51:00,2017,11,Sunday,6,1.85
6089,photo,19,2,0,19,0,0,0,0,0,2017-11-19 01:46:00,2017,11,Sunday,6,1.7666666666666666
6090,video,222,1711,463,163,56,1,2,0,0,2017-11-19 01:04:00,2017,11,Sunday,6,1.0666666666666667
6091,photo,23,1,0,23,0,0,0,0,0,2017-11-18 08:37:00,2017,11,Saturday,5,8.616666666666667
6092,video,17,0,0,17,0,0,0,0,0,2017-11-18 08:09:00,2017,11,Saturday,5,8.15
6093,video,176,171,146,82,89,3,2,0,0,2017-11-18 08:04:00,2017,11,Saturday,5,8.066666666666666
6094,photo,21,0,0,21,0,0,0,0,0,2017-11-18 07:53:00,2017,11,Saturday,5,7.883333333333333
6095,photo,30,0,0,30,0,0,0,0,0,2017-11-18 07:28:00,2017,11,Saturday,5,7.466666666666667
6096,video,394,2379,471,229,159,1,3,1,1,2017-11-18 07:02:00,2017,11,Saturday,5,7.033333333333333
6097,photo,3,0,0,3,0,0,0,0,0,2017-11-18 02:46:00,2017,11,Saturday,5,2.7666666666666666
6098,video,211,948,245,154,57,0,0,0,0,2017-11-18 02:05:00,2017,11,Saturday,5,2.0833333333333335
6099,photo,24,4,0,24,0,0,0,0,0,2017-11-18 01:35:00,2017,11,Saturday,5,1.5833333333333335
6100,video,24,0,0,24,0,0,0,0,0,2017-11-18 01:14:00,2017,11,Saturday,5,1.2333333333333334
6101,video,281,1858,339,201,78,0,2,0,0,2017-11-18 01:11:00,2017,11,Saturday,5,1.1833333333333333
6102,photo,12,0,0,12,0,0,0,0,0,2017-11-17 08:50:00,2017,11,Friday,4,8.833333333333334
6103,photo,5,2,0,5,0,0,0,0,0,2017-11-17 08:35:00,2017,11,Friday,4,8.583333333333334
6104,photo,9,0,0,9,0,0,0,0,0,2017-11-17 08:24:00,2017,11,Friday,4,8.4
6105,video,179,306,65,117,60,1,1,0,0,2017-11-17 08:10:00,2017,11,Friday,4,8.166666666666666
6106,photo,20,1,1,20,0,0,0,0,0,2017-11-17 07:52:00,2017,11,Friday,4,7.866666666666667
6107,video,12,0,0,12,0,0,0,0,0,2017-11-17 07:48:00,2017,11,Friday,4,7.8
6108,video,144,238,113,120,23,1,0,0,0,2017-11-17 07:44:00,2017,11,Friday,4,7.733333333333333
6109,video,120,126,100,98,20,2,0,0,0,2017-11-17 07:05:00,2017,11,Friday,4,7.083333333333333
6110,photo,10,0,0,10,0,0,0,0,0,2017-11-17 02:54:00,2017,11,Friday,4,2.9
6111,photo,13,2,0,13,0,0,0,0,0,2017-11-17 02:18:00,2017,11,Friday,4,2.3
6112,video,13,0,0,13,0,0,0,0,0,2017-11-17 02:01:00,2017,11,Friday,4,2.0166666666666666
6113,video,173,578,153,125,47,0,0,1,0,2017-11-17 01:59:00,2017,11,Friday,4,1.9833333333333334
6114,photo,19,0,0,19,0,0,0,0,0,2017-11-17 01:43:00,2017,11,Friday,4,1.7166666666666668
6115,video,30,0,0,30,0,0,0,0,0,2017-11-17 01:05:00,2017,11,Friday,4,1.0833333333333333
6116,video,232,1045,253,149,81,0,1,0,1,2017-11-17 01:04:00,2017,11,Friday,4,1.0666666666666667
6117,photo,32,6,1,32,0,0,0,0,0,2017-11-16 08:56:00,2017,11,Thursday,3,8.933333333333334
6118,video,6,0,0,6,0,0,0,0,0,2017-11-16 08:45:00,2017,11,Thursday,3,8.75
6119,photo,15,0,1,15,0,0,0,0,0,2017-11-16 07:58:00,2017,11,Thursday,3,7.966666666666667
6120,video,9,0,0,9,0,0,0,0,0,2017-11-16 07:49:00,2017,11,Thursday,3,7.816666666666666
6121,video,0,0,0,0,0,0,0,0,0,2017-11-16 07:48:00,2017,11,Thursday,3,7.8
6122,video,241,938,282,134,102,0,5,0,0,2017-11-16 07:47:00,2017,11,Thursday,3,7.783333333333333
6123,photo,18,0,0,18,0,0,0,0,0,2017-11-16 07:24:00,2017,11,Thursday,3,7.4
6124,video,147,226,207,111,36,0,0,0,0,2017-11-16 07:09:00,2017,11,Thursday,3,7.15
6125,video,197,505,110,126,63,2,4,1,1,2017-11-16 01:58:00,2017,11,Thursday,3,1.9666666666666668
6126,photo,33,1,0,33,0,0,0,0,0,2017-11-16 01:45:00,2017,11,Thursday,3,1.75
6127,photo,18,3,0,18,0,0,0,0,0,2017-11-16 01:23:00,2017,11,Thursday,3,1.3833333333333333
6128,video,242,1153,303,180,58,2,1,0,1,2017-11-16 01:02:00,2017,11,Thursday,3,1.0333333333333334
6129,photo,15,1,0,14,1,0,0,0,0,2017-11-15 08:50:00,2017,11,Wednesday,2,8.833333333333334
6130,photo,12,1,0,12,0,0,0,0,0,2017-11-15 08:40:00,2017,11,Wednesday,2,8.666666666666666
6131,photo,13,0,0,13,0,0,0,0,0,2017-11-15 08:10:00,2017,11,Wednesday,2,8.166666666666666
6132,video,202,377,117,116,84,0,2,0,0,2017-11-15 07:54:00,2017,11,Wednesday,2,7.9
6133,photo,23,0,0,23,0,0,0,0,0,2017-11-15 07:45:00,2017,11,Wednesday,2,7.75
6134,photo,7,0,0,7,0,0,0,0,0,2017-11-15 07:35:00,2017,11,Wednesday,2,7.583333333333333
6135,photo,9,0,0,9,0,0,0,0,0,2017-11-15 07:28:00,2017,11,Wednesday,2,7.466666666666667
6136,video,24,0,0,24,0,0,0,0,0,2017-11-15 07:04:00,2017,11,Wednesday,2,7.066666666666666
6137,video,246,1035,322,191,51,1,3,0,0,2017-11-15 07:04:00,2017,11,Wednesday,2,7.066666666666666
6138,video,126,266,72,77,48,0,1,0,0,2017-11-15 02:18:00,2017,11,Wednesday,2,2.3
6139,photo,9,0,0,9,0,0,0,0,0,2017-11-15 02:09:00,2017,11,Wednesday,2,2.15
6140,photo,6,0,0,6,0,0,0,0,0,2017-11-15 02:01:00,2017,11,Wednesday,2,2.0166666666666666
6141,photo,8,0,0,7,1,0,0,0,0,2017-11-15 01:53:00,2017,11,Wednesday,2,1.8833333333333333
6142,video,22,0,0,22,0,0,0,0,0,2017-11-15 01:09:00,2017,11,Wednesday,2,1.15
6143,video,288,953,304,185,100,1,2,0,0,2017-11-15 01:08:00,2017,11,Wednesday,2,1.1333333333333333
6144,photo,14,0,0,14,0,0,0,0,0,2017-11-14 08:43:00,2017,11,Tuesday,1,8.716666666666667
6145,photo,6,0,0,6,0,0,0,0,0,2017-11-14 08:10:00,2017,11,Tuesday,1,8.166666666666666
6146,video,189,410,112,137,50,0,2,0,0,2017-11-14 07:58:00,2017,11,Tuesday,1,7.966666666666667
6147,photo,13,0,0,13,0,0,0,0,0,2017-11-14 07:52:00,2017,11,Tuesday,1,7.866666666666667
6148,photo,23,0,0,22,1,0,0,0,0,2017-11-14 07:28:00,2017,11,Tuesday,1,7.466666666666667
6149,video,22,0,0,22,0,0,0,0,0,2017-11-14 07:11:00,2017,11,Tuesday,1,7.183333333333334
6150,video,319,3053,403,213,98,4,2,2,0,2017-11-14 07:06:00,2017,11,Tuesday,1,7.1
6151,photo,11,1,2,11,0,0,0,0,0,2017-11-14 01:51:00,2017,11,Tuesday,1,1.85
6152,photo,23,0,2,23,0,0,0,0,0,2017-11-14 01:28:00,2017,11,Tuesday,1,1.4666666666666668
6153,video,412,1485,452,288,121,1,1,0,1,2017-11-14 01:06:00,2017,11,Tuesday,1,1.1
6154,video,287,916,286,165,119,0,1,1,1,2017-11-13 08:00:00,2017,11,Monday,0,8.0
6155,photo,10,0,0,10,0,0,0,0,0,2017-11-13 07:24:00,2017,11,Monday,0,7.4
6156,video,226,238,238,139,83,3,1,0,0,2017-11-13 07:07:00,2017,11,Monday,0,7.116666666666666
6157,photo,22,0,0,21,1,0,0,0,0,2017-11-13 03:00:00,2017,11,Monday,0,3.0
6158,photo,12,0,0,11,1,0,0,0,0,2017-11-13 02:38:00,2017,11,Monday,0,2.6333333333333333
6159,photo,28,5,0,28,0,0,0,0,0,2017-11-13 01:51:00,2017,11,Monday,0,1.85
6160,video,14,0,0,14,0,0,0,0,0,2017-11-13 01:15:00,2017,11,Monday,0,1.25
6161,video,394,2195,403,269,122,1,2,0,0,2017-11-13 01:07:00,2017,11,Monday,0,1.1166666666666667
6162,photo,31,2,0,31,0,0,0,0,0,2017-11-12 03:11:00,2017,11,Sunday,6,3.183333333333333
6163,photo,18,1,0,17,1,0,0,0,0,2017-11-12 03:10:00,2017,11,Sunday,6,3.1666666666666665
6164,photo,4,0,0,4,0,0,0,0,0,2017-11-12 03:10:00,2017,11,Sunday,6,3.1666666666666665
6165,video,115,179,64,89,25,1,0,0,0,2017-11-12 02:59:00,2017,11,Sunday,6,2.9833333333333334
6166,video,27,0,0,27,0,0,0,0,0,2017-11-12 01:20:00,2017,11,Sunday,6,1.3333333333333333
6167,video,370,1049,300,269,94,2,5,0,0,2017-11-12 01:13:00,2017,11,Sunday,6,1.2166666666666668
6168,video,165,296,100,89,74,0,2,0,0,2017-11-11 08:20:00,2017,11,Saturday,5,8.333333333333334
6169,photo,13,1,0,13,0,0,0,0,0,2017-11-11 07:46:00,2017,11,Saturday,5,7.766666666666667
6170,video,376,20,3,354,19,3,0,0,0,2018-06-10 03:43:00,2018,6,Sunday,6,3.716666666666667
6171,photo,255,7,4,249,6,0,0,0,0,2018-06-09 22:53:00,2018,6,Saturday,5,22.883333333333333
6172,photo,1704,21,3,1685,15,2,2,0,0,2018-06-07 07:01:00,2018,6,Thursday,3,7.016666666666667
6173,status,205,39,4,197,4,4,0,0,0,2018-06-06 02:20:00,2018,6,Wednesday,2,2.3333333333333335
6174,photo,336,42,2,285,5,0,0,46,0,2018-06-04 06:57:00,2018,6,Monday,0,6.95
6175,status,111,2,1,110,1,0,0,0,0,2018-06-01 00:35:00,2018,6,Friday,4,0.5833333333333334
6176,photo,357,18,9,352,3,1,1,0,0,2018-05-30 06:33:00,2018,5,Wednesday,2,6.55
6177,photo,114,7,0,109,3,2,0,0,0,2018-05-30 02:39:00,2018,5,Wednesday,2,2.65
6178,status,133,7,1,127,6,0,0,0,0,2018-05-29 04:39:00,2018,5,Tuesday,1,4.65
6179,photo,532,32,4,480,47,5,0,0,0,2018-05-27 01:31:00,2018,5,Sunday,6,1.5166666666666666
6180,status,231,16,2,216,3,0,0,12,0,2018-05-26 08:08:00,2018,5,Saturday,5,8.133333333333333
6181,photo,684,38,14,676,7,0,1,0,0,2018-05-25 07:56:00,2018,5,Friday,4,7.933333333333334
6182,photo,1627,30,3,1607,17,3,0,0,0,2018-05-23 01:10:00,2018,5,Wednesday,2,1.1666666666666667
6183,photo,791,34,2,770,16,5,0,0,0,2018-05-20 06:18:00,2018,5,Sunday,6,6.3
6184,photo,1404,39,5,1390,12,1,1,0,0,2018-05-17 20:00:00,2018,5,Thursday,3,20.0
6185,photo,824,106,6,810,10,4,0,0,0,2018-05-12 01:57:00,2018,5,Saturday,5,1.95
6186,status,295,18,0,288,4,0,0,3,0,2018-05-11 03:23:00,2018,5,Friday,4,3.3833333333333333
6187,photo,1957,124,10,1908,27,21,1,0,0,2018-05-09 08:45:00,2018,5,Wednesday,2,8.75
6188,photo,1730,161,4,1710,12,8,0,0,0,2018-05-05 11:20:00,2018,5,Saturday,5,11.333333333333334
6189,photo,1655,47,4,1632,9,13,1,0,0,2018-05-03 23:57:00,2018,5,Thursday,3,23.95
6190,status,237,67,1,233,3,1,0,0,0,2018-04-30 06:20:00,2018,4,Monday,0,6.333333333333333
6191,photo,360,22,10,347,2,5,0,6,0,2018-04-27 23:27:00,2018,4,Friday,4,23.45
6192,photo,2635,308,11,2605,19,11,0,0,0,2018-04-26 19:00:00,2018,4,Thursday,3,19.0
6193,photo,324,45,3,280,0,17,1,19,7,2018-04-23 07:26:00,2018,4,Monday,0,7.433333333333334
6194,photo,1271,94,9,1249,11,8,2,1,0,2018-04-20 03:16:00,2018,4,Friday,4,3.2666666666666666
6195,photo,851,100,11,834,5,10,2,0,0,2018-04-19 07:05:00,2018,4,Thursday,3,7.083333333333333
6196,photo,1992,36,1,1969,16,7,0,0,0,2018-04-12 03:42:00,2018,4,Thursday,3,3.7
6197,photo,4315,24,3,4241,51,19,4,0,0,2018-04-11 03:43:00,2018,4,Wednesday,2,3.716666666666667
6198,photo,4114,104,3,4054,36,23,0,1,0,2018-04-09 10:49:00,2018,4,Monday,0,10.816666666666666
6199,photo,95,3,2,90,2,3,0,0,0,2018-04-08 22:50:00,2018,4,Sunday,6,22.833333333333332
6200,photo,111,9,2,107,1,2,1,0,0,2018-04-08 01:08:00,2018,4,Sunday,6,1.1333333333333333
6201,photo,796,143,9,791,5,0,0,0,0,2018-04-07 03:23:00,2018,4,Saturday,5,3.3833333333333333
6202,photo,508,12,3,499,8,0,1,0,0,2018-04-06 16:34:00,2018,4,Friday,4,16.566666666666666
6203,photo,2506,287,28,2483,9,12,2,0,0,2018-04-05 10:47:00,2018,4,Thursday,3,10.783333333333333
6204,photo,251,29,5,228,0,3,0,1,19,2018-04-04 02:20:00,2018,4,Wednesday,2,2.3333333333333335
6205,photo,1244,218,9,1226,5,12,1,0,0,2018-04-02 10:16:00,2018,4,Monday,0,10.266666666666667
6206,photo,75,2,0,71,3,0,1,0,0,2018-04-02 07:33:00,2018,4,Monday,0,7.55
6207,photo,867,90,11,858,1,7,0,0,1,2018-04-01 05:47:00,2018,4,Sunday,6,5.783333333333333
6208,photo,87,5,2,79,3,5,0,0,0,2018-04-01 04:32:00,2018,4,Sunday,6,4.533333333333333
6209,photo,614,78,15,599,7,8,0,0,0,2018-03-29 13:54:00,2018,3,Thursday,3,13.9
6210,photo,2420,75,17,2392,20,8,0,0,0,2018-03-29 08:23:00,2018,3,Thursday,3,8.383333333333333
6211,photo,86,5,3,80,2,4,0,0,0,2018-03-26 01:57:00,2018,3,Monday,0,1.95
6212,photo,488,20,8,484,4,0,0,0,0,2018-03-25 04:43:00,2018,3,Sunday,6,4.716666666666667
6213,photo,157,16,3,145,1,11,0,0,0,2018-03-24 23:51:00,2018,3,Saturday,5,23.85
6214,photo,547,71,7,535,6,6,0,0,0,2018-03-23 15:53:00,2018,3,Friday,4,15.883333333333333
6215,photo,1168,104,49,1133,17,17,1,0,0,2018-03-22 06:10:00,2018,3,Thursday,3,6.166666666666667
6216,photo,879,165,18,867,4,8,0,0,0,2018-03-22 03:48:00,2018,3,Thursday,3,3.8
6217,photo,114,6,1,108,3,3,0,0,0,2018-03-21 01:15:00,2018,3,Wednesday,2,1.25
6218,photo,186,15,1,172,3,11,0,0,0,2018-03-20 01:54:00,2018,3,Tuesday,1,1.9
6219,photo,1985,39,21,1961,11,12,0,1,0,2018-03-18 04:28:00,2018,3,Sunday,6,4.466666666666667
6220,photo,985,71,42,962,5,16,2,0,0,2018-03-16 01:57:00,2018,3,Friday,4,1.95
6221,video,376,20,3,354,19,3,0,0,0,2018-06-10 03:43:00,2018,6,Sunday,6,3.716666666666667
6222,photo,255,7,4,249,6,0,0,0,0,2018-06-09 22:53:00,2018,6,Saturday,5,22.883333333333333
6223,photo,1704,21,3,1685,15,2,2,0,0,2018-06-07 07:01:00,2018,6,Thursday,3,7.016666666666667
6224,status,205,39,4,197,4,4,0,0,0,2018-06-06 02:20:00,2018,6,Wednesday,2,2.3333333333333335
6225,photo,336,42,2,285,5,0,0,46,0,2018-06-04 06:57:00,2018,6,Monday,0,6.95
6226,status,111,2,1,110,1,0,0,0,0,2018-06-01 00:35:00,2018,6,Friday,4,0.5833333333333334
6227,photo,357,18,9,352,3,1,1,0,0,2018-05-30 06:33:00,2018,5,Wednesday,2,6.55
6228,photo,114,7,0,109,3,2,0,0,0,2018-05-30 02:39:00,2018,5,Wednesday,2,2.65
6229,status,133,7,1,127,6,0,0,0,0,2018-05-29 04:39:00,2018,5,Tuesday,1,4.65
6230,photo,532,32,4,480,47,5,0,0,0,2018-05-27 01:31:00,2018,5,Sunday,6,1.5166666666666666
6231,status,231,16,2,216,3,0,0,12,0,2018-05-26 08:08:00,2018,5,Saturday,5,8.133333333333333
6232,photo,684,38,14,676,7,0,1,0,0,2018-05-25 07:56:00,2018,5,Friday,4,7.933333333333334
6233,photo,1627,30,3,1607,17,3,0,0,0,2018-05-23 01:10:00,2018,5,Wednesday,2,1.1666666666666667
6234,photo,791,34,2,770,16,5,0,0,0,2018-05-20 06:18:00,2018,5,Sunday,6,6.3
6235,photo,1404,39,5,1390,12,1,1,0,0,2018-05-17 20:00:00,2018,5,Thursday,3,20.0
6236,photo,824,106,6,810,10,4,0,0,0,2018-05-12 01:57:00,2018,5,Saturday,5,1.95
6237,status,295,18,0,288,4,0,0,3,0,2018-05-11 03:23:00,2018,5,Friday,4,3.3833333333333333
6238,photo,1957,124,10,1908,27,21,1,0,0,2018-05-09 08:45:00,2018,5,Wednesday,2,8.75
6239,photo,1730,161,4,1710,12,8,0,0,0,2018-05-05 11:20:00,2018,5,Saturday,5,11.333333333333334
6240,photo,1655,47,4,1632,9,13,1,0,0,2018-05-03 23:57:00,2018,5,Thursday,3,23.95
6241,status,237,67,1,233,3,1,0,0,0,2018-04-30 06:20:00,2018,4,Monday,0,6.333333333333333
6242,photo,360,22,10,347,2,5,0,6,0,2018-04-27 23:27:00,2018,4,Friday,4,23.45
6243,photo,2635,308,11,2605,19,11,0,0,0,2018-04-26 19:00:00,2018,4,Thursday,3,19.0
6244,photo,324,45,3,280,0,17,1,19,7,2018-04-23 07:26:00,2018,4,Monday,0,7.433333333333334
6245,photo,1271,94,9,1249,11,8,2,1,0,2018-04-20 03:16:00,2018,4,Friday,4,3.2666666666666666
6246,photo,851,100,11,834,5,10,2,0,0,2018-04-19 07:05:00,2018,4,Thursday,3,7.083333333333333
6247,photo,1992,36,1,1969,16,7,0,0,0,2018-04-12 03:42:00,2018,4,Thursday,3,3.7
6248,photo,4315,24,3,4241,51,19,4,0,0,2018-04-11 03:43:00,2018,4,Wednesday,2,3.716666666666667
6249,photo,4114,104,3,4054,36,23,0,1,0,2018-04-09 10:49:00,2018,4,Monday,0,10.816666666666666
6250,photo,95,3,2,90,2,3,0,0,0,2018-04-08 22:50:00,2018,4,Sunday,6,22.833333333333332
6251,photo,111,9,2,107,1,2,1,0,0,2018-04-08 01:08:00,2018,4,Sunday,6,1.1333333333333333
6252,photo,796,143,9,791,5,0,0,0,0,2018-04-07 03:23:00,2018,4,Saturday,5,3.3833333333333333
6253,photo,508,12,3,499,8,0,1,0,0,2018-04-06 16:34:00,2018,4,Friday,4,16.566666666666666
6254,photo,2506,287,28,2483,9,12,2,0,0,2018-04-05 10:47:00,2018,4,Thursday,3,10.783333333333333
6255,photo,251,29,5,228,0,3,0,1,19,2018-04-04 02:20:00,2018,4,Wednesday,2,2.3333333333333335
6256,photo,1244,218,9,1226,5,12,1,0,0,2018-04-02 10:16:00,2018,4,Monday,0,10.266666666666667
6257,photo,75,2,0,71,3,0,1,0,0,2018-04-02 07:33:00,2018,4,Monday,0,7.55
6258,photo,867,90,11,858,1,7,0,0,1,2018-04-01 05:47:00,2018,4,Sunday,6,5.783333333333333
6259,photo,87,5,2,79,3,5,0,0,0,2018-04-01 04:32:00,2018,4,Sunday,6,4.533333333333333
6260,photo,614,78,15,599,7,8,0,0,0,2018-03-29 13:54:00,2018,3,Thursday,3,13.9
6261,photo,2420,75,17,2392,20,8,0,0,0,2018-03-29 08:23:00,2018,3,Thursday,3,8.383333333333333
6262,photo,86,5,3,80,2,4,0,0,0,2018-03-26 01:57:00,2018,3,Monday,0,1.95
6263,photo,488,20,8,484,4,0,0,0,0,2018-03-25 04:43:00,2018,3,Sunday,6,4.716666666666667
6264,photo,157,16,3,145,1,11,0,0,0,2018-03-24 23:51:00,2018,3,Saturday,5,23.85
6265,photo,547,71,7,535,6,6,0,0,0,2018-03-23 15:53:00,2018,3,Friday,4,15.883333333333333
6266,photo,1168,104,49,1133,17,17,1,0,0,2018-03-22 06:10:00,2018,3,Thursday,3,6.166666666666667
6267,photo,879,165,18,867,4,8,0,0,0,2018-03-22 03:48:00,2018,3,Thursday,3,3.8
6268,photo,114,6,1,108,3,3,0,0,0,2018-03-21 01:15:00,2018,3,Wednesday,2,1.25
6269,photo,186,15,1,172,3,11,0,0,0,2018-03-20 01:54:00,2018,3,Tuesday,1,1.9
6270,photo,1985,39,21,1961,11,12,0,1,0,2018-03-18 04:28:00,2018,3,Sunday,6,4.466666666666667
6271,photo,985,71,42,962,5,16,2,0,0,2018-03-16 01:57:00,2018,3,Friday,4,1.95
6272,photo,1918,1,10,1917,0,1,0,0,0,2018-06-11 11:51:00,2018,6,Monday,0,11.85
6273,video,151,2365,306,118,29,0,3,1,0,2018-06-10 09:33:00,2018,6,Sunday,6,9.55
6274,link,3,0,0,3,0,0,0,0,0,2018-06-10 08:49:00,2018,6,Sunday,6,8.816666666666666
6275,video,3,0,1,3,0,0,0,0,0,2018-06-10 06:54:00,2018,6,Sunday,6,6.9
6276,video,205,1476,500,149,49,3,2,2,0,2018-06-10 04:55:00,2018,6,Sunday,6,4.916666666666667
6277,photo,123,110,7,113,9,1,0,0,0,2018-06-10 01:12:00,2018,6,Sunday,6,1.2
6278,photo,69,8,0,60,0,2,0,1,6,2018-06-07 23:52:00,2018,6,Thursday,3,23.866666666666667
6279,video,130,1051,157,82,46,0,2,0,0,2018-06-07 10:38:00,2018,6,Thursday,3,10.633333333333333
6280,status,5,0,0,5,0,0,0,0,0,2018-06-07 09:19:00,2018,6,Thursday,3,9.316666666666666
6281,video,126,1641,196,81,42,2,1,0,0,2018-06-07 06:35:00,2018,6,Thursday,3,6.583333333333333
6282,video,124,844,183,84,39,1,0,0,0,2018-06-07 04:44:00,2018,6,Thursday,3,4.733333333333333
6283,video,34,4,0,32,0,2,0,0,0,2018-06-07 04:06:00,2018,6,Thursday,3,4.1
6284,photo,29,0,0,29,0,0,0,0,0,2018-06-07 00:06:00,2018,6,Thursday,3,0.1
6285,photo,18,0,0,18,0,0,0,0,0,2018-06-07 00:04:00,2018,6,Thursday,3,0.06666666666666667
6286,video,192,1949,321,89,99,1,3,0,0,2018-06-05 08:23:00,2018,6,Tuesday,1,8.383333333333333
6287,video,393,1529,292,307,80,3,1,2,0,2018-06-05 04:50:00,2018,6,Tuesday,1,4.833333333333333
6288,video,196,2904,618,139,46,1,5,4,1,2018-06-02 07:54:00,2018,6,Saturday,5,7.9
6289,photo,144,6,16,119,0,3,22,0,0,2018-05-31 04:49:00,2018,5,Thursday,3,4.816666666666666
6290,link,8,0,1,8,0,0,0,0,0,2018-05-30 12:04:00,2018,5,Wednesday,2,12.066666666666666
6291,video,379,5491,466,190,161,5,20,2,1,2018-05-30 09:13:00,2018,5,Wednesday,2,9.216666666666667
6292,photo,48,1,2,48,0,0,0,0,0,2018-05-30 04:52:00,2018,5,Wednesday,2,4.866666666666667
6293,photo,44,1,0,39,0,4,1,0,0,2018-05-30 04:08:00,2018,5,Wednesday,2,4.133333333333334
6294,photo,44,7,0,43,0,0,0,0,1,2018-05-29 04:46:00,2018,5,Tuesday,1,4.766666666666667
6295,video,382,3035,528,205,155,2,17,3,0,2018-05-28 09:34:00,2018,5,Monday,0,9.566666666666666
6296,video,1302,4066,372,1171,117,0,12,1,1,2018-05-28 06:15:00,2018,5,Monday,0,6.25
6297,video,1228,6,1,1225,0,0,3,0,0,2018-05-28 05:22:00,2018,5,Monday,0,5.366666666666666
6298,link,6,0,2,6,0,0,0,0,0,2018-05-27 23:46:00,2018,5,Sunday,6,23.766666666666666
6299,video,185,1835,312,116,54,1,14,0,0,2018-05-26 08:51:00,2018,5,Saturday,5,8.85
6300,video,261,3456,565,127,106,3,22,2,1,2018-05-26 05:23:00,2018,5,Saturday,5,5.383333333333334
6301,video,36,5,0,34,2,0,0,0,0,2018-05-25 05:06:00,2018,5,Friday,4,5.1
6302,status,52,1,1,51,0,1,0,0,0,2018-05-25 03:20:00,2018,5,Friday,4,3.3333333333333335
6303,video,192,1446,389,106,54,1,29,2,0,2018-05-24 08:06:00,2018,5,Thursday,3,8.1
6304,video,236,2842,431,114,109,1,9,2,1,2018-05-24 04:11:00,2018,5,Thursday,3,4.183333333333334
6305,video,144,545,65,114,18,0,10,2,0,2018-05-23 02:19:00,2018,5,Wednesday,2,2.3166666666666664
6306,photo,45,0,0,39,0,0,3,0,3,2018-05-23 00:36:00,2018,5,Wednesday,2,0.6
6307,video,292,3779,256,165,91,2,33,1,0,2018-05-22 10:48:00,2018,5,Tuesday,1,10.8
6308,video,416,5352,580,204,194,3,13,1,1,2018-05-22 08:41:00,2018,5,Tuesday,1,8.683333333333334
6309,photo,26,1,0,22,0,0,0,0,4,2018-05-22 07:01:00,2018,5,Tuesday,1,7.016666666666667
6310,photo,72,29,0,70,2,0,0,0,0,2018-05-22 04:20:00,2018,5,Tuesday,1,4.333333333333333
6311,video,370,6316,633,182,166,2,17,3,0,2018-05-19 09:14:00,2018,5,Saturday,5,9.233333333333333
6312,video,216,4068,512,157,54,2,3,0,0,2018-05-19 07:21:00,2018,5,Saturday,5,7.35
6313,photo,62,11,1,61,1,0,0,0,0,2018-05-19 06:18:00,2018,5,Saturday,5,6.3
6314,photo,51,7,0,48,0,1,0,0,2,2018-05-19 05:22:00,2018,5,Saturday,5,5.366666666666666
6315,photo,54,0,0,45,0,5,0,0,4,2018-05-18 02:23:00,2018,5,Friday,4,2.3833333333333333
6316,video,267,2606,269,227,26,4,7,3,0,2018-05-17 09:12:00,2018,5,Thursday,3,9.2
6317,video,408,3994,560,336,64,0,6,1,1,2018-05-17 06:23:00,2018,5,Thursday,3,6.383333333333334
6318,photo,78,36,5,75,1,2,0,0,0,2018-05-17 05:38:00,2018,5,Thursday,3,5.633333333333333
6319,photo,38,0,0,35,1,2,0,0,0,2018-05-17 01:33:00,2018,5,Thursday,3,1.55
6320,photo,43,7,1,40,1,2,0,0,0,2018-05-16 10:49:00,2018,5,Wednesday,2,10.816666666666666
6321,video,180,2176,314,142,33,4,0,0,1,2018-05-15 10:11:00,2018,5,Tuesday,1,10.183333333333334
6322,video,188,2099,388,152,34,0,1,0,1,2018-05-15 09:27:00,2018,5,Tuesday,1,9.45
6323,photo,37,0,0,37,0,0,0,0,0,2018-05-13 22:01:00,2018,5,Sunday,6,22.016666666666666
6324,photo,72,1,0,72,0,0,0,0,0,2018-05-13 03:01:00,2018,5,Sunday,6,3.0166666666666666
6325,link,12,0,0,12,0,0,0,0,0,2018-05-11 11:38:00,2018,5,Friday,4,11.633333333333333
6326,video,146,1569,316,89,49,0,4,3,1,2018-05-11 10:13:00,2018,5,Friday,4,10.216666666666667
6327,video,249,2609,572,207,24,12,6,0,0,2018-05-11 08:29:00,2018,5,Friday,4,8.483333333333333
6328,video,218,3000,353,152,58,4,4,0,0,2018-05-10 10:49:00,2018,5,Thursday,3,10.816666666666666
6329,photo,21,2,0,19,0,1,1,0,0,2018-05-09 10:15:00,2018,5,Wednesday,2,10.25
6330,photo,133,28,0,127,6,0,0,0,0,2018-05-09 09:35:00,2018,5,Wednesday,2,9.583333333333334
6331,photo,127,56,60,125,1,0,1,0,0,2018-05-06 23:46:00,2018,5,Sunday,6,23.766666666666666
6332,photo,30,0,0,29,0,1,0,0,0,2018-05-06 02:10:00,2018,5,Sunday,6,2.1666666666666665
6333,status,22,0,0,22,0,0,0,0,0,2018-05-06 00:10:00,2018,5,Sunday,6,0.16666666666666666
6334,status,31,0,0,31,0,0,0,0,0,2018-05-05 11:57:00,2018,5,Saturday,5,11.95
6335,video,236,5237,526,138,97,1,0,0,0,2018-05-05 08:45:00,2018,5,Saturday,5,8.75
6336,photo,97,104,3,95,2,0,0,0,0,2018-05-05 04:21:00,2018,5,Saturday,5,4.35
6337,video,197,1875,624,146,47,1,2,0,1,2018-05-05 02:29:00,2018,5,Saturday,5,2.4833333333333334
6338,photo,34,8,0,33,1,0,0,0,0,2018-05-05 02:21:00,2018,5,Saturday,5,2.35
6339,link,12,7,7,12,0,0,0,0,0,2018-05-04 01:27:00,2018,5,Friday,4,1.45
6340,photo,63,21,1,62,1,0,0,0,0,2018-05-03 01:15:00,2018,5,Thursday,3,1.25
6341,photo,218,105,153,212,2,4,0,0,0,2018-05-02 12:17:00,2018,5,Wednesday,2,12.283333333333333
6342,video,246,2373,475,108,130,5,2,1,0,2018-05-01 08:38:00,2018,5,Tuesday,1,8.633333333333333
6343,photo,34,5,0,33,1,0,0,0,0,2018-05-01 01:18:00,2018,5,Tuesday,1,1.3
6344,video,51,80,15,45,5,1,0,0,0,2018-04-30 07:58:00,2018,4,Monday,0,7.966666666666667
6345,photo,122,71,65,117,5,0,0,0,0,2018-04-29 11:13:00,2018,4,Sunday,6,11.216666666666667
6346,photo,39,4,0,35,4,0,0,0,0,2018-04-29 08:40:00,2018,4,Sunday,6,8.666666666666666
6347,photo,27,0,0,24,1,2,0,0,0,2018-04-29 07:59:00,2018,4,Sunday,6,7.983333333333333
6348,photo,50,20,6,47,3,0,0,0,0,2018-04-29 07:30:00,2018,4,Sunday,6,7.5
6349,photo,123,166,16,114,9,0,0,0,0,2018-04-28 11:18:00,2018,4,Saturday,5,11.3
6350,video,256,1435,429,217,34,4,0,1,0,2018-04-27 08:52:00,2018,4,Friday,4,8.866666666666667
6351,photo,93,54,0,91,2,0,0,0,0,2018-04-27 06:44:00,2018,4,Friday,4,6.733333333333333
6352,photo,123,25,28,123,0,0,0,0,0,2018-04-26 06:20:00,2018,4,Thursday,3,6.333333333333333
6353,status,98,5,0,87,2,5,4,0,0,2018-04-25 05:16:00,2018,4,Wednesday,2,5.266666666666667
6354,photo,51,1,4,47,3,1,0,0,0,2018-04-23 09:12:00,2018,4,Monday,0,9.2
6355,video,58,2,0,55,1,0,2,0,0,2018-04-23 06:56:00,2018,4,Monday,0,6.933333333333334
6356,photo,47,16,0,46,1,0,0,0,0,2018-04-22 08:32:00,2018,4,Sunday,6,8.533333333333333
6357,video,16,3,0,15,1,0,0,0,0,2018-04-22 07:09:00,2018,4,Sunday,6,7.15
6358,video,22,11,1,20,1,1,0,0,0,2018-04-22 06:46:00,2018,4,Sunday,6,6.766666666666667
6359,photo,16,0,1,16,0,0,0,0,0,2018-04-22 01:41:00,2018,4,Sunday,6,1.6833333333333333
6360,photo,374,6,17,366,2,6,0,0,0,2018-04-22 01:38:00,2018,4,Sunday,6,1.6333333333333333
6361,photo,61,2,0,57,3,1,0,0,0,2018-04-22 01:07:00,2018,4,Sunday,6,1.1166666666666667
6362,photo,42,0,1,40,1,0,1,0,0,2018-04-22 00:41:00,2018,4,Sunday,6,0.6833333333333333
6363,photo,37,0,0,34,1,2,0,0,0,2018-04-21 07:35:00,2018,4,Saturday,5,7.583333333333333
6364,video,75,28,0,58,16,1,0,0,0,2018-04-20 22:28:00,2018,4,Friday,4,22.466666666666665
6365,photo,96,25,0,88,3,5,0,0,0,2018-04-20 21:47:00,2018,4,Friday,4,21.783333333333335
6366,video,55,83,1,52,1,0,2,0,0,2018-04-20 12:39:00,2018,4,Friday,4,12.65
6367,video,156,1970,292,103,40,3,8,1,1,2018-04-17 04:52:00,2018,4,Tuesday,1,4.866666666666667
6368,photo,15,0,0,15,0,0,0,0,0,2018-04-17 04:46:00,2018,4,Tuesday,1,4.766666666666667
6369,video,281,2113,581,197,77,2,3,2,0,2018-04-17 02:37:00,2018,4,Tuesday,1,2.6166666666666667
6370,video,110,566,238,103,5,0,1,0,1,2018-04-16 03:38:00,2018,4,Monday,0,3.6333333333333333
6371,video,239,2574,419,140,95,1,2,1,0,2018-04-16 02:07:00,2018,4,Monday,0,2.1166666666666667
6372,photo,105,96,7,101,2,2,0,0,0,2018-04-15 23:28:00,2018,4,Sunday,6,23.466666666666665
6373,photo,18,0,0,17,0,1,0,0,0,2018-04-15 04:12:00,2018,4,Sunday,6,4.2
6374,video,44,18,0,41,3,0,0,0,0,2018-04-15 03:55:00,2018,4,Sunday,6,3.9166666666666665
6375,photo,19,6,1,14,4,1,0,0,0,2018-04-15 03:47:00,2018,4,Sunday,6,3.783333333333333
6376,photo,51,4,0,48,1,2,0,0,0,2018-04-11 01:52:00,2018,4,Wednesday,2,1.8666666666666667
6377,video,67,276,34,57,7,0,3,0,0,2018-04-10 11:57:00,2018,4,Tuesday,1,11.95
6378,photo,30,2,0,30,0,0,0,0,0,2018-04-10 11:35:00,2018,4,Tuesday,1,11.583333333333334
6379,video,155,851,153,76,78,1,0,0,0,2018-04-10 10:18:00,2018,4,Tuesday,1,10.3
6380,video,266,2068,453,198,62,2,3,0,1,2018-04-10 08:11:00,2018,4,Tuesday,1,8.183333333333334
6381,video,31,1,0,29,2,0,0,0,0,2018-04-10 07:02:00,2018,4,Tuesday,1,7.033333333333333
6382,photo,225,32,17,221,3,0,1,0,0,2018-04-10 06:05:00,2018,4,Tuesday,1,6.083333333333333
6383,photo,63,23,1,63,0,0,0,0,0,2018-04-09 22:28:00,2018,4,Monday,0,22.466666666666665
6384,link,4,0,0,4,0,0,0,0,0,2018-04-08 11:28:00,2018,4,Sunday,6,11.466666666666667
6385,video,225,1660,355,189,31,1,4,0,0,2018-04-08 09:41:00,2018,4,Sunday,6,9.683333333333334
6386,video,154,1138,408,128,25,1,0,0,0,2018-04-08 08:47:00,2018,4,Sunday,6,8.783333333333333
6387,photo,35,3,0,34,1,0,0,0,0,2018-04-08 06:38:00,2018,4,Sunday,6,6.633333333333333
6388,video,236,2719,472,184,47,1,3,0,1,2018-04-08 01:43:00,2018,4,Sunday,6,1.7166666666666668
6389,photo,166,102,0,165,1,0,0,0,0,2018-04-07 21:47:00,2018,4,Saturday,5,21.783333333333335
6390,photo,32,28,0,31,1,0,0,0,0,2018-04-07 21:43:00,2018,4,Saturday,5,21.716666666666665
6391,photo,26,0,0,26,0,0,0,0,0,2018-04-06 21:05:00,2018,4,Friday,4,21.083333333333332
6392,video,96,1084,266,80,13,2,0,1,0,2018-04-06 02:37:00,2018,4,Friday,4,2.6166666666666667
6393,photo,91,54,1,89,2,0,0,0,0,2018-04-04 23:35:00,2018,4,Wednesday,2,23.583333333333332
6394,photo,62,1,0,62,0,0,0,0,0,2018-04-04 06:17:00,2018,4,Wednesday,2,6.283333333333333
6395,photo,49,8,0,40,0,5,0,0,4,2018-04-03 13:09:00,2018,4,Tuesday,1,13.15
6396,photo,13,2,0,11,0,2,0,0,0,2018-04-03 12:36:00,2018,4,Tuesday,1,12.6
6397,video,237,3958,336,166,65,2,3,1,0,2018-04-03 10:43:00,2018,4,Tuesday,1,10.716666666666667
6398,video,235,2685,440,188,38,1,3,4,1,2018-04-03 09:27:00,2018,4,Tuesday,1,9.45
6399,photo,45,27,1,43,1,1,0,0,0,2018-04-03 07:41:00,2018,4,Tuesday,1,7.683333333333334
6400,photo,47,4,0,39,0,0,0,0,8,2018-04-03 05:57:00,2018,4,Tuesday,1,5.95
6401,link,8,0,0,8,0,0,0,0,0,2018-04-01 12:34:00,2018,4,Sunday,6,12.566666666666666
6402,video,364,4845,603,239,109,1,8,5,2,2018-04-01 10:08:00,2018,4,Sunday,6,10.133333333333333
6403,photo,84,54,0,84,0,0,0,0,0,2018-04-01 05:07:00,2018,4,Sunday,6,5.116666666666666
6404,video,212,1957,363,147,64,1,0,0,0,2018-04-01 03:33:00,2018,4,Sunday,6,3.55
6405,photo,73,34,0,71,0,1,1,0,0,2018-03-30 23:20:00,2018,3,Friday,4,23.333333333333332
6406,photo,195,195,2,193,0,0,2,0,0,2018-03-30 10:48:00,2018,3,Friday,4,10.8
6407,status,68,2,0,66,2,0,0,0,0,2018-03-28 01:44:00,2018,3,Wednesday,2,1.7333333333333334
6408,photo,43,0,20,42,1,0,0,0,0,2018-03-27 22:01:00,2018,3,Tuesday,1,22.016666666666666
6409,link,9,1,0,9,0,0,0,0,0,2018-03-27 12:28:00,2018,3,Tuesday,1,12.466666666666667
6410,video,122,524,100,101,21,0,0,0,0,2018-03-27 11:21:00,2018,3,Tuesday,1,11.35
6411,video,265,2744,897,197,63,1,4,0,0,2018-03-27 09:22:00,2018,3,Tuesday,1,9.366666666666667
6412,photo,196,116,120,187,7,2,0,0,0,2018-03-26 06:09:00,2018,3,Monday,0,6.15
6413,photo,116,65,0,116,0,0,0,0,0,2018-03-25 23:58:00,2018,3,Sunday,6,23.966666666666665
6414,video,288,2555,484,230,52,0,4,2,0,2018-03-22 11:23:00,2018,3,Thursday,3,11.383333333333333
6415,photo,59,21,0,57,1,1,0,0,0,2018-03-22 07:16:00,2018,3,Thursday,3,7.266666666666667
6416,link,9,4,0,9,0,0,0,0,0,2018-03-22 06:51:00,2018,3,Thursday,3,6.85
6417,video,467,2948,496,295,161,2,4,4,1,2018-03-22 03:53:00,2018,3,Thursday,3,3.8833333333333333
6418,photo,106,78,2,96,3,2,5,0,0,2018-03-21 06:22:00,2018,3,Wednesday,2,6.366666666666666
6419,photo,136,126,0,136,0,0,0,0,0,2018-03-21 00:43:00,2018,3,Wednesday,2,0.7166666666666667
6420,photo,92,47,0,90,1,1,0,0,0,2018-03-20 23:08:00,2018,3,Tuesday,1,23.133333333333333
6421,photo,45,0,0,42,1,2,0,0,0,2018-03-19 21:24:00,2018,3,Monday,0,21.4
6422,video,23,1,1,22,0,1,0,0,0,2018-03-19 07:31:00,2018,3,Monday,0,7.516666666666667
6423,video,27,2,0,24,0,0,3,0,0,2018-03-17 07:55:00,2018,3,Saturday,5,7.916666666666667
6424,status,31,3,0,31,0,0,0,0,0,2018-03-16 22:01:00,2018,3,Friday,4,22.016666666666666
6425,link,6,0,0,6,0,0,0,0,0,2018-03-16 15:20:00,2018,3,Friday,4,15.333333333333334
6426,video,371,3789,462,267,95,1,5,3,0,2018-03-16 12:07:00,2018,3,Friday,4,12.116666666666667
6427,photo,84,13,1,78,1,5,0,0,0,2018-03-16 09:40:00,2018,3,Friday,4,9.666666666666666
6428,video,32,0,1,32,0,0,0,0,0,2018-03-16 02:39:00,2018,3,Friday,4,2.65
6429,video,192,2339,452,159,30,2,1,0,0,2018-03-16 02:33:00,2018,3,Friday,4,2.55
6430,photo,157,118,2,150,4,3,0,0,0,2018-03-15 05:36:00,2018,3,Thursday,3,5.6
6431,status,55,2,0,49,1,1,0,4,0,2018-03-13 10:15:00,2018,3,Tuesday,1,10.25
6432,video,25,0,4,25,0,0,0,0,0,2018-03-12 07:12:00,2018,3,Monday,0,7.2
6433,video,320,3584,554,256,55,4,2,1,2,2018-03-12 07:09:00,2018,3,Monday,0,7.15
6434,photo,35,0,0,35,0,0,0,0,0,2018-03-12 03:58:00,2018,3,Monday,0,3.966666666666667
6435,photo,107,65,0,104,2,0,0,1,0,2018-03-11 04:27:00,2018,3,Sunday,6,4.45
6436,status,67,29,0,67,0,0,0,0,0,2018-03-07 23:57:00,2018,3,Wednesday,2,23.95
6437,photo,250,212,0,248,2,0,0,0,0,2018-03-07 03:08:00,2018,3,Wednesday,2,3.1333333333333333
6438,status,59,0,0,57,0,2,0,0,0,2018-03-06 10:18:00,2018,3,Tuesday,1,10.3
6439,photo,80,8,0,77,1,2,0,0,0,2018-03-06 02:33:00,2018,3,Tuesday,1,2.55
6440,photo,42,3,0,39,0,0,0,0,3,2018-03-06 01:05:00,2018,3,Tuesday,1,1.0833333333333333
6441,photo,101,80,24,98,3,0,0,0,0,2018-03-05 11:03:00,2018,3,Monday,0,11.05
6442,photo,43,0,7,37,0,4,2,0,0,2018-03-05 10:37:00,2018,3,Monday,0,10.616666666666667
6443,link,8,0,0,8,0,0,0,0,0,2018-03-04 13:00:00,2018,3,Sunday,6,13.0
6444,photo,60,38,0,60,0,0,0,0,0,2018-03-04 02:37:00,2018,3,Sunday,6,2.6166666666666667
6445,photo,27,3,0,26,0,1,0,0,0,2018-03-02 14:56:00,2018,3,Friday,4,14.933333333333334
6446,status,101,18,1,94,1,5,0,1,0,2018-03-02 05:20:00,2018,3,Friday,4,5.333333333333333
6447,photo,128,11,0,101,1,1,25,0,0,2018-02-28 10:22:00,2018,2,Wednesday,2,10.366666666666667
6448,video,576,10186,793,336,214,4,14,8,0,2018-02-27 10:29:00,2018,2,Tuesday,1,10.483333333333333
6449,photo,104,58,0,102,1,1,0,0,0,2018-02-27 07:42:00,2018,2,Tuesday,1,7.7
6450,status,7,0,0,7,0,0,0,0,0,2018-02-26 12:43:00,2018,2,Monday,0,12.716666666666667
6451,link,1,0,0,1,0,0,0,0,0,2018-02-26 12:37:00,2018,2,Monday,0,12.616666666666667
6452,status,170,98,0,169,1,0,0,0,0,2018-02-24 05:35:00,2018,2,Saturday,5,5.583333333333333
6453,photo,48,0,0,46,1,1,0,0,0,2018-02-23 22:22:00,2018,2,Friday,4,22.366666666666667
6454,link,16,0,0,16,0,0,0,0,0,2018-02-22 11:40:00,2018,2,Thursday,3,11.666666666666666
6455,photo,97,44,3,91,0,4,2,0,0,2018-02-20 21:30:00,2018,2,Tuesday,1,21.5
6456,photo,138,54,2,131,5,2,0,0,0,2018-02-19 03:46:00,2018,2,Monday,0,3.7666666666666666
6457,photo,273,41,2,255,7,4,7,0,0,2018-02-17 11:00:00,2018,2,Saturday,5,11.0
6458,photo,138,177,7,128,9,0,1,0,0,2018-02-15 22:07:00,2018,2,Thursday,3,22.116666666666667
6459,photo,21,0,2,21,0,0,0,0,0,2018-02-15 07:34:00,2018,2,Thursday,3,7.566666666666666
6460,photo,110,66,3,107,2,1,0,0,0,2018-02-15 01:55:00,2018,2,Thursday,3,1.9166666666666665
6461,photo,105,2,0,92,13,0,0,0,0,2018-02-14 10:51:00,2018,2,Wednesday,2,10.85
6462,photo,76,11,0,71,4,0,0,1,0,2018-02-14 05:02:00,2018,2,Wednesday,2,5.033333333333333
6463,video,119,841,103,88,31,0,0,0,0,2018-02-14 02:31:00,2018,2,Wednesday,2,2.5166666666666666
6464,photo,239,100,12,221,15,3,0,0,0,2018-02-13 09:29:00,2018,2,Tuesday,1,9.483333333333333
6465,photo,88,33,0,81,2,5,0,0,0,2018-02-13 08:01:00,2018,2,Tuesday,1,8.016666666666667
6466,photo,15,5,0,14,0,1,0,0,0,2018-02-13 04:19:00,2018,2,Tuesday,1,4.316666666666666
6467,photo,77,0,0,71,1,1,4,0,0,2018-02-12 13:11:00,2018,2,Monday,0,13.183333333333334
6468,photo,100,51,0,98,1,1,0,0,0,2018-02-11 00:12:00,2018,2,Sunday,6,0.2
6469,photo,35,2,1,33,1,1,0,0,0,2018-02-10 02:40:00,2018,2,Saturday,5,2.6666666666666665
6470,photo,149,54,0,144,2,3,0,0,0,2018-02-09 06:38:00,2018,2,Friday,4,6.633333333333333
6471,status,69,1,0,68,1,0,0,0,0,2018-02-08 03:20:00,2018,2,Thursday,3,3.3333333333333335
6472,photo,33,0,5,33,0,0,0,0,0,2018-02-07 03:54:00,2018,2,Wednesday,2,3.9
6473,photo,68,13,0,62,0,0,2,3,1,2018-02-06 05:24:00,2018,2,Tuesday,1,5.4
6474,photo,353,357,17,341,9,3,0,0,0,2018-02-06 00:44:00,2018,2,Tuesday,1,0.7333333333333333
6475,photo,123,4,1,110,0,1,0,2,10,2018-02-05 04:13:00,2018,2,Monday,0,4.216666666666667
6476,status,19,0,0,18,0,0,0,1,0,2018-02-04 12:19:00,2018,2,Sunday,6,12.316666666666666
6477,status,87,18,12,87,0,0,0,0,0,2018-02-04 12:06:00,2018,2,Sunday,6,12.1
6478,photo,222,282,13,216,5,1,0,0,0,2018-02-04 04:40:00,2018,2,Sunday,6,4.666666666666667
6479,photo,19,0,0,19,0,0,0,0,0,2018-02-04 03:44:00,2018,2,Sunday,6,3.7333333333333334
6480,photo,83,1,1,70,0,1,12,0,0,2018-02-03 09:20:00,2018,2,Saturday,5,9.333333333333334
6481,status,36,15,0,32,0,0,0,4,0,2018-02-03 08:54:00,2018,2,Saturday,5,8.9
6482,photo,260,338,8,251,6,3,0,0,0,2018-02-03 06:31:00,2018,2,Saturday,5,6.516666666666667
6483,photo,28,8,0,27,1,0,0,0,0,2018-02-03 06:12:00,2018,2,Saturday,5,6.2
6484,photo,45,0,0,44,0,0,1,0,0,2018-02-03 00:07:00,2018,2,Saturday,5,0.11666666666666667
6485,photo,104,57,0,100,0,3,1,0,0,2018-02-02 09:58:00,2018,2,Friday,4,9.966666666666667
6486,photo,123,96,6,119,2,2,0,0,0,2018-02-01 08:35:00,2018,2,Thursday,3,8.583333333333334
6487,photo,66,2,0,62,0,4,0,0,0,2018-02-01 07:27:00,2018,2,Thursday,3,7.45
6488,photo,40,14,0,37,2,1,0,0,0,2018-02-01 00:18:00,2018,2,Thursday,3,0.3
6489,photo,59,0,0,59,0,0,0,0,0,2018-01-31 07:58:00,2018,1,Wednesday,2,7.966666666666667
6490,status,63,5,0,58,0,0,2,2,1,2018-01-30 23:40:00,2018,1,Tuesday,1,23.666666666666668
6491,photo,129,80,1,122,4,3,0,0,0,2018-01-29 23:30:00,2018,1,Monday,0,23.5
6492,status,27,0,0,27,0,0,0,0,0,2018-01-29 12:47:00,2018,1,Monday,0,12.783333333333333
6493,photo,123,92,6,119,2,2,0,0,0,2018-01-29 00:28:00,2018,1,Monday,0,0.4666666666666667
6494,video,6,8,0,6,0,0,0,0,0,2018-01-28 12:00:00,2018,1,Sunday,6,12.0
6495,video,5,24,1,5,0,0,0,0,0,2018-01-28 11:24:00,2018,1,Sunday,6,11.4
6496,photo,19,0,0,18,0,1,0,0,0,2018-01-28 11:15:00,2018,1,Sunday,6,11.25
6497,video,22,25,2,19,1,1,0,1,0,2018-01-28 11:09:00,2018,1,Sunday,6,11.15
6498,video,21,31,1,20,0,1,0,0,0,2018-01-28 10:55:00,2018,1,Sunday,6,10.916666666666666
6499,video,15,27,3,13,1,1,0,0,0,2018-01-28 10:43:00,2018,1,Sunday,6,10.716666666666667
6500,photo,58,3,0,56,0,0,0,2,0,2018-01-28 00:52:00,2018,1,Sunday,6,0.8666666666666667
6501,video,27,1,4,24,2,1,0,0,0,2018-01-27 06:04:00,2018,1,Saturday,5,6.066666666666666
6502,video,33,0,0,30,0,3,0,0,0,2018-01-27 00:41:00,2018,1,Saturday,5,0.6833333333333333
6503,photo,249,166,16,242,6,1,0,0,0,2018-01-26 01:32:00,2018,1,Friday,4,1.5333333333333332
6504,photo,31,3,0,30,0,1,0,0,0,2018-01-25 05:59:00,2018,1,Thursday,3,5.983333333333333
6505,video,160,4097,382,133,20,2,4,1,0,2018-01-24 10:41:00,2018,1,Wednesday,2,10.683333333333334
6506,photo,53,10,6,49,2,2,0,0,0,2018-01-24 08:23:00,2018,1,Wednesday,2,8.383333333333333
6507,video,53,7,1,48,2,2,1,0,0,2018-01-23 02:17:00,2018,1,Tuesday,1,2.283333333333333
6508,photo,97,0,0,78,0,1,18,0,0,2018-01-22 04:43:00,2018,1,Monday,0,4.716666666666667
6509,video,86,7,4,82,3,1,0,0,0,2018-01-21 21:07:00,2018,1,Sunday,6,21.116666666666667
6510,status,27,1,0,27,0,0,0,0,0,2018-01-21 14:25:00,2018,1,Sunday,6,14.416666666666666
6511,photo,63,6,1,60,0,3,0,0,0,2018-01-21 07:59:00,2018,1,Sunday,6,7.983333333333333
6512,photo,80,10,0,76,1,3,0,0,0,2018-01-19 07:06:00,2018,1,Friday,4,7.1
6513,video,38,0,4,37,1,0,0,0,0,2018-01-19 03:25:00,2018,1,Friday,4,3.4166666666666665
6514,photo,46,4,0,44,1,1,0,0,0,2018-01-18 07:51:00,2018,1,Thursday,3,7.85
6515,photo,33,7,0,30,0,3,0,0,0,2018-01-18 03:52:00,2018,1,Thursday,3,3.8666666666666667
6516,photo,57,1,1,57,0,0,0,0,0,2018-01-18 00:14:00,2018,1,Thursday,3,0.23333333333333334
6517,photo,76,7,0,72,3,1,0,0,0,2018-01-15 09:14:00,2018,1,Monday,0,9.233333333333333
6518,photo,106,71,10,103,0,0,3,0,0,2018-01-14 06:29:00,2018,1,Sunday,6,6.483333333333333
6519,photo,113,113,0,108,1,2,2,0,0,2018-01-13 23:55:00,2018,1,Saturday,5,23.916666666666668
6520,status,24,0,0,24,0,0,0,0,0,2018-01-13 13:44:00,2018,1,Saturday,5,13.733333333333333
6521,photo,35,2,0,30,0,1,1,3,0,2018-01-13 13:07:00,2018,1,Saturday,5,13.116666666666667
6522,photo,238,151,78,231,4,3,0,0,0,2018-01-13 02:42:00,2018,1,Saturday,5,2.7
6523,photo,1013,16,1,865,120,0,28,0,0,2018-01-13 01:57:00,2018,1,Saturday,5,1.95
6524,photo,28,0,0,28,0,0,0,0,0,2018-01-13 01:48:00,2018,1,Saturday,5,1.8
6525,photo,41,0,1,38,1,2,0,0,0,2018-01-12 11:07:00,2018,1,Friday,4,11.116666666666667
6526,photo,42,0,0,37,2,0,3,0,0,2018-01-12 10:54:00,2018,1,Friday,4,10.9
6527,photo,48,3,0,47,1,0,0,0,0,2018-01-12 10:03:00,2018,1,Friday,4,10.05
6528,link,66,0,2,66,0,0,0,0,0,2018-01-12 09:18:00,2018,1,Friday,4,9.3
6529,status,47,1,0,45,0,0,1,1,0,2018-01-11 21:42:00,2018,1,Thursday,3,21.7
6530,status,26,0,0,26,0,0,0,0,0,2018-01-11 00:04:00,2018,1,Thursday,3,0.06666666666666667
6531,video,21,15,1,18,2,0,1,0,0,2018-01-10 05:38:00,2018,1,Wednesday,2,5.633333333333333
6532,photo,42,3,0,41,0,1,0,0,0,2018-01-09 21:46:00,2018,1,Tuesday,1,21.766666666666666
6533,video,55,785,83,42,10,1,1,1,0,2018-01-09 10:24:00,2018,1,Tuesday,1,10.4
6534,photo,43,0,3,38,1,4,0,0,0,2018-01-09 08:14:00,2018,1,Tuesday,1,8.233333333333333
6535,photo,11,0,0,10,1,0,0,0,0,2018-01-09 01:47:00,2018,1,Tuesday,1,1.7833333333333332
6536,photo,19,0,1,19,0,0,0,0,0,2018-01-09 01:12:00,2018,1,Tuesday,1,1.2
6537,photo,6,0,1,6,0,0,0,0,0,2018-01-09 01:10:00,2018,1,Tuesday,1,1.1666666666666667
6538,photo,10,0,1,10,0,0,0,0,0,2018-01-09 01:09:00,2018,1,Tuesday,1,1.15
6539,photo,18,0,1,18,0,0,0,0,0,2018-01-09 01:08:00,2018,1,Tuesday,1,1.1333333333333333
6540,photo,14,0,1,14,0,0,0,0,0,2018-01-09 01:07:00,2018,1,Tuesday,1,1.1166666666666667
6541,photo,4,0,0,3,0,0,1,0,0,2018-01-09 00:38:00,2018,1,Tuesday,1,0.6333333333333333
6542,photo,11,2,1,10,1,0,0,0,0,2018-01-09 00:17:00,2018,1,Tuesday,1,0.2833333333333333
6543,status,34,0,0,32,0,0,0,2,0,2018-01-08 23:06:00,2018,1,Monday,0,23.1
6544,photo,41,4,2,40,0,1,0,0,0,2018-01-08 06:44:00,2018,1,Monday,0,6.733333333333333
6545,status,36,0,0,36,0,0,0,0,0,2018-01-08 05:37:00,2018,1,Monday,0,5.616666666666667
6546,photo,31,6,0,29,0,2,0,0,0,2018-01-08 04:39:00,2018,1,Monday,0,4.65
6547,photo,22,5,0,22,0,0,0,0,0,2018-01-08 03:35:00,2018,1,Monday,0,3.5833333333333335
6548,photo,19,0,0,19,0,0,0,0,0,2018-01-08 02:50:00,2018,1,Monday,0,2.8333333333333335
6549,status,45,1,0,42,3,0,0,0,0,2018-01-07 23:31:00,2018,1,Sunday,6,23.516666666666666
6550,photo,28,1,0,28,0,0,0,0,0,2018-01-07 21:48:00,2018,1,Sunday,6,21.8
6551,video,137,660,198,113,23,0,0,1,0,2018-01-07 08:06:00,2018,1,Sunday,6,8.1
6552,photo,59,7,0,56,3,0,0,0,0,2018-01-07 05:58:00,2018,1,Sunday,6,5.966666666666667
6553,photo,169,157,5,161,2,6,0,0,0,2018-01-07 05:13:00,2018,1,Sunday,6,5.216666666666667
6554,status,147,130,0,147,0,0,0,0,0,2018-01-07 00:41:00,2018,1,Sunday,6,0.6833333333333333
6555,photo,62,8,1,59,2,1,0,0,0,2018-01-06 22:02:00,2018,1,Saturday,5,22.033333333333335
6556,photo,5,0,6,5,0,0,0,0,0,2018-01-06 07:05:00,2018,1,Saturday,5,7.083333333333333
6557,status,45,0,0,45,0,0,0,0,0,2018-01-04 23:08:00,2018,1,Thursday,3,23.133333333333333
6558,photo,43,17,0,41,1,1,0,0,0,2018-01-04 00:50:00,2018,1,Thursday,3,0.8333333333333334
6559,video,101,1753,227,83,15,1,2,0,0,2018-01-03 13:02:00,2018,1,Wednesday,2,13.033333333333333
6560,photo,22,0,0,22,0,0,0,0,0,2018-01-03 12:28:00,2018,1,Wednesday,2,12.466666666666667
6561,video,247,4255,572,204,37,1,3,2,0,2018-01-03 09:41:00,2018,1,Wednesday,2,9.683333333333334
6562,photo,132,24,0,131,0,1,0,0,0,2018-01-03 04:17:00,2018,1,Wednesday,2,4.283333333333333
6563,photo,49,0,0,49,0,0,0,0,0,2017-12-30 04:48:00,2017,12,Saturday,5,4.8
6564,status,45,0,0,45,0,0,0,0,0,2017-12-30 00:12:00,2017,12,Saturday,5,0.2
6565,status,14,0,0,14,0,0,0,0,0,2017-12-28 22:52:00,2017,12,Thursday,3,22.866666666666667
6566,video,148,952,198,122,25,0,0,1,0,2017-12-27 10:06:00,2017,12,Wednesday,2,10.1
6567,photo,50,0,0,50,0,0,0,0,0,2017-12-27 07:24:00,2017,12,Wednesday,2,7.4
6568,photo,82,0,0,82,0,0,0,0,0,2017-12-27 03:07:00,2017,12,Wednesday,2,3.1166666666666667
6569,status,45,4,0,45,0,0,0,0,0,2017-12-27 01:11:00,2017,12,Wednesday,2,1.1833333333333333
6570,video,73,1191,134,59,12,0,0,1,1,2017-12-26 11:00:00,2017,12,Tuesday,1,11.0
6571,photo,16,2,0,16,0,0,0,0,0,2017-12-26 10:29:00,2017,12,Tuesday,1,10.483333333333333
6572,photo,31,1,0,31,0,0,0,0,0,2017-12-26 06:17:00,2017,12,Tuesday,1,6.283333333333333
6573,video,101,1738,119,64,34,1,1,1,0,2017-12-26 02:30:00,2017,12,Tuesday,1,2.5
6574,photo,15,0,0,14,0,0,0,1,0,2017-12-25 07:50:00,2017,12,Monday,0,7.833333333333333
6575,photo,71,14,7,70,0,0,0,1,0,2017-12-25 07:42:00,2017,12,Monday,0,7.7
6576,photo,56,4,0,51,0,0,5,0,0,2017-12-25 07:16:00,2017,12,Monday,0,7.266666666666667
6577,video,62,263,86,54,7,1,0,0,0,2017-12-25 00:01:00,2017,12,Monday,0,0.016666666666666666
6578,photo,113,79,9,109,4,0,0,0,0,2017-12-24 12:05:00,2017,12,Sunday,6,12.083333333333334
6579,video,56,365,106,50,3,2,1,0,0,2017-12-24 05:15:00,2017,12,Sunday,6,5.25
6580,video,66,659,108,61,4,0,0,1,0,2017-12-24 03:17:00,2017,12,Sunday,6,3.283333333333333
6581,photo,40,0,0,40,0,0,0,0,0,2017-12-24 02:22:00,2017,12,Sunday,6,2.3666666666666667
6582,photo,35,4,0,35,0,0,0,0,0,2017-12-24 00:28:00,2017,12,Sunday,6,0.4666666666666667
6583,photo,29,0,0,29,0,0,0,0,0,2017-12-23 22:55:00,2017,12,Saturday,5,22.916666666666668
6584,photo,28,5,0,28,0,0,0,0,0,2017-12-23 05:12:00,2017,12,Saturday,5,5.2
6585,status,19,0,0,19,0,0,0,0,0,2017-12-23 02:41:00,2017,12,Saturday,5,2.6833333333333336
6586,video,3,0,0,3,0,0,0,0,0,2017-12-23 02:21:00,2017,12,Saturday,5,2.35
6587,video,43,706,71,39,3,1,0,0,0,2017-12-23 01:12:00,2017,12,Saturday,5,1.2
6588,video,26,61,6,25,1,0,0,0,0,2017-12-22 11:15:00,2017,12,Friday,4,11.25
6589,photo,29,0,2,28,0,1,0,0,0,2017-12-22 08:14:00,2017,12,Friday,4,8.233333333333333
6590,video,10,0,0,10,0,0,0,0,0,2017-12-22 00:22:00,2017,12,Friday,4,0.36666666666666664
6591,video,18,96,9,12,4,2,0,0,0,2017-12-22 00:21:00,2017,12,Friday,4,0.35
6592,video,67,558,43,55,7,1,4,0,0,2017-12-21 22:41:00,2017,12,Thursday,3,22.683333333333334
6593,video,37,40,1,35,2,0,0,0,0,2017-12-21 12:13:00,2017,12,Thursday,3,12.216666666666667
6594,video,95,831,87,86,7,1,0,1,0,2017-12-21 07:01:00,2017,12,Thursday,3,7.016666666666667
6595,video,88,967,86,67,21,0,0,0,0,2017-12-21 05:26:00,2017,12,Thursday,3,5.433333333333334
6596,photo,24,0,0,24,0,0,0,0,0,2017-12-21 00:41:00,2017,12,Thursday,3,0.6833333333333333
6597,status,20,0,0,20,0,0,0,0,0,2017-12-21 00:15:00,2017,12,Thursday,3,0.25
6598,status,22,4,5,22,0,0,0,0,0,2017-12-20 23:48:00,2017,12,Wednesday,2,23.8
6599,photo,36,3,0,35,0,0,1,0,0,2017-12-20 13:32:00,2017,12,Wednesday,2,13.533333333333333
6600,video,18,0,0,18,0,0,0,0,0,2017-12-20 11:30:00,2017,12,Wednesday,2,11.5
6601,video,77,511,36,45,26,2,1,0,3,2017-12-20 11:27:00,2017,12,Wednesday,2,11.45
6602,video,113,801,124,104,7,1,1,0,0,2017-12-20 10:29:00,2017,12,Wednesday,2,10.483333333333333
6603,photo,61,6,0,59,2,0,0,0,0,2017-12-20 06:34:00,2017,12,Wednesday,2,6.566666666666666
6604,video,66,178,11,55,9,0,1,1,0,2017-12-20 05:28:00,2017,12,Wednesday,2,5.466666666666667
6605,photo,65,7,0,63,2,0,0,0,0,2017-12-20 04:15:00,2017,12,Wednesday,2,4.25
6606,photo,39,5,0,37,2,0,0,0,0,2017-12-20 04:03:00,2017,12,Wednesday,2,4.05
6607,photo,51,5,0,49,2,0,0,0,0,2017-12-20 03:57:00,2017,12,Wednesday,2,3.95
6608,photo,77,9,0,70,6,1,0,0,0,2017-12-20 03:12:00,2017,12,Wednesday,2,3.2
6609,photo,145,4,2,137,2,6,0,0,0,2017-12-19 03:10:00,2017,12,Tuesday,1,3.1666666666666665
6610,video,139,687,274,117,18,1,2,1,0,2017-12-17 10:01:00,2017,12,Sunday,6,10.016666666666667
6611,photo,44,5,1,41,1,1,1,0,0,2017-12-17 09:04:00,2017,12,Sunday,6,9.066666666666666
6612,status,53,7,0,52,0,0,0,1,0,2017-12-17 07:49:00,2017,12,Sunday,6,7.816666666666666
6613,photo,369,351,15,361,7,1,0,0,0,2017-12-17 00:28:00,2017,12,Sunday,6,0.4666666666666667
6614,photo,63,3,0,62,0,0,0,1,0,2017-12-16 12:14:00,2017,12,Saturday,5,12.233333333333333
6615,video,299,933,520,245,47,0,6,0,1,2017-12-16 08:38:00,2017,12,Saturday,5,8.633333333333333
6616,video,265,1343,450,224,26,12,3,0,0,2017-12-15 10:34:00,2017,12,Friday,4,10.566666666666666
6617,photo,109,42,1,106,0,3,0,0,0,2017-12-15 08:31:00,2017,12,Friday,4,8.516666666666667
6618,status,66,1,0,66,0,0,0,0,0,2017-12-15 02:49:00,2017,12,Friday,4,2.8166666666666664
6619,photo,104,22,0,102,1,1,0,0,0,2017-12-14 21:22:00,2017,12,Thursday,3,21.366666666666667
6620,status,121,3,0,115,0,2,3,0,1,2017-12-13 11:25:00,2017,12,Wednesday,2,11.416666666666666
6621,video,63,0,0,61,1,0,1,0,0,2017-12-13 08:01:00,2017,12,Wednesday,2,8.016666666666667
6622,photo,186,3,0,181,2,0,3,0,0,2017-12-12 01:41:00,2017,12,Tuesday,1,1.6833333333333333
6623,photo,58,6,0,48,2,0,8,0,0,2017-12-11 12:46:00,2017,12,Monday,0,12.766666666666667
6624,video,99,1150,266,69,23,2,4,1,0,2017-12-10 12:53:00,2017,12,Sunday,6,12.883333333333333
6625,video,303,1489,483,177,118,1,5,1,1,2017-12-10 09:48:00,2017,12,Sunday,6,9.8
6626,photo,109,25,5,107,1,1,0,0,0,2017-12-10 09:30:00,2017,12,Sunday,6,9.5
6627,status,306,279,4,298,5,3,0,0,0,2017-12-08 07:31:00,2017,12,Friday,4,7.516666666666667
6628,photo,95,14,0,85,0,0,5,0,5,2017-12-08 02:23:00,2017,12,Friday,4,2.3833333333333333
6629,photo,61,14,0,59,1,1,0,0,0,2017-12-07 04:22:00,2017,12,Thursday,3,4.366666666666666
6630,photo,53,3,0,51,1,0,1,0,0,2017-12-07 00:45:00,2017,12,Thursday,3,0.75
6631,video,23,0,0,23,0,0,0,0,0,2017-12-06 13:03:00,2017,12,Wednesday,2,13.05
6632,video,93,440,165,50,30,3,7,3,0,2017-12-06 13:01:00,2017,12,Wednesday,2,13.016666666666667
6633,photo,46,15,0,42,0,2,0,2,0,2017-12-06 11:55:00,2017,12,Wednesday,2,11.916666666666666
6634,video,45,0,0,45,0,0,0,0,0,2017-12-06 09:59:00,2017,12,Wednesday,2,9.983333333333333
6635,video,228,4267,572,175,33,0,19,1,0,2017-12-06 09:57:00,2017,12,Wednesday,2,9.95
6636,video,14,0,0,14,0,0,0,0,0,2017-12-06 02:11:00,2017,12,Wednesday,2,2.183333333333333
6637,video,56,1226,75,50,3,2,1,0,0,2017-12-06 02:08:00,2017,12,Wednesday,2,2.1333333333333333
6638,video,166,1834,335,137,22,2,4,0,1,2017-12-05 23:59:00,2017,12,Tuesday,1,23.983333333333334
6639,photo,120,29,1,116,3,1,0,0,0,2017-12-05 21:48:00,2017,12,Tuesday,1,21.8
6640,photo,111,79,11,106,1,4,0,0,0,2017-12-05 12:26:00,2017,12,Tuesday,1,12.433333333333334
6641,video,355,7543,428,161,192,0,1,1,0,2017-12-05 11:01:00,2017,12,Tuesday,1,11.016666666666667
6642,photo,26,0,1,26,0,0,0,0,0,2017-12-04 07:26:00,2017,12,Monday,0,7.433333333333334
6643,photo,36,5,1,31,0,2,0,0,3,2017-12-04 07:02:00,2017,12,Monday,0,7.033333333333333
6644,video,83,49,1,74,0,2,7,0,0,2017-12-02 10:50:00,2017,12,Saturday,5,10.833333333333334
6645,photo,207,16,0,187,3,4,13,0,0,2017-12-02 06:50:00,2017,12,Saturday,5,6.833333333333333
6646,photo,271,239,15,268,3,0,0,0,0,2017-12-01 02:12:00,2017,12,Friday,4,2.2
6647,photo,47,2,0,47,0,0,0,0,0,2017-11-30 15:14:00,2017,11,Thursday,3,15.233333333333333
6648,video,139,2609,154,108,17,4,2,7,1,2017-11-30 10:31:00,2017,11,Thursday,3,10.516666666666667
6649,photo,57,10,1,53,0,4,0,0,0,2017-11-30 10:03:00,2017,11,Thursday,3,10.05
6650,video,145,1335,131,129,12,1,0,3,0,2017-11-30 06:10:00,2017,11,Thursday,3,6.166666666666667
6651,photo,47,2,1,47,0,0,0,0,0,2017-11-29 15:25:00,2017,11,Wednesday,2,15.416666666666666
6652,photo,42,9,0,39,3,0,0,0,0,2017-11-29 14:24:00,2017,11,Wednesday,2,14.4
6653,photo,515,567,13,509,3,2,1,0,0,2017-11-28 06:53:00,2017,11,Tuesday,1,6.883333333333333
6654,status,90,4,0,90,0,0,0,0,0,2017-11-28 06:19:00,2017,11,Tuesday,1,6.316666666666666
6655,photo,247,193,3,237,5,5,0,0,0,2017-11-27 00:04:00,2017,11,Monday,0,0.06666666666666667
6656,photo,55,2,0,41,0,0,0,14,0,2017-11-26 08:24:00,2017,11,Sunday,6,8.4
6657,photo,85,1,0,84,1,0,0,0,0,2017-11-25 04:19:00,2017,11,Saturday,5,4.316666666666666
6658,photo,86,59,0,83,3,0,0,0,0,2017-11-24 11:24:00,2017,11,Friday,4,11.4
6659,photo,272,10194,25,256,5,9,2,0,0,2017-11-24 02:23:00,2017,11,Friday,4,2.3833333333333333
6660,photo,23,1,0,23,0,0,0,0,0,2017-11-23 14:24:00,2017,11,Thursday,3,14.4
6661,status,81,28,0,80,1,0,0,0,0,2017-11-23 11:08:00,2017,11,Thursday,3,11.133333333333333
6662,photo,28,2,0,28,0,0,0,0,0,2017-11-23 00:41:00,2017,11,Thursday,3,0.6833333333333333
6663,photo,49,23,10,49,0,0,0,0,0,2017-11-23 00:39:00,2017,11,Thursday,3,0.65
6664,status,77,17,0,76,1,0,0,0,0,2017-11-22 03:57:00,2017,11,Wednesday,2,3.95
6665,photo,284,192,121,280,4,0,0,0,0,2017-11-22 03:07:00,2017,11,Wednesday,2,3.1166666666666667
6666,photo,31,0,0,27,0,1,3,0,0,2017-11-21 13:22:00,2017,11,Tuesday,1,13.366666666666667
6667,status,67,16,0,66,1,0,0,0,0,2017-11-21 13:08:00,2017,11,Tuesday,1,13.133333333333333
6668,photo,165,169,62,162,1,2,0,0,0,2017-11-21 07:32:00,2017,11,Tuesday,1,7.533333333333333
6669,status,79,2,0,79,0,0,0,0,0,2017-11-21 00:53:00,2017,11,Tuesday,1,0.8833333333333333
6670,photo,184,131,2,182,2,0,0,0,0,2017-11-20 23:49:00,2017,11,Monday,0,23.816666666666666
6671,photo,105,56,0,97,3,3,2,0,0,2017-11-20 15:29:00,2017,11,Monday,0,15.483333333333333
6672,photo,213,64,8,205,3,5,0,0,0,2017-11-19 22:24:00,2017,11,Sunday,6,22.4
6673,photo,382,448,8,376,5,1,0,0,0,2017-11-19 22:16:00,2017,11,Sunday,6,22.266666666666666
6674,photo,95,3,0,92,2,1,0,0,0,2017-11-17 01:52:00,2017,11,Friday,4,1.8666666666666667
6675,photo,244,199,12,232,4,8,0,0,0,2017-11-14 01:25:00,2017,11,Tuesday,1,1.4166666666666667
6676,photo,353,383,11,348,5,0,0,0,0,2017-11-13 06:38:00,2017,11,Monday,0,6.633333333333333
6677,photo,269,311,8,264,5,0,0,0,0,2017-11-12 06:16:00,2017,11,Sunday,6,6.266666666666667
6678,photo,332,316,9,325,6,1,0,0,0,2017-11-11 09:26:00,2017,11,Saturday,5,9.433333333333334
6679,photo,66,21,0,63,2,1,0,0,0,2017-11-10 09:49:00,2017,11,Friday,4,9.816666666666666
6680,photo,85,1,0,79,0,1,0,5,0,2017-11-09 08:18:00,2017,11,Thursday,3,8.3
6681,photo,350,498,15,339,6,5,0,0,0,2017-11-08 20:51:00,2017,11,Wednesday,2,20.85
6682,photo,259,292,16,251,5,2,0,1,0,2017-11-08 04:54:00,2017,11,Wednesday,2,4.9
6683,photo,111,68,0,109,2,0,0,0,0,2017-11-06 05:20:00,2017,11,Monday,0,5.333333333333333
6684,status,47,5,0,46,1,0,0,0,0,2017-11-02 01:45:00,2017,11,Thursday,3,1.75
6685,status,72,4,0,72,0,0,0,0,0,2017-11-01 21:25:00,2017,11,Wednesday,2,21.416666666666668
6686,status,135,34,0,133,2,0,0,0,0,2017-10-30 08:18:00,2017,10,Monday,0,8.3
6687,photo,28,0,0,28,0,0,0,0,0,2017-10-29 01:05:00,2017,10,Sunday,6,1.0833333333333333
6688,photo,61,1,0,61,0,0,0,0,0,2017-10-29 01:03:00,2017,10,Sunday,6,1.05
6689,photo,21,0,0,21,0,0,0,0,0,2017-10-29 01:01:00,2017,10,Sunday,6,1.0166666666666666
6690,photo,27,0,0,27,0,0,0,0,0,2017-10-29 00:56:00,2017,10,Sunday,6,0.9333333333333333
6691,photo,15,0,1,15,0,0,0,0,0,2017-10-29 00:53:00,2017,10,Sunday,6,0.8833333333333333
6692,status,70,0,0,62,0,0,0,8,0,2017-10-28 11:55:00,2017,10,Saturday,5,11.916666666666666
6693,photo,194,47,0,191,0,3,0,0,0,2017-10-28 07:21:00,2017,10,Saturday,5,7.35
6694,status,46,0,0,46,0,0,0,0,0,2017-10-25 13:44:00,2017,10,Wednesday,2,13.733333333333333
6695,status,50,1,0,49,0,1,0,0,0,2017-10-20 03:10:00,2017,10,Friday,4,3.1666666666666665
6696,photo,164,53,0,152,2,10,0,0,0,2017-10-19 06:01:00,2017,10,Thursday,3,6.016666666666667
6697,photo,125,4,0,116,9,0,0,0,0,2017-10-18 09:22:00,2017,10,Wednesday,2,9.366666666666667
6698,photo,356,119,21,345,7,4,0,0,0,2017-10-18 01:35:00,2017,10,Wednesday,2,1.5833333333333335
6699,status,79,1,0,79,0,0,0,0,0,2017-10-17 06:04:00,2017,10,Tuesday,1,6.066666666666666
6700,photo,361,479,15,356,4,1,0,0,0,2017-10-16 22:43:00,2017,10,Monday,0,22.716666666666665
6701,video,517,5514,388,243,220,8,43,3,0,2017-10-16 09:17:00,2017,10,Monday,0,9.283333333333333
6702,photo,75,6,0,67,0,6,0,0,2,2017-10-16 09:11:00,2017,10,Monday,0,9.183333333333334
6703,photo,73,2,0,71,0,1,0,0,1,2017-10-16 05:02:00,2017,10,Monday,0,5.033333333333333
6704,photo,411,566,20,399,12,0,0,0,0,2017-10-15 23:10:00,2017,10,Sunday,6,23.166666666666668
6705,video,302,2497,425,228,47,6,18,3,0,2017-10-14 10:59:00,2017,10,Saturday,5,10.983333333333333
6706,video,349,4300,264,296,35,3,14,0,1,2017-10-14 09:08:00,2017,10,Saturday,5,9.133333333333333
6707,photo,215,19,0,206,3,5,1,0,0,2017-10-14 04:01:00,2017,10,Saturday,5,4.016666666666667
6708,photo,201,104,12,194,7,0,0,0,0,2017-10-13 06:15:00,2017,10,Friday,4,6.25
6709,photo,119,38,26,115,1,3,0,0,0,2017-10-12 09:09:00,2017,10,Thursday,3,9.15
6710,video,141,529,148,102,20,0,15,3,1,2017-10-11 11:08:00,2017,10,Wednesday,2,11.133333333333333
6711,photo,81,6,0,79,0,1,1,0,0,2017-10-11 06:33:00,2017,10,Wednesday,2,6.55
6712,photo,104,7,1,99,1,4,0,0,0,2017-10-10 08:44:00,2017,10,Tuesday,1,8.733333333333333
6713,status,147,21,0,143,4,0,0,0,0,2017-10-10 03:34:00,2017,10,Tuesday,1,3.5666666666666664
6714,video,137,497,71,76,48,2,11,0,0,2017-10-09 12:25:00,2017,10,Monday,0,12.416666666666666
6715,video,179,3343,147,160,17,1,1,0,0,2017-10-09 11:36:00,2017,10,Monday,0,11.6
6716,status,62,3,0,59,2,1,0,0,0,2017-10-09 11:15:00,2017,10,Monday,0,11.25
6717,video,286,3022,212,254,27,0,1,2,2,2017-10-09 09:17:00,2017,10,Monday,0,9.283333333333333
6718,status,273,206,2,268,3,2,0,0,0,2017-10-09 08:25:00,2017,10,Monday,0,8.416666666666666
6719,photo,125,4,0,125,0,0,0,0,0,2017-10-09 07:25:00,2017,10,Monday,0,7.416666666666667
6720,video,119,139,18,109,7,3,0,0,0,2017-10-08 09:14:00,2017,10,Sunday,6,9.233333333333333
6721,photo,328,247,14,320,7,1,0,0,0,2017-10-08 06:23:00,2017,10,Sunday,6,6.383333333333334
6722,video,446,5386,421,392,37,6,8,3,0,2017-10-07 08:46:00,2017,10,Saturday,5,8.766666666666667
6723,photo,304,239,4,301,1,0,0,2,0,2017-10-07 06:27:00,2017,10,Saturday,5,6.45
6724,status,49,0,0,49,0,0,0,0,0,2017-10-07 04:59:00,2017,10,Saturday,5,4.983333333333333
6725,photo,123,4,0,119,1,3,0,0,0,2017-10-06 09:37:00,2017,10,Friday,4,9.616666666666667
6726,status,121,74,1,120,1,0,0,0,0,2017-10-05 14:03:00,2017,10,Thursday,3,14.05
6727,video,307,4272,321,260,32,5,3,7,0,2017-10-05 09:17:00,2017,10,Thursday,3,9.283333333333333
6728,photo,64,2,3,63,0,1,0,0,0,2017-10-05 08:35:00,2017,10,Thursday,3,8.583333333333334
6729,video,314,4340,261,280,29,1,3,1,0,2017-10-05 05:11:00,2017,10,Thursday,3,5.183333333333334
6730,photo,388,319,2,382,3,0,0,3,0,2017-10-05 03:43:00,2017,10,Thursday,3,3.716666666666667
6731,photo,186,36,1,181,1,4,0,0,0,2017-10-04 10:24:00,2017,10,Wednesday,2,10.4
6732,status,108,0,0,107,1,0,0,0,0,2017-10-04 07:00:00,2017,10,Wednesday,2,7.0
6733,photo,117,5,0,111,1,0,0,5,0,2017-10-03 11:15:00,2017,10,Tuesday,1,11.25
6734,video,62,351,10,48,12,0,1,1,0,2017-10-02 14:47:00,2017,10,Monday,0,14.783333333333333
6735,video,163,3392,114,122,24,3,7,7,0,2017-10-02 12:19:00,2017,10,Monday,0,12.316666666666666
6736,video,215,3202,199,186,22,2,4,1,0,2017-10-02 10:56:00,2017,10,Monday,0,10.933333333333334
6737,video,416,7208,509,365,41,4,2,4,0,2017-10-02 09:11:00,2017,10,Monday,0,9.183333333333334
6738,photo,256,261,12,253,3,0,0,0,0,2017-10-02 06:26:00,2017,10,Monday,0,6.433333333333334
6739,video,154,1646,82,122,19,3,9,1,0,2017-10-01 12:29:00,2017,10,Sunday,6,12.483333333333333
6740,photo,70,4,0,68,2,0,0,0,0,2017-10-01 10:10:00,2017,10,Sunday,6,10.166666666666666
6741,photo,42,2,0,42,0,0,0,0,0,2017-10-01 01:01:00,2017,10,Sunday,6,1.0166666666666666
6742,photo,54,0,1,52,2,0,0,0,0,2017-09-30 12:00:00,2017,9,Saturday,5,12.0
6743,photo,28,0,3,27,0,1,0,0,0,2017-09-30 11:48:00,2017,9,Saturday,5,11.8
6744,video,120,457,13,93,8,0,19,0,0,2017-09-29 12:18:00,2017,9,Friday,4,12.3
6745,video,293,2762,229,215,74,1,2,0,1,2017-09-29 09:36:00,2017,9,Friday,4,9.6
6746,photo,61,0,2,60,1,0,0,0,0,2017-09-29 09:27:00,2017,9,Friday,4,9.45
6747,photo,210,254,12,197,10,2,1,0,0,2017-09-29 08:17:00,2017,9,Friday,4,8.283333333333333
6748,photo,137,12,0,130,2,1,0,4,0,2017-09-28 09:16:00,2017,9,Thursday,3,9.266666666666667
6749,video,306,4444,329,265,28,1,11,1,0,2017-09-27 08:18:00,2017,9,Wednesday,2,8.3
6750,photo,333,256,12,324,5,4,0,0,0,2017-09-27 03:00:00,2017,9,Wednesday,2,3.0
6751,video,102,64,1,92,6,0,4,0,0,2017-09-26 13:19:00,2017,9,Tuesday,1,13.316666666666666
6752,video,246,4240,310,213,25,1,5,2,0,2017-09-26 08:50:00,2017,9,Tuesday,1,8.833333333333334
6753,status,102,14,0,102,0,0,0,0,0,2017-09-26 04:05:00,2017,9,Tuesday,1,4.083333333333333
6754,video,288,3287,228,241,31,4,12,0,0,2017-09-26 02:05:00,2017,9,Tuesday,1,2.0833333333333335
6755,photo,295,338,11,291,3,1,0,0,0,2017-09-25 23:37:00,2017,9,Monday,0,23.616666666666667
6756,status,60,3,0,59,1,0,0,0,0,2017-09-25 21:28:00,2017,9,Monday,0,21.466666666666665
6757,video,708,17404,913,525,157,6,14,4,2,2017-09-25 10:35:00,2017,9,Monday,0,10.583333333333334
6758,photo,463,424,6,452,5,5,1,0,0,2017-09-25 09:07:00,2017,9,Monday,0,9.116666666666667
6759,photo,337,662,23,330,6,1,0,0,0,2017-09-23 00:16:00,2017,9,Saturday,5,0.26666666666666666
6760,photo,63,6,0,61,2,0,0,0,0,2017-09-22 14:28:00,2017,9,Friday,4,14.466666666666667
6761,video,79,8,0,79,0,0,0,0,0,2017-09-21 08:06:00,2017,9,Thursday,3,8.1
6762,video,634,10960,783,540,70,5,11,8,0,2017-09-21 08:01:00,2017,9,Thursday,3,8.016666666666667
6763,status,97,11,0,96,0,1,0,0,0,2017-09-20 22:42:00,2017,9,Wednesday,2,22.7
6764,video,303,3593,264,253,35,7,6,2,0,2017-09-20 10:01:00,2017,9,Wednesday,2,10.016666666666667
6765,status,239,250,1,231,4,0,0,4,0,2017-09-20 07:22:00,2017,9,Wednesday,2,7.366666666666666
6766,photo,69,4,2,66,2,1,0,0,0,2017-09-19 13:15:00,2017,9,Tuesday,1,13.25
6767,video,368,6942,366,316,34,6,2,10,0,2017-09-19 10:20:00,2017,9,Tuesday,1,10.333333333333334
6768,status,302,358,2,290,7,4,0,1,0,2017-09-19 08:44:00,2017,9,Tuesday,1,8.733333333333333
6769,video,382,5779,324,307,50,6,15,1,3,2017-09-18 11:24:00,2017,9,Monday,0,11.4
6770,video,425,3892,430,361,51,4,4,4,1,2017-09-18 09:00:00,2017,9,Monday,0,9.0
6771,photo,325,536,20,316,6,3,0,0,0,2017-09-18 02:50:00,2017,9,Monday,0,2.8333333333333335
6772,photo,122,25,0,118,1,3,0,0,0,2017-09-18 01:51:00,2017,9,Monday,0,1.85
6773,video,111,462,16,94,12,0,3,2,0,2017-09-16 12:10:00,2017,9,Saturday,5,12.166666666666666
6774,video,51,0,0,50,1,0,0,0,0,2017-09-16 10:07:00,2017,9,Saturday,5,10.116666666666667
6775,video,422,9831,592,362,45,7,6,2,0,2017-09-16 10:00:00,2017,9,Saturday,5,10.0
6776,photo,147,383,10,142,2,0,3,0,0,2017-09-16 07:55:00,2017,9,Saturday,5,7.916666666666667
6777,photo,67,31,1,63,0,3,0,1,0,2017-09-16 04:49:00,2017,9,Saturday,5,4.816666666666666
6778,photo,98,8,3,95,1,2,0,0,0,2017-09-16 03:23:00,2017,9,Saturday,5,3.3833333333333333
6779,photo,90,12,1,78,0,7,5,0,0,2017-09-15 10:58:00,2017,9,Friday,4,10.966666666666667
6780,video,89,838,51,64,18,2,5,0,0,2017-09-15 10:04:00,2017,9,Friday,4,10.066666666666666
6781,photo,115,441,15,101,9,3,1,1,0,2017-09-15 06:43:00,2017,9,Friday,4,6.716666666666667
6782,status,122,9,0,118,0,4,0,0,0,2017-09-14 04:39:00,2017,9,Thursday,3,4.65
6783,status,86,0,0,85,1,0,0,0,0,2017-09-14 00:08:00,2017,9,Thursday,3,0.13333333333333333
6784,photo,46,2,0,46,0,0,0,0,0,2017-09-13 14:45:00,2017,9,Wednesday,2,14.75
6785,video,250,1966,34,209,26,5,4,5,1,2017-09-13 11:06:00,2017,9,Wednesday,2,11.1
6786,video,423,5411,334,365,41,4,11,2,0,2017-09-13 09:20:00,2017,9,Wednesday,2,9.333333333333334
6787,video,510,7751,419,440,56,2,9,2,1,2017-09-13 05:08:00,2017,9,Wednesday,2,5.133333333333334
6788,status,232,150,1,227,3,2,0,0,0,2017-09-12 07:17:00,2017,9,Tuesday,1,7.283333333333333
6789,video,193,46,1,173,3,5,11,0,1,2017-09-12 04:35:00,2017,9,Tuesday,1,4.583333333333333
6790,photo,392,613,26,370,10,0,12,0,0,2017-09-12 00:26:00,2017,9,Tuesday,1,0.43333333333333335
6791,photo,191,35,0,180,1,0,2,0,8,2017-09-11 21:49:00,2017,9,Monday,0,21.816666666666666
6792,photo,188,40,0,167,0,12,0,0,9,2017-09-11 20:38:00,2017,9,Monday,0,20.633333333333333
6793,status,86,3,0,86,0,0,0,0,0,2017-09-11 12:15:00,2017,9,Monday,0,12.25
6794,video,83,58,11,70,8,4,1,0,0,2017-09-11 10:42:00,2017,9,Monday,0,10.7
6795,video,64,0,0,64,0,0,0,0,0,2017-09-11 08:06:00,2017,9,Monday,0,8.1
6796,video,730,7943,619,540,168,4,12,5,1,2017-09-11 08:02:00,2017,9,Monday,0,8.033333333333333
6797,photo,274,385,16,269,2,3,0,0,0,2017-09-11 06:26:00,2017,9,Monday,0,6.433333333333334
6798,photo,156,17,1,152,1,2,1,0,0,2017-09-10 02:28:00,2017,9,Sunday,6,2.466666666666667
6799,video,553,10926,429,468,66,2,13,3,1,2017-09-09 10:05:00,2017,9,Saturday,5,10.083333333333334
6800,video,459,4391,201,369,66,6,13,4,1,2017-09-09 07:13:00,2017,9,Saturday,5,7.216666666666667
6801,photo,331,196,2,314,2,14,1,0,0,2017-09-09 02:55:00,2017,9,Saturday,5,2.9166666666666665
6802,photo,57,8,0,56,1,0,0,0,0,2017-09-08 22:23:00,2017,9,Friday,4,22.383333333333333
6803,photo,13,12,0,13,0,0,0,0,0,2017-09-08 22:19:00,2017,9,Friday,4,22.316666666666666
6804,photo,14,9,0,14,0,0,0,0,0,2017-09-08 22:11:00,2017,9,Friday,4,22.183333333333334
6805,photo,16,11,0,15,1,0,0,0,0,2017-09-08 22:08:00,2017,9,Friday,4,22.133333333333333
6806,photo,304,469,5,296,4,4,0,0,0,2017-09-08 06:01:00,2017,9,Friday,4,6.016666666666667
6807,photo,102,20,1,95,3,4,0,0,0,2017-09-07 23:17:00,2017,9,Thursday,3,23.283333333333335
6808,video,481,8601,337,415,57,0,5,4,0,2017-09-07 10:19:00,2017,9,Thursday,3,10.316666666666666
6809,status,240,368,10,228,9,3,0,0,0,2017-09-07 08:19:00,2017,9,Thursday,3,8.316666666666666
6810,video,558,7572,357,457,72,12,6,8,3,2017-09-06 10:18:00,2017,9,Wednesday,2,10.3
6811,video,104,14,3,100,0,4,0,0,0,2017-09-06 07:08:00,2017,9,Wednesday,2,7.133333333333334
6812,photo,239,392,13,235,2,2,0,0,0,2017-09-06 07:08:00,2017,9,Wednesday,2,7.133333333333334
6813,photo,134,20,4,98,0,4,32,0,0,2017-09-05 13:11:00,2017,9,Tuesday,1,13.183333333333334
6814,video,570,7524,338,432,114,8,12,4,0,2017-09-05 10:03:00,2017,9,Tuesday,1,10.05
6815,photo,125,18,0,116,5,4,0,0,0,2017-09-05 09:44:00,2017,9,Tuesday,1,9.733333333333333
6816,photo,87,3,0,84,2,1,0,0,0,2017-09-05 06:52:00,2017,9,Tuesday,1,6.866666666666667
6817,photo,291,472,25,282,7,2,0,0,0,2017-09-05 04:23:00,2017,9,Tuesday,1,4.383333333333334
6818,status,160,265,0,155,3,1,0,1,0,2017-09-04 05:44:00,2017,9,Monday,0,5.733333333333333
6819,video,350,3917,178,278,61,5,4,2,0,2017-09-03 11:20:00,2017,9,Sunday,6,11.333333333333334
6820,status,42,6,0,41,1,0,0,0,0,2017-09-03 11:02:00,2017,9,Sunday,6,11.033333333333333
6821,video,61,0,0,61,0,0,0,0,0,2017-09-03 09:17:00,2017,9,Sunday,6,9.283333333333333
6822,video,344,3449,186,293,32,4,6,8,1,2017-09-03 09:14:00,2017,9,Sunday,6,9.233333333333333
6823,photo,54,16,0,51,1,0,0,2,0,2017-09-03 06:33:00,2017,9,Sunday,6,6.55
6824,photo,108,102,0,103,0,1,0,4,0,2017-09-03 05:58:00,2017,9,Sunday,6,5.966666666666667
6825,photo,242,351,15,238,3,1,0,0,0,2017-09-03 05:26:00,2017,9,Sunday,6,5.433333333333334
6826,video,112,755,38,86,20,0,2,2,2,2017-09-02 11:08:00,2017,9,Saturday,5,11.133333333333333
6827,video,400,9039,263,333,48,4,10,3,2,2017-09-02 09:32:00,2017,9,Saturday,5,9.533333333333333
6828,status,51,3,0,50,1,0,0,0,0,2017-09-02 03:48:00,2017,9,Saturday,5,3.8
6829,status,134,112,7,127,6,1,0,0,0,2017-09-01 09:44:00,2017,9,Friday,4,9.733333333333333
6830,status,78,3,0,73,0,0,5,0,0,2017-09-01 06:49:00,2017,9,Friday,4,6.816666666666666
6831,status,52,0,0,52,0,0,0,0,0,2017-09-01 00:23:00,2017,9,Friday,4,0.38333333333333336
6832,photo,18,0,0,17,1,0,0,0,0,2017-08-31 21:07:00,2017,8,Thursday,3,21.116666666666667
6833,video,100,701,15,79,14,2,2,3,0,2017-08-31 11:00:00,2017,8,Thursday,3,11.0
6834,video,278,2863,210,241,28,4,1,4,0,2017-08-31 10:05:00,2017,8,Thursday,3,10.083333333333334
6835,video,607,5757,289,514,66,7,16,4,0,2017-08-31 06:29:00,2017,8,Thursday,3,6.483333333333333
6836,photo,254,355,20,247,6,1,0,0,0,2017-08-31 02:14:00,2017,8,Thursday,3,2.2333333333333334
6837,video,146,1839,101,131,11,0,2,2,0,2017-08-30 11:15:00,2017,8,Wednesday,2,11.25
6838,photo,26,1,0,26,0,0,0,0,0,2017-08-30 10:03:00,2017,8,Wednesday,2,10.05
6839,video,446,4963,275,384,46,3,9,2,2,2017-08-30 09:23:00,2017,8,Wednesday,2,9.383333333333333
6840,photo,228,253,10,225,3,0,0,0,0,2017-08-30 08:01:00,2017,8,Wednesday,2,8.016666666666667
6841,status,20,0,0,20,0,0,0,0,0,2017-08-30 02:41:00,2017,8,Wednesday,2,2.6833333333333336
6842,photo,59,1,1,57,1,1,0,0,0,2017-08-29 06:28:00,2017,8,Tuesday,1,6.466666666666667
6843,video,226,4336,183,186,25,3,10,2,0,2017-08-28 11:07:00,2017,8,Monday,0,11.116666666666667
6844,video,415,4963,220,354,50,4,6,1,0,2017-08-28 09:13:00,2017,8,Monday,0,9.216666666666667
6845,photo,122,181,10,113,6,3,0,0,0,2017-08-28 00:35:00,2017,8,Monday,0,0.5833333333333334
6846,photo,69,2,2,66,0,3,0,0,0,2017-08-27 03:34:00,2017,8,Sunday,6,3.5666666666666664
6847,photo,85,10,1,80,1,1,0,0,3,2017-08-26 16:57:00,2017,8,Saturday,5,16.95
6848,video,349,5254,262,278,50,5,7,9,0,2017-08-26 10:05:00,2017,8,Saturday,5,10.083333333333334
6849,status,36,11,0,36,0,0,0,0,0,2017-08-26 09:47:00,2017,8,Saturday,5,9.783333333333333
6850,video,64,96,3,61,3,0,0,0,0,2017-08-26 09:28:00,2017,8,Saturday,5,9.466666666666667
6851,video,405,4462,256,345,42,5,7,4,2,2017-08-26 06:13:00,2017,8,Saturday,5,6.216666666666667
6852,photo,251,266,29,238,6,7,0,0,0,2017-08-26 04:07:00,2017,8,Saturday,5,4.116666666666666
6853,video,224,2792,113,191,21,6,4,1,1,2017-08-25 11:13:00,2017,8,Friday,4,11.216666666666667
6854,video,193,1156,102,170,19,0,4,0,0,2017-08-25 09:02:00,2017,8,Friday,4,9.033333333333333
6855,photo,89,22,7,77,7,5,0,0,0,2017-08-25 07:27:00,2017,8,Friday,4,7.45
6856,photo,11,0,0,10,0,1,0,0,0,2017-08-25 05:42:00,2017,8,Friday,4,5.7
6857,photo,11,0,0,11,0,0,0,0,0,2017-08-25 05:41:00,2017,8,Friday,4,5.683333333333334
6858,photo,10,0,0,10,0,0,0,0,0,2017-08-25 05:35:00,2017,8,Friday,4,5.583333333333333
6859,photo,60,4,0,54,0,0,3,1,2,2017-08-24 14:24:00,2017,8,Thursday,3,14.4
6860,photo,61,5,2,60,0,1,0,0,0,2017-08-24 06:51:00,2017,8,Thursday,3,6.85
6861,video,391,6407,174,340,36,4,9,2,0,2017-08-23 08:58:00,2017,8,Wednesday,2,8.966666666666667
6862,photo,53,0,6,51,2,0,0,0,0,2017-08-23 07:55:00,2017,8,Wednesday,2,7.916666666666667
6863,status,20,2,0,20,0,0,0,0,0,2017-08-23 01:56:00,2017,8,Wednesday,2,1.9333333333333333
6864,video,66,350,12,55,6,1,1,3,0,2017-08-22 11:15:00,2017,8,Tuesday,1,11.25
6865,video,426,4637,187,356,44,12,6,3,5,2017-08-22 08:01:00,2017,8,Tuesday,1,8.016666666666667
6866,photo,127,51,6,118,7,2,0,0,0,2017-08-22 06:43:00,2017,8,Tuesday,1,6.716666666666667
6867,video,101,1686,29,76,13,3,4,3,2,2017-08-21 10:13:00,2017,8,Monday,0,10.216666666666667
6868,video,112,824,50,99,5,3,2,3,0,2017-08-21 09:36:00,2017,8,Monday,0,9.6
6869,video,199,1805,167,168,24,4,1,2,0,2017-08-21 07:56:00,2017,8,Monday,0,7.933333333333334
6870,photo,188,92,11,183,4,1,0,0,0,2017-08-21 05:57:00,2017,8,Monday,0,5.95
6871,photo,28,1,2,24,3,1,0,0,0,2017-08-21 03:32:00,2017,8,Monday,0,3.533333333333333
6872,status,34,8,0,32,2,0,0,0,0,2017-08-21 01:57:00,2017,8,Monday,0,1.95
6873,video,249,5995,189,219,21,1,1,6,1,2017-08-20 07:54:00,2017,8,Sunday,6,7.9
6874,status,52,4,0,50,1,1,0,0,0,2017-08-20 02:43:00,2017,8,Sunday,6,2.716666666666667
6875,status,23,2,0,23,0,0,0,0,0,2017-08-20 02:04:00,2017,8,Sunday,6,2.066666666666667
6876,photo,30,0,2,29,0,1,0,0,0,2017-08-20 00:35:00,2017,8,Sunday,6,0.5833333333333334
6877,photo,27,3,0,25,0,2,0,0,0,2017-08-19 23:13:00,2017,8,Saturday,5,23.216666666666665
6878,photo,36,0,0,36,0,0,0,0,0,2017-08-19 12:11:00,2017,8,Saturday,5,12.183333333333334
6879,photo,48,0,2,48,0,0,0,0,0,2017-08-19 12:06:00,2017,8,Saturday,5,12.1
6880,video,104,1732,99,92,6,0,4,0,2,2017-08-19 10:05:00,2017,8,Saturday,5,10.083333333333334
6881,photo,37,2,0,36,0,1,0,0,0,2017-08-19 08:59:00,2017,8,Saturday,5,8.983333333333333
6882,photo,47,4,3,43,2,2,0,0,0,2017-08-19 06:52:00,2017,8,Saturday,5,6.866666666666667
6883,video,59,444,23,48,8,0,3,0,0,2017-08-19 02:02:00,2017,8,Saturday,5,2.033333333333333
6884,video,112,1540,90,100,10,0,1,1,0,2017-08-19 01:01:00,2017,8,Saturday,5,1.0166666666666666
6885,video,76,1829,91,69,6,0,0,1,0,2017-08-18 11:34:00,2017,8,Friday,4,11.566666666666666
6886,status,22,2,0,22,0,0,0,0,0,2017-08-18 11:11:00,2017,8,Friday,4,11.183333333333334
6887,video,57,366,13,49,5,0,3,0,0,2017-08-18 09:37:00,2017,8,Friday,4,9.616666666666667
6888,video,114,1431,78,94,11,2,6,1,0,2017-08-18 08:36:00,2017,8,Friday,4,8.6
6889,status,25,0,0,22,0,0,0,3,0,2017-08-18 06:53:00,2017,8,Friday,4,6.883333333333333
6890,photo,88,8,4,82,3,3,0,0,0,2017-08-18 04:25:00,2017,8,Friday,4,4.416666666666667
6891,status,34,0,0,33,1,0,0,0,0,2017-08-17 07:12:00,2017,8,Thursday,3,7.2
6892,video,198,2167,136,170,19,1,5,2,1,2017-08-16 08:59:00,2017,8,Wednesday,2,8.983333333333333
6893,status,23,3,0,22,1,0,0,0,0,2017-08-16 07:44:00,2017,8,Wednesday,2,7.733333333333333
6894,video,247,3529,163,217,17,1,8,4,0,2017-08-16 05:42:00,2017,8,Wednesday,2,5.7
6895,status,43,4,0,40,0,0,3,0,0,2017-08-16 03:57:00,2017,8,Wednesday,2,3.95
6896,photo,18,1,0,17,1,0,0,0,0,2017-08-16 00:16:00,2017,8,Wednesday,2,0.26666666666666666
6897,status,31,9,0,28,0,0,2,1,0,2017-08-15 23:23:00,2017,8,Tuesday,1,23.383333333333333
6898,status,29,7,0,27,0,0,0,2,0,2017-08-15 10:02:00,2017,8,Tuesday,1,10.033333333333333
6899,photo,75,6,1,73,2,0,0,0,0,2017-08-15 08:15:00,2017,8,Tuesday,1,8.25
6900,photo,86,12,1,79,3,4,0,0,0,2017-08-15 02:35:00,2017,8,Tuesday,1,2.5833333333333335
6901,photo,78,36,0,73,0,0,1,0,4,2017-08-14 22:37:00,2017,8,Monday,0,22.616666666666667
6902,status,43,1,2,42,0,1,0,0,0,2017-08-14 17:51:00,2017,8,Monday,0,17.85
6903,status,33,4,0,33,0,0,0,0,0,2017-08-14 10:38:00,2017,8,Monday,0,10.633333333333333
6904,photo,88,14,0,71,0,9,0,7,1,2017-08-13 23:19:00,2017,8,Sunday,6,23.316666666666666
6905,status,31,3,0,30,1,0,0,0,0,2017-08-13 13:29:00,2017,8,Sunday,6,13.483333333333333
6906,video,407,4225,179,318,55,4,26,4,0,2017-08-13 10:47:00,2017,8,Sunday,6,10.783333333333333
6907,video,256,4214,163,216,33,1,2,4,0,2017-08-13 08:31:00,2017,8,Sunday,6,8.516666666666667
6908,photo,49,2,0,49,0,0,0,0,0,2017-08-13 06:54:00,2017,8,Sunday,6,6.9
6909,video,17,0,0,17,0,0,0,0,0,2017-08-13 04:06:00,2017,8,Sunday,6,4.1
6910,video,251,4642,184,211,33,2,2,2,1,2017-08-13 03:34:00,2017,8,Sunday,6,3.5666666666666664
6911,status,19,0,0,18,1,0,0,0,0,2017-08-13 03:10:00,2017,8,Sunday,6,3.1666666666666665
6912,video,264,4615,199,217,42,4,1,0,0,2017-08-13 01:13:00,2017,8,Sunday,6,1.2166666666666668
6913,photo,81,13,1,79,0,2,0,0,0,2017-08-12 22:22:00,2017,8,Saturday,5,22.366666666666667
6914,video,7,0,0,7,0,0,0,0,0,2017-08-12 06:46:00,2017,8,Saturday,5,6.766666666666667
6915,video,205,2635,146,171,29,1,1,1,2,2017-08-12 06:41:00,2017,8,Saturday,5,6.683333333333334
6916,photo,70,3,0,70,0,0,0,0,0,2017-08-12 02:42:00,2017,8,Saturday,5,2.7
6917,status,50,6,0,49,1,0,0,0,0,2017-08-11 23:32:00,2017,8,Friday,4,23.533333333333335
6918,video,123,1078,70,113,8,0,1,1,0,2017-08-11 06:59:00,2017,8,Friday,4,6.983333333333333
6919,video,216,3625,140,179,32,4,1,0,0,2017-08-11 04:18:00,2017,8,Friday,4,4.3
6920,photo,100,9,2,94,3,2,1,0,0,2017-08-11 03:03:00,2017,8,Friday,4,3.05
6921,video,16,0,0,16,0,0,0,0,0,2017-08-09 10:08:00,2017,8,Wednesday,2,10.133333333333333
6922,video,120,2773,89,106,10,1,2,1,0,2017-08-09 10:05:00,2017,8,Wednesday,2,10.083333333333334
6923,video,106,1681,31,81,19,1,1,4,0,2017-08-09 06:09:00,2017,8,Wednesday,2,6.15
6924,video,116,1577,50,98,11,2,4,1,0,2017-08-09 04:44:00,2017,8,Wednesday,2,4.733333333333333
6925,photo,37,1,0,35,2,0,0,0,0,2017-08-08 06:29:00,2017,8,Tuesday,1,6.483333333333333
6926,video,12,0,0,12,0,0,0,0,0,2017-08-07 08:27:00,2017,8,Monday,0,8.45
6927,video,112,1729,91,95,15,0,1,0,1,2017-08-07 08:18:00,2017,8,Monday,0,8.3
6928,photo,70,4,1,68,0,0,2,0,0,2017-08-07 05:17:00,2017,8,Monday,0,5.283333333333333
6929,photo,188,13,8,184,2,2,0,0,0,2017-08-04 00:22:00,2017,8,Friday,4,0.36666666666666664
6930,status,32,2,0,30,2,0,0,0,0,2017-08-03 23:52:00,2017,8,Thursday,3,23.866666666666667
6931,video,4,0,0,4,0,0,0,0,0,2017-08-03 10:07:00,2017,8,Thursday,3,10.116666666666667
6932,video,159,3146,123,139,16,0,1,2,1,2017-08-03 08:31:00,2017,8,Thursday,3,8.516666666666667
6933,photo,63,10,6,63,0,0,0,0,0,2017-08-03 02:44:00,2017,8,Thursday,3,2.7333333333333334
6934,video,99,870,50,78,15,2,4,0,0,2017-08-02 09:15:00,2017,8,Wednesday,2,9.25
6935,video,180,3367,132,157,17,3,3,0,0,2017-08-02 07:42:00,2017,8,Wednesday,2,7.7
6936,photo,25,0,0,23,0,2,0,0,0,2017-08-02 04:07:00,2017,8,Wednesday,2,4.116666666666666
6937,video,173,1773,105,153,17,1,1,1,0,2017-08-01 08:36:00,2017,8,Tuesday,1,8.6
6938,video,4,1,0,4,0,0,0,0,0,2017-07-30 10:38:00,2017,7,Sunday,6,10.633333333333333
6939,video,229,3966,157,200,23,0,5,1,0,2017-07-30 08:37:00,2017,7,Sunday,6,8.616666666666667
6940,photo,53,6,1,50,3,0,0,0,0,2017-07-30 05:51:00,2017,7,Sunday,6,5.85
6941,photo,20,0,0,19,1,0,0,0,0,2017-07-28 07:18:00,2017,7,Friday,4,7.3
6942,photo,32,7,0,32,0,0,0,0,0,2017-07-27 16:28:00,2017,7,Thursday,3,16.466666666666665
6943,status,13,0,0,13,0,0,0,0,0,2017-07-27 10:57:00,2017,7,Thursday,3,10.95
6944,video,178,3683,120,150,23,2,1,2,0,2017-07-27 07:56:00,2017,7,Thursday,3,7.933333333333334
6945,status,25,2,0,24,0,0,1,0,0,2017-07-27 05:46:00,2017,7,Thursday,3,5.766666666666667
6946,photo,60,1,0,58,1,1,0,0,0,2017-07-27 03:08:00,2017,7,Thursday,3,3.1333333333333333
6947,video,142,1348,70,125,13,0,3,1,0,2017-07-25 09:39:00,2017,7,Tuesday,1,9.65
6948,video,17,0,0,17,0,0,0,0,0,2017-07-25 05:05:00,2017,7,Tuesday,1,5.083333333333333
6949,video,175,3863,167,156,15,1,3,0,0,2017-07-25 05:05:00,2017,7,Tuesday,1,5.083333333333333
6950,photo,12,0,0,12,0,0,0,0,0,2017-07-25 03:17:00,2017,7,Tuesday,1,3.283333333333333
6951,photo,7,0,0,7,0,0,0,0,0,2017-07-25 03:16:00,2017,7,Tuesday,1,3.2666666666666666
6952,photo,18,1,0,18,0,0,0,0,0,2017-07-25 02:47:00,2017,7,Tuesday,1,2.783333333333333
6953,photo,29,0,0,28,1,0,0,0,0,2017-07-25 02:32:00,2017,7,Tuesday,1,2.533333333333333
6954,status,15,0,0,15,0,0,0,0,0,2017-07-24 13:08:00,2017,7,Monday,0,13.133333333333333
6955,video,266,5000,153,234,27,2,1,1,1,2017-07-24 08:44:00,2017,7,Monday,0,8.733333333333333
6956,status,32,5,2,31,1,0,0,0,0,2017-07-24 07:43:00,2017,7,Monday,0,7.716666666666667
6957,photo,24,0,1,24,0,0,0,0,0,2017-07-23 06:30:00,2017,7,Sunday,6,6.5
6958,video,96,880,35,85,8,1,0,2,0,2017-07-22 05:20:00,2017,7,Saturday,5,5.333333333333333
6959,video,181,2641,131,154,21,4,2,0,0,2017-07-22 04:11:00,2017,7,Saturday,5,4.183333333333334
6960,photo,90,6,0,87,2,1,0,0,0,2017-07-22 02:25:00,2017,7,Saturday,5,2.4166666666666665
6961,status,37,10,0,37,0,0,0,0,0,2017-07-21 01:18:00,2017,7,Friday,4,1.3
6962,video,127,2303,109,106,19,2,0,0,0,2017-07-20 10:50:00,2017,7,Thursday,3,10.833333333333334
6963,status,27,8,0,27,0,0,0,0,0,2017-07-20 09:31:00,2017,7,Thursday,3,9.516666666666667
6964,video,211,4487,135,186,22,1,0,1,1,2017-07-18 10:10:00,2017,7,Tuesday,1,10.166666666666666
6965,photo,51,8,1,43,1,1,6,0,0,2017-07-18 09:02:00,2017,7,Tuesday,1,9.033333333333333
6966,status,21,2,2,21,0,0,0,0,0,2017-07-18 06:27:00,2017,7,Tuesday,1,6.45
6967,photo,17,0,1,16,1,0,0,0,0,2017-07-18 06:16:00,2017,7,Tuesday,1,6.266666666666667
6968,photo,22,1,2,22,0,0,0,0,0,2017-07-18 05:57:00,2017,7,Tuesday,1,5.95
6969,photo,13,0,0,13,0,0,0,0,0,2017-07-18 05:53:00,2017,7,Tuesday,1,5.883333333333333
6970,status,13,0,0,12,1,0,0,0,0,2017-07-18 03:41:00,2017,7,Tuesday,1,3.6833333333333336
6971,photo,14,0,0,14,0,0,0,0,0,2017-07-18 02:23:00,2017,7,Tuesday,1,2.3833333333333333
6972,photo,7,0,1,7,0,0,0,0,0,2017-07-18 02:22:00,2017,7,Tuesday,1,2.3666666666666667
6973,video,11,1,0,10,1,0,0,0,0,2017-07-17 09:53:00,2017,7,Monday,0,9.883333333333333
6974,video,300,5404,219,245,44,1,7,2,1,2017-07-17 08:01:00,2017,7,Monday,0,8.016666666666667
6975,photo,61,4,1,61,0,0,0,0,0,2017-07-17 07:06:00,2017,7,Monday,0,7.1
6976,photo,43,2,0,39,2,2,0,0,0,2017-07-16 06:23:00,2017,7,Sunday,6,6.383333333333334
6977,video,253,4432,167,209,29,5,5,5,0,2017-07-15 10:52:00,2017,7,Saturday,5,10.866666666666667
6978,video,324,4472,232,278,33,5,5,3,0,2017-07-15 04:42:00,2017,7,Saturday,5,4.7
6979,photo,174,0,12,174,0,0,0,0,0,2017-07-15 01:33:00,2017,7,Saturday,5,1.55
6980,photo,132,9,1,132,0,0,0,0,0,2017-07-12 03:11:00,2017,7,Wednesday,2,3.183333333333333
6981,photo,4,0,0,4,0,0,0,0,0,2017-07-08 11:00:00,2017,7,Saturday,5,11.0
6982,photo,0,0,0,0,0,0,0,0,0,2017-05-19 04:41:00,2017,5,Friday,4,4.683333333333334
6983,status,6,0,0,6,0,0,0,0,0,2017-05-10 21:17:00,2017,5,Wednesday,2,21.283333333333335
6984,status,8,0,0,8,0,0,0,0,0,2017-05-02 02:13:00,2017,5,Tuesday,1,2.216666666666667
6985,photo,164,60,12,160,3,1,0,0,0,2017-05-01 05:45:00,2017,5,Monday,0,5.75
6986,photo,2,0,0,2,0,0,0,0,0,2017-04-22 23:42:00,2017,4,Saturday,5,23.7
6987,status,239,2,4,238,1,0,0,0,0,2017-03-27 01:49:00,2017,3,Monday,0,1.8166666666666667
6988,photo,5,0,0,5,0,0,0,0,0,2017-03-20 12:10:00,2017,3,Monday,0,12.166666666666666
6989,status,9,0,0,8,1,0,0,0,0,2017-03-13 09:29:00,2017,3,Monday,0,9.483333333333333
6990,photo,154,43,6,147,4,3,0,0,0,2017-03-12 08:58:00,2017,3,Sunday,6,8.966666666666667
6991,status,6,0,1,6,0,0,0,0,0,2017-03-05 13:41:00,2017,3,Sunday,6,13.683333333333334
6992,video,36,240,20,33,2,1,0,0,0,2017-03-03 09:39:00,2017,3,Friday,4,9.65
6993,photo,9,0,2,6,2,0,1,0,0,2017-03-01 01:13:00,2017,3,Wednesday,2,1.2166666666666668
6994,photo,129,4,4,126,1,1,1,0,0,2017-02-22 03:11:00,2017,2,Wednesday,2,3.183333333333333
6995,photo,685,1,7,678,5,1,1,0,0,2017-02-11 11:40:00,2017,2,Saturday,5,11.666666666666666
6996,photo,207,10,3,202,0,4,1,0,0,2017-02-09 04:33:00,2017,2,Thursday,3,4.55
6997,photo,43,4,5,39,2,1,1,0,0,2017-02-08 10:23:00,2017,2,Wednesday,2,10.383333333333333
6998,photo,9,0,2,7,0,1,1,0,0,2017-02-07 11:00:00,2017,2,Tuesday,1,11.0
6999,photo,203,0,4,200,1,1,1,0,0,2017-01-31 11:26:00,2017,1,Tuesday,1,11.433333333333334
7000,photo,266,7,3,265,1,0,0,0,0,2017-01-21 23:18:00,2017,1,Saturday,5,23.3
7001,photo,973,45,63,953,13,6,1,0,0,2017-01-09 10:11:00,2017,1,Monday,0,10.183333333333334
7002,photo,15,0,1,11,2,1,1,0,0,2017-01-06 04:50:00,2017,1,Friday,4,4.833333333333333
7003,photo,185,6,0,181,2,2,0,0,0,2016-12-26 05:26:00,2016,12,Monday,0,5.433333333333334
7004,photo,281,6,4,277,2,1,1,0,0,2016-12-24 14:16:00,2016,12,Saturday,5,14.266666666666667
7005,photo,63,1,1,63,0,0,0,0,0,2016-12-20 03:31:00,2016,12,Tuesday,1,3.5166666666666666
7006,photo,110,0,2,110,0,0,0,0,0,2016-12-16 04:33:00,2016,12,Friday,4,4.55
7007,photo,293,4,13,288,5,0,0,0,0,2016-12-05 00:21:00,2016,12,Monday,0,0.35
7008,photo,105,3,4,105,0,0,0,0,0,2016-11-26 10:06:00,2016,11,Saturday,5,10.1
7009,photo,117,5,1,117,0,0,0,0,0,2016-11-20 06:34:00,2016,11,Sunday,6,6.566666666666666
7010,photo,9,4,0,9,0,0,0,0,0,2016-11-17 05:31:00,2016,11,Thursday,3,5.516666666666667
7011,photo,426,27,21,404,1,0,21,0,0,2016-11-16 06:55:00,2016,11,Wednesday,2,6.916666666666667
7012,photo,42,0,3,42,0,0,0,0,0,2016-11-14 11:56:00,2016,11,Monday,0,11.933333333333334
7013,photo,6,1,0,6,0,0,0,0,0,2016-11-13 01:31:00,2016,11,Sunday,6,1.5166666666666666
7014,photo,308,35,36,304,3,0,1,0,0,2016-11-12 05:36:00,2016,11,Saturday,5,5.6
7015,status,63,0,1,62,1,0,0,0,0,2016-11-11 20:46:00,2016,11,Friday,4,20.766666666666666
7016,status,5,0,0,5,0,0,0,0,0,2016-11-05 02:16:00,2016,11,Saturday,5,2.2666666666666666
7017,photo,211,9,10,211,0,0,0,0,0,2016-11-04 00:31:00,2016,11,Friday,4,0.5166666666666667
7018,photo,23,0,0,23,0,0,0,0,0,2016-11-01 01:13:00,2016,11,Tuesday,1,1.2166666666666668
7019,photo,239,9,3,235,2,2,0,0,0,2016-10-31 00:53:00,2016,10,Monday,0,0.8833333333333333
7020,photo,256,24,10,256,0,0,0,0,0,2016-10-26 04:03:00,2016,10,Wednesday,2,4.05
7021,photo,69,1,3,69,0,0,0,0,0,2016-10-24 02:36:00,2016,10,Monday,0,2.6
7022,photo,9,0,0,9,0,0,0,0,0,2016-10-23 01:43:00,2016,10,Sunday,6,1.7166666666666668
7023,photo,230,23,14,222,8,0,0,0,0,2016-10-22 01:57:00,2016,10,Saturday,5,1.95
7024,photo,12,0,0,12,0,0,0,0,0,2016-10-20 06:05:00,2016,10,Thursday,3,6.083333333333333
7025,photo,11,1,6,11,0,0,0,0,0,2016-10-17 22:05:00,2016,10,Monday,0,22.083333333333332
7026,photo,9,0,0,9,0,0,0,0,0,2016-10-15 04:05:00,2016,10,Saturday,5,4.083333333333333
7027,photo,10,0,0,10,0,0,0,0,0,2016-10-13 06:54:00,2016,10,Thursday,3,6.9
7028,photo,2,0,0,2,0,0,0,0,0,2016-10-13 02:25:00,2016,10,Thursday,3,2.4166666666666665
7029,photo,11,0,2,11,0,0,0,0,0,2016-10-13 00:25:00,2016,10,Thursday,3,0.4166666666666667
7030,photo,91,2,2,91,0,0,0,0,0,2016-10-12 22:16:00,2016,10,Wednesday,2,22.266666666666666
7031,photo,50,0,0,50,0,0,0,0,0,2016-10-11 05:53:00,2016,10,Tuesday,1,5.883333333333333
7032,photo,10,1,0,10,0,0,0,0,0,2016-10-10 11:31:00,2016,10,Monday,0,11.516666666666667
7033,photo,8,0,0,8,0,0,0,0,0,2016-10-10 01:18:00,2016,10,Monday,0,1.3
7034,video,6,0,0,6,0,0,0,0,0,2016-10-10 01:07:00,2016,10,Monday,0,1.1166666666666667
7035,photo,10,0,0,10,0,0,0,0,0,2016-10-09 08:36:00,2016,10,Sunday,6,8.6
7036,photo,236,0,5,235,0,1,0,0,0,2016-10-08 02:33:00,2016,10,Saturday,5,2.55
7037,photo,15,0,1,14,1,0,0,0,0,2016-10-04 01:49:00,2016,10,Tuesday,1,1.8166666666666667
7038,photo,1,0,0,1,0,0,0,0,0,2016-10-01 01:17:00,2016,10,Saturday,5,1.2833333333333332
7039,photo,7,0,0,7,0,0,0,0,0,2016-09-26 05:48:00,2016,9,Monday,0,5.8
7040,photo,93,26,34,90,3,0,0,0,0,2016-09-25 13:29:00,2016,9,Sunday,6,13.483333333333333
7041,photo,9,0,0,7,2,0,0,0,0,2016-09-24 08:15:00,2016,9,Saturday,5,8.25
7042,photo,4,0,0,4,0,0,0,0,0,2016-09-24 06:07:00,2016,9,Saturday,5,6.116666666666666
7043,photo,196,2,3,195,1,0,0,0,0,2016-09-24 05:07:00,2016,9,Saturday,5,5.116666666666666
7044,photo,86,0,0,86,0,0,0,0,0,2016-09-24 04:37:00,2016,9,Saturday,5,4.616666666666667
7045,photo,89,0,0,89,0,0,0,0,0,2016-09-24 02:58:00,2016,9,Saturday,5,2.966666666666667
7046,photo,16,0,0,14,1,0,1,0,0,2016-09-23 11:19:00,2016,9,Friday,4,11.316666666666666
7047,photo,2,0,0,1,1,0,0,0,0,2016-09-21 23:03:00,2016,9,Wednesday,2,23.05
7048,photo,351,12,22,349,2,0,0,0,0,2016-09-20 00:43:00,2016,9,Tuesday,1,0.7166666666666667
7049,photo,17,0,0,17,0,0,0,0,0,2016-09-10 10:30:00,2016,9,Saturday,5,10.5
